2025-03-31T14:29:11.109+0700 [DEBUG] [org.gradle.launcher.daemon.bootstrap.DaemonMain] Assuming the daemon was started with following jvm opts: [--add-opens=java.base/java.util=ALL-UNNAMED, --add-opens=java.base/java.lang=ALL-UNNAMED, --add-opens=java.base/java.lang.invoke=ALL-UNNAMED, --add-opens=java.prefs/java.util.prefs=ALL-UNNAMED, --add-exports=jdk.compiler/com.sun.tools.javac.api=ALL-UNNAMED, --add-exports=jdk.compiler/com.sun.tools.javac.util=ALL-UNNAMED, --add-opens=java.base/java.nio.charset=ALL-UNNAMED, --add-opens=java.base/java.net=ALL-UNNAMED, --add-opens=java.base/java.util.concurrent.atomic=ALL-UNNAMED, -Xmx2048m, -Dfile.encoding=UTF-8, -Duser.country=US, -Duser.language=en, -Duser.variant]
2025-03-31T14:29:11.310+0700 [DEBUG] [org.gradle.internal.nativeintegration.services.NativeServices] Native-platform posix files integration is not available. Continuing with fallback.
2025-03-31T14:29:11.351+0700 [INFO] [org.gradle.launcher.daemon.server.Daemon] start() called on daemon - DefaultDaemonContext[uid=22b66b4b-6c8e-40f2-8527-532d682a827d,javaHome=C:\Program Files\Android\Android Studio\jbr,javaVersion=21,javaVendor=JetBrains s.r.o.,daemonRegistryDir=C:\Users\Administrator\AndroidStudioProjects\PrescriptionManagementApp\daemon,pid=5332,idleTimeout=10800000,priority=NORMAL,applyInstrumentationAgent=true,nativeServicesMode=ENABLED,daemonOpts=--add-opens=java.base/java.util=ALL-UNNAMED,--add-opens=java.base/java.lang=ALL-UNNAMED,--add-opens=java.base/java.lang.invoke=ALL-UNNAMED,--add-opens=java.prefs/java.util.prefs=ALL-UNNAMED,--add-exports=jdk.compiler/com.sun.tools.javac.api=ALL-UNNAMED,--add-exports=jdk.compiler/com.sun.tools.javac.util=ALL-UNNAMED,--add-opens=java.base/java.nio.charset=ALL-UNNAMED,--add-opens=java.base/java.net=ALL-UNNAMED,--add-opens=java.base/java.util.concurrent.atomic=ALL-UNNAMED,-Xmx2048m,-Dfile.encoding=UTF-8,-Duser.country=US,-Duser.language=en,-Duser.variant]
2025-03-31T14:29:11.420+0700 [DEBUG] [org.gradle.internal.remote.internal.inet.InetAddresses] Adding IP addresses for network interface Realtek PCIe GbE Family Controller-WFP Native MAC Layer LightWeight Filter-0000
2025-03-31T14:29:11.420+0700 [DEBUG] [org.gradle.internal.remote.internal.inet.InetAddresses] Is this a loopback interface? false
2025-03-31T14:29:11.421+0700 [DEBUG] [org.gradle.internal.remote.internal.inet.InetAddresses] Adding IP addresses for network interface Realtek PCIe GbE Family Controller-QoS Packet Scheduler-0000
2025-03-31T14:29:11.421+0700 [DEBUG] [org.gradle.internal.remote.internal.inet.InetAddresses] Is this a loopback interface? false
2025-03-31T14:29:11.422+0700 [DEBUG] [org.gradle.internal.remote.internal.inet.InetAddresses] Adding IP addresses for network interface Realtek PCIe GbE Family Controller-WFP 802.3 MAC Layer LightWeight Filter-0000
2025-03-31T14:29:11.422+0700 [DEBUG] [org.gradle.internal.remote.internal.inet.InetAddresses] Is this a loopback interface? false
2025-03-31T14:29:11.422+0700 [DEBUG] [org.gradle.internal.remote.internal.inet.InetAddresses] Adding IP addresses for network interface WAN Miniport (IP)-WFP Native MAC Layer LightWeight Filter-0000
2025-03-31T14:29:11.423+0700 [DEBUG] [org.gradle.internal.remote.internal.inet.InetAddresses] Is this a loopback interface? false
2025-03-31T14:29:11.423+0700 [DEBUG] [org.gradle.internal.remote.internal.inet.InetAddresses] Adding IP addresses for network interface WAN Miniport (IP)-QoS Packet Scheduler-0000
2025-03-31T14:29:11.424+0700 [DEBUG] [org.gradle.internal.remote.internal.inet.InetAddresses] Is this a loopback interface? false
2025-03-31T14:29:11.424+0700 [DEBUG] [org.gradle.internal.remote.internal.inet.InetAddresses] Adding IP addresses for network interface WAN Miniport (IPv6)-WFP Native MAC Layer LightWeight Filter-0000
2025-03-31T14:29:11.425+0700 [DEBUG] [org.gradle.internal.remote.internal.inet.InetAddresses] Is this a loopback interface? false
2025-03-31T14:29:11.425+0700 [DEBUG] [org.gradle.internal.remote.internal.inet.InetAddresses] Adding IP addresses for network interface WAN Miniport (IPv6)-QoS Packet Scheduler-0000
2025-03-31T14:29:11.425+0700 [DEBUG] [org.gradle.internal.remote.internal.inet.InetAddresses] Is this a loopback interface? false
2025-03-31T14:29:11.426+0700 [DEBUG] [org.gradle.internal.remote.internal.inet.InetAddresses] Adding IP addresses for network interface WAN Miniport (Network Monitor)-WFP Native MAC Layer LightWeight Filter-0000
2025-03-31T14:29:11.426+0700 [DEBUG] [org.gradle.internal.remote.internal.inet.InetAddresses] Is this a loopback interface? false
2025-03-31T14:29:11.426+0700 [DEBUG] [org.gradle.internal.remote.internal.inet.InetAddresses] Adding IP addresses for network interface WAN Miniport (Network Monitor)-QoS Packet Scheduler-0000
2025-03-31T14:29:11.426+0700 [DEBUG] [org.gradle.internal.remote.internal.inet.InetAddresses] Is this a loopback interface? false
2025-03-31T14:29:11.427+0700 [DEBUG] [org.gradle.internal.remote.internal.inet.InetAddresses] Adding IP addresses for network interface Hyper-V Virtual Switch Extension Adapter-Hyper-V Virtual Switch Extension Filter-0000
2025-03-31T14:29:11.427+0700 [DEBUG] [org.gradle.internal.remote.internal.inet.InetAddresses] Is this a loopback interface? false
2025-03-31T14:29:11.427+0700 [DEBUG] [org.gradle.internal.remote.internal.inet.InetAddresses] Adding IP addresses for network interface Hyper-V Virtual Switch Extension Adapter-Virtual Filtering Platform VMSwitch Extension-0000
2025-03-31T14:29:11.428+0700 [DEBUG] [org.gradle.internal.remote.internal.inet.InetAddresses] Is this a loopback interface? false
2025-03-31T14:29:11.428+0700 [DEBUG] [org.gradle.internal.remote.internal.inet.InetAddresses] Adding IP addresses for network interface Hyper-V Virtual Ethernet Adapter-WFP Native MAC Layer LightWeight Filter-0000
2025-03-31T14:29:11.428+0700 [DEBUG] [org.gradle.internal.remote.internal.inet.InetAddresses] Is this a loopback interface? false
2025-03-31T14:29:11.429+0700 [DEBUG] [org.gradle.internal.remote.internal.inet.InetAddresses] Adding IP addresses for network interface Hyper-V Virtual Ethernet Adapter-QoS Packet Scheduler-0000
2025-03-31T14:29:11.429+0700 [DEBUG] [org.gradle.internal.remote.internal.inet.InetAddresses] Is this a loopback interface? false
2025-03-31T14:29:11.429+0700 [DEBUG] [org.gradle.internal.remote.internal.inet.InetAddresses] Adding IP addresses for network interface Hyper-V Virtual Ethernet Adapter-WFP 802.3 MAC Layer LightWeight Filter-0000
2025-03-31T14:29:11.430+0700 [DEBUG] [org.gradle.internal.remote.internal.inet.InetAddresses] Is this a loopback interface? false
2025-03-31T14:29:11.430+0700 [DEBUG] [org.gradle.internal.remote.internal.inet.InetAddresses] Adding IP addresses for network interface Microsoft Kernel Debug Network Adapter
2025-03-31T14:29:11.431+0700 [DEBUG] [org.gradle.internal.remote.internal.inet.InetAddresses] Is this a loopback interface? false
2025-03-31T14:29:11.431+0700 [DEBUG] [org.gradle.internal.remote.internal.inet.InetAddresses] Adding IP addresses for network interface Intel(R) 82574L Gigabit Network Connection
2025-03-31T14:29:11.431+0700 [DEBUG] [org.gradle.internal.remote.internal.inet.InetAddresses] Is this a loopback interface? false
2025-03-31T14:29:11.431+0700 [DEBUG] [org.gradle.internal.remote.internal.inet.InetAddresses] Adding IP addresses for network interface WAN Miniport (IP)
2025-03-31T14:29:11.431+0700 [DEBUG] [org.gradle.internal.remote.internal.inet.InetAddresses] Is this a loopback interface? false
2025-03-31T14:29:11.432+0700 [DEBUG] [org.gradle.internal.remote.internal.inet.InetAddresses] Adding IP addresses for network interface WAN Miniport (IPv6)
2025-03-31T14:29:11.432+0700 [DEBUG] [org.gradle.internal.remote.internal.inet.InetAddresses] Is this a loopback interface? false
2025-03-31T14:29:11.433+0700 [DEBUG] [org.gradle.internal.remote.internal.inet.InetAddresses] Adding IP addresses for network interface WAN Miniport (Network Monitor)
2025-03-31T14:29:11.433+0700 [DEBUG] [org.gradle.internal.remote.internal.inet.InetAddresses] Is this a loopback interface? false
2025-03-31T14:29:11.433+0700 [DEBUG] [org.gradle.internal.remote.internal.inet.InetAddresses] Adding IP addresses for network interface Realtek PCIe GbE Family Controller
2025-03-31T14:29:11.434+0700 [DEBUG] [org.gradle.internal.remote.internal.inet.InetAddresses] Is this a loopback interface? false
2025-03-31T14:29:11.434+0700 [DEBUG] [org.gradle.internal.remote.internal.inet.InetAddresses] Adding remote address /fe80:0:0:0:31a7:5673:b523:bd11%ethernet_32773
2025-03-31T14:29:11.434+0700 [DEBUG] [org.gradle.internal.remote.internal.inet.InetAddresses] Adding remote address /2405:4802:4b0:8560:ffff:ffff:ffff:ffb1
2025-03-31T14:29:11.435+0700 [DEBUG] [org.gradle.internal.remote.internal.inet.InetAddresses] Adding remote address /2405:4802:4b0:8560:1dd4:c257:9444:39f0
2025-03-31T14:29:11.435+0700 [DEBUG] [org.gradle.internal.remote.internal.inet.InetAddresses] Adding remote address /2405:4802:4b0:8560:971:af19:412e:97d7
2025-03-31T14:29:11.436+0700 [DEBUG] [org.gradle.internal.remote.internal.inet.InetAddresses] Adding remote address /192.168.1.71
2025-03-31T14:29:11.436+0700 [DEBUG] [org.gradle.internal.remote.internal.inet.InetAddresses] Adding IP addresses for network interface Bluetooth Device (Personal Area Network)
2025-03-31T14:29:11.437+0700 [DEBUG] [org.gradle.internal.remote.internal.inet.InetAddresses] Is this a loopback interface? false
2025-03-31T14:29:11.437+0700 [DEBUG] [org.gradle.internal.remote.internal.inet.InetAddresses] Adding remote address /fe80:0:0:0:5b3b:13b2:27ae:559%ethernet_32774
2025-03-31T14:29:11.437+0700 [DEBUG] [org.gradle.internal.remote.internal.inet.InetAddresses] Adding IP addresses for network interface Hyper-V Virtual Switch Extension Adapter
2025-03-31T14:29:11.437+0700 [DEBUG] [org.gradle.internal.remote.internal.inet.InetAddresses] Is this a loopback interface? false
2025-03-31T14:29:11.438+0700 [DEBUG] [org.gradle.internal.remote.internal.inet.InetAddresses] Adding IP addresses for network interface Hyper-V Virtual Ethernet Adapter
2025-03-31T14:29:11.438+0700 [DEBUG] [org.gradle.internal.remote.internal.inet.InetAddresses] Is this a loopback interface? false
2025-03-31T14:29:11.438+0700 [DEBUG] [org.gradle.internal.remote.internal.inet.InetAddresses] Adding remote address /fe80:0:0:0:acde:e10f:1356:2292%ethernet_32776
2025-03-31T14:29:11.439+0700 [DEBUG] [org.gradle.internal.remote.internal.inet.InetAddresses] Adding remote address /172.20.112.1
2025-03-31T14:29:11.439+0700 [DEBUG] [org.gradle.internal.remote.internal.inet.InetAddresses] Adding IP addresses for network interface WAN Miniport (PPPOE)
2025-03-31T14:29:11.440+0700 [DEBUG] [org.gradle.internal.remote.internal.inet.InetAddresses] Is this a loopback interface? false
2025-03-31T14:29:11.440+0700 [DEBUG] [org.gradle.internal.remote.internal.inet.InetAddresses] Adding IP addresses for network interface RAS Async Adapter
2025-03-31T14:29:11.440+0700 [DEBUG] [org.gradle.internal.remote.internal.inet.InetAddresses] Is this a loopback interface? false
2025-03-31T14:29:11.440+0700 [DEBUG] [org.gradle.internal.remote.internal.inet.InetAddresses] Adding IP addresses for network interface Software Loopback Interface 1
2025-03-31T14:29:11.441+0700 [DEBUG] [org.gradle.internal.remote.internal.inet.InetAddresses] Is this a loopback interface? true
2025-03-31T14:29:11.441+0700 [DEBUG] [org.gradle.internal.remote.internal.inet.InetAddresses] Adding loopback address /0:0:0:0:0:0:0:1
2025-03-31T14:29:11.442+0700 [DEBUG] [org.gradle.internal.remote.internal.inet.InetAddresses] Adding loopback address /127.0.0.1
2025-03-31T14:29:11.442+0700 [DEBUG] [org.gradle.internal.remote.internal.inet.InetAddresses] Adding IP addresses for network interface Intel(R) Wi-Fi 6 AX200 160MHz-WFP Native MAC Layer LightWeight Filter-0000
2025-03-31T14:29:11.442+0700 [DEBUG] [org.gradle.internal.remote.internal.inet.InetAddresses] Is this a loopback interface? false
2025-03-31T14:29:11.443+0700 [DEBUG] [org.gradle.internal.remote.internal.inet.InetAddresses] Adding IP addresses for network interface Intel(R) Wi-Fi 6 AX200 160MHz-Virtual WiFi Filter Driver-0000
2025-03-31T14:29:11.443+0700 [DEBUG] [org.gradle.internal.remote.internal.inet.InetAddresses] Is this a loopback interface? false
2025-03-31T14:29:11.444+0700 [DEBUG] [org.gradle.internal.remote.internal.inet.InetAddresses] Adding IP addresses for network interface Intel(R) Wi-Fi 6 AX200 160MHz-Native WiFi Filter Driver-0000
2025-03-31T14:29:11.445+0700 [DEBUG] [org.gradle.internal.remote.internal.inet.InetAddresses] Is this a loopback interface? false
2025-03-31T14:29:11.445+0700 [DEBUG] [org.gradle.internal.remote.internal.inet.InetAddresses] Adding IP addresses for network interface Intel(R) Wi-Fi 6 AX200 160MHz-QoS Packet Scheduler-0000
2025-03-31T14:29:11.446+0700 [DEBUG] [org.gradle.internal.remote.internal.inet.InetAddresses] Is this a loopback interface? false
2025-03-31T14:29:11.446+0700 [DEBUG] [org.gradle.internal.remote.internal.inet.InetAddresses] Adding IP addresses for network interface Intel(R) Wi-Fi 6 AX200 160MHz-WFP 802.3 MAC Layer LightWeight Filter-0000
2025-03-31T14:29:11.446+0700 [DEBUG] [org.gradle.internal.remote.internal.inet.InetAddresses] Is this a loopback interface? false
2025-03-31T14:29:11.447+0700 [DEBUG] [org.gradle.internal.remote.internal.inet.InetAddresses] Adding IP addresses for network interface Microsoft Wi-Fi Direct Virtual Adapter-WFP Native MAC Layer LightWeight Filter-0000
2025-03-31T14:29:11.447+0700 [DEBUG] [org.gradle.internal.remote.internal.inet.InetAddresses] Is this a loopback interface? false
2025-03-31T14:29:11.448+0700 [DEBUG] [org.gradle.internal.remote.internal.inet.InetAddresses] Adding IP addresses for network interface Microsoft Wi-Fi Direct Virtual Adapter-Native WiFi Filter Driver-0000
2025-03-31T14:29:11.449+0700 [DEBUG] [org.gradle.internal.remote.internal.inet.InetAddresses] Is this a loopback interface? false
2025-03-31T14:29:11.449+0700 [DEBUG] [org.gradle.internal.remote.internal.inet.InetAddresses] Adding IP addresses for network interface Microsoft Wi-Fi Direct Virtual Adapter-QoS Packet Scheduler-0000
2025-03-31T14:29:11.449+0700 [DEBUG] [org.gradle.internal.remote.internal.inet.InetAddresses] Is this a loopback interface? false
2025-03-31T14:29:11.450+0700 [DEBUG] [org.gradle.internal.remote.internal.inet.InetAddresses] Adding IP addresses for network interface Microsoft Wi-Fi Direct Virtual Adapter-WFP 802.3 MAC Layer LightWeight Filter-0000
2025-03-31T14:29:11.451+0700 [DEBUG] [org.gradle.internal.remote.internal.inet.InetAddresses] Is this a loopback interface? false
2025-03-31T14:29:11.451+0700 [DEBUG] [org.gradle.internal.remote.internal.inet.InetAddresses] Adding IP addresses for network interface Microsoft Wi-Fi Direct Virtual Adapter #2-WFP Native MAC Layer LightWeight Filter-0000
2025-03-31T14:29:11.451+0700 [DEBUG] [org.gradle.internal.remote.internal.inet.InetAddresses] Is this a loopback interface? false
2025-03-31T14:29:11.452+0700 [DEBUG] [org.gradle.internal.remote.internal.inet.InetAddresses] Adding IP addresses for network interface Microsoft Wi-Fi Direct Virtual Adapter #2-Native WiFi Filter Driver-0000
2025-03-31T14:29:11.453+0700 [DEBUG] [org.gradle.internal.remote.internal.inet.InetAddresses] Is this a loopback interface? false
2025-03-31T14:29:11.453+0700 [DEBUG] [org.gradle.internal.remote.internal.inet.InetAddresses] Adding IP addresses for network interface Microsoft Wi-Fi Direct Virtual Adapter #2-QoS Packet Scheduler-0000
2025-03-31T14:29:11.454+0700 [DEBUG] [org.gradle.internal.remote.internal.inet.InetAddresses] Is this a loopback interface? false
2025-03-31T14:29:11.454+0700 [DEBUG] [org.gradle.internal.remote.internal.inet.InetAddresses] Adding IP addresses for network interface Microsoft Wi-Fi Direct Virtual Adapter #2-WFP 802.3 MAC Layer LightWeight Filter-0000
2025-03-31T14:29:11.455+0700 [DEBUG] [org.gradle.internal.remote.internal.inet.InetAddresses] Is this a loopback interface? false
2025-03-31T14:29:11.456+0700 [DEBUG] [org.gradle.internal.remote.internal.inet.InetAddresses] Adding IP addresses for network interface Intel(R) Wi-Fi 6 AX200 160MHz
2025-03-31T14:29:11.457+0700 [DEBUG] [org.gradle.internal.remote.internal.inet.InetAddresses] Is this a loopback interface? false
2025-03-31T14:29:11.458+0700 [DEBUG] [org.gradle.internal.remote.internal.inet.InetAddresses] Adding remote address /fe80:0:0:0:d556:332:3c3f:ddc5%wireless_32768
2025-03-31T14:29:11.459+0700 [DEBUG] [org.gradle.internal.remote.internal.inet.InetAddresses] Adding remote address /2405:4802:4b0:8560:60a6:bbfc:4b09:2ba6
2025-03-31T14:29:11.459+0700 [DEBUG] [org.gradle.internal.remote.internal.inet.InetAddresses] Adding remote address /2405:4802:4b0:8560:5b83:2248:ce10:9299
2025-03-31T14:29:11.459+0700 [DEBUG] [org.gradle.internal.remote.internal.inet.InetAddresses] Adding remote address /192.168.1.95
2025-03-31T14:29:11.460+0700 [DEBUG] [org.gradle.internal.remote.internal.inet.InetAddresses] Adding IP addresses for network interface Microsoft Wi-Fi Direct Virtual Adapter
2025-03-31T14:29:11.461+0700 [DEBUG] [org.gradle.internal.remote.internal.inet.InetAddresses] Is this a loopback interface? false
2025-03-31T14:29:11.461+0700 [DEBUG] [org.gradle.internal.remote.internal.inet.InetAddresses] Adding remote address /fe80:0:0:0:f88b:95ca:2924:519d%wireless_32769
2025-03-31T14:29:11.461+0700 [DEBUG] [org.gradle.internal.remote.internal.inet.InetAddresses] Adding IP addresses for network interface Microsoft Wi-Fi Direct Virtual Adapter #2
2025-03-31T14:29:11.462+0700 [DEBUG] [org.gradle.internal.remote.internal.inet.InetAddresses] Is this a loopback interface? false
2025-03-31T14:29:11.463+0700 [DEBUG] [org.gradle.internal.remote.internal.inet.InetAddresses] Adding remote address /fe80:0:0:0:c381:97d7:a45c:6d6f%wireless_32770
2025-03-31T14:29:11.465+0700 [DEBUG] [org.gradle.internal.remote.internal.inet.InetAddresses] Adding IP addresses for network interface Microsoft Teredo Tunneling Adapter
2025-03-31T14:29:11.465+0700 [DEBUG] [org.gradle.internal.remote.internal.inet.InetAddresses] Is this a loopback interface? false
2025-03-31T14:29:11.465+0700 [DEBUG] [org.gradle.internal.remote.internal.inet.InetAddresses] Adding IP addresses for network interface Microsoft IP-HTTPS Platform Adapter
2025-03-31T14:29:11.466+0700 [DEBUG] [org.gradle.internal.remote.internal.inet.InetAddresses] Is this a loopback interface? false
2025-03-31T14:29:11.467+0700 [DEBUG] [org.gradle.internal.remote.internal.inet.InetAddresses] Adding IP addresses for network interface Microsoft 6to4 Adapter
2025-03-31T14:29:11.467+0700 [DEBUG] [org.gradle.internal.remote.internal.inet.InetAddresses] Is this a loopback interface? false
2025-03-31T14:29:11.468+0700 [DEBUG] [org.gradle.internal.remote.internal.inet.InetAddresses] Adding IP addresses for network interface WAN Miniport (SSTP)
2025-03-31T14:29:11.469+0700 [DEBUG] [org.gradle.internal.remote.internal.inet.InetAddresses] Is this a loopback interface? false
2025-03-31T14:29:11.469+0700 [DEBUG] [org.gradle.internal.remote.internal.inet.InetAddresses] Adding IP addresses for network interface WAN Miniport (IKEv2)
2025-03-31T14:29:11.470+0700 [DEBUG] [org.gradle.internal.remote.internal.inet.InetAddresses] Is this a loopback interface? false
2025-03-31T14:29:11.470+0700 [DEBUG] [org.gradle.internal.remote.internal.inet.InetAddresses] Adding IP addresses for network interface WAN Miniport (L2TP)
2025-03-31T14:29:11.470+0700 [DEBUG] [org.gradle.internal.remote.internal.inet.InetAddresses] Is this a loopback interface? false
2025-03-31T14:29:11.471+0700 [DEBUG] [org.gradle.internal.remote.internal.inet.InetAddresses] Adding IP addresses for network interface WAN Miniport (PPTP)
2025-03-31T14:29:11.471+0700 [DEBUG] [org.gradle.internal.remote.internal.inet.InetAddresses] Is this a loopback interface? false
2025-03-31T14:29:11.476+0700 [DEBUG] [org.gradle.internal.remote.internal.inet.TcpIncomingConnector] Listening on [89355165-53aa-4cdd-8d6e-dd9456d8bfd5 port:57449, addresses:[localhost/127.0.0.1]].
2025-03-31T14:29:11.507+0700 [DEBUG] [org.gradle.launcher.daemon.server.Daemon] Daemon starting at: Mon Mar 31 14:29:11 ICT 2025, with address: [89355165-53aa-4cdd-8d6e-dd9456d8bfd5 port:57449, addresses:[localhost/127.0.0.1]]
2025-03-31T14:29:11.508+0700 [INFO] [org.gradle.launcher.daemon.server.DaemonRegistryUpdater] Advertising the daemon address to the clients: [89355165-53aa-4cdd-8d6e-dd9456d8bfd5 port:57449, addresses:[localhost/127.0.0.1]]
2025-03-31T14:29:11.508+0700 [DEBUG] [org.gradle.launcher.daemon.server.DaemonRegistryUpdater] Advertised daemon context: DefaultDaemonContext[uid=22b66b4b-6c8e-40f2-8527-532d682a827d,javaHome=C:\Program Files\Android\Android Studio\jbr,javaVersion=21,javaVendor=JetBrains s.r.o.,daemonRegistryDir=C:\Users\Administrator\AndroidStudioProjects\PrescriptionManagementApp\daemon,pid=5332,idleTimeout=10800000,priority=NORMAL,applyInstrumentationAgent=true,nativeServicesMode=ENABLED,daemonOpts=--add-opens=java.base/java.util=ALL-UNNAMED,--add-opens=java.base/java.lang=ALL-UNNAMED,--add-opens=java.base/java.lang.invoke=ALL-UNNAMED,--add-opens=java.prefs/java.util.prefs=ALL-UNNAMED,--add-exports=jdk.compiler/com.sun.tools.javac.api=ALL-UNNAMED,--add-exports=jdk.compiler/com.sun.tools.javac.util=ALL-UNNAMED,--add-opens=java.base/java.nio.charset=ALL-UNNAMED,--add-opens=java.base/java.net=ALL-UNNAMED,--add-opens=java.base/java.util.concurrent.atomic=ALL-UNNAMED,-Xmx2048m,-Dfile.encoding=UTF-8,-Duser.country=US,-Duser.language=en,-Duser.variant]
2025-03-31T14:29:11.510+0700 [DEBUG] [org.gradle.launcher.daemon.registry.PersistentDaemonRegistry] Storing daemon address: [89355165-53aa-4cdd-8d6e-dd9456d8bfd5 port:57449, addresses:[localhost/127.0.0.1]], context: DefaultDaemonContext[uid=22b66b4b-6c8e-40f2-8527-532d682a827d,javaHome=C:\Program Files\Android\Android Studio\jbr,javaVersion=21,javaVendor=JetBrains s.r.o.,daemonRegistryDir=C:\Users\Administrator\AndroidStudioProjects\PrescriptionManagementApp\daemon,pid=5332,idleTimeout=10800000,priority=NORMAL,applyInstrumentationAgent=true,nativeServicesMode=ENABLED,daemonOpts=--add-opens=java.base/java.util=ALL-UNNAMED,--add-opens=java.base/java.lang=ALL-UNNAMED,--add-opens=java.base/java.lang.invoke=ALL-UNNAMED,--add-opens=java.prefs/java.util.prefs=ALL-UNNAMED,--add-exports=jdk.compiler/com.sun.tools.javac.api=ALL-UNNAMED,--add-exports=jdk.compiler/com.sun.tools.javac.util=ALL-UNNAMED,--add-opens=java.base/java.nio.charset=ALL-UNNAMED,--add-opens=java.base/java.net=ALL-UNNAMED,--add-opens=java.base/java.util.concurrent.atomic=ALL-UNNAMED,-Xmx2048m,-Dfile.encoding=UTF-8,-Duser.country=US,-Duser.language=en,-Duser.variant]
2025-03-31T14:29:11.529+0700 [DEBUG] [org.gradle.cache.internal.DefaultFileLockManager] Waiting to acquire exclusive lock on daemon addresses registry.
2025-03-31T14:29:11.533+0700 [DEBUG] [org.gradle.cache.internal.DefaultFileLockManager] Lock acquired on daemon addresses registry.
2025-03-31T14:29:11.539+0700 [DEBUG] [org.gradle.cache.internal.DefaultFileLockManager] Releasing lock on daemon addresses registry.
2025-03-31T14:29:11.540+0700 [LIFECYCLE] [org.gradle.launcher.daemon.server.Daemon] Daemon server started.
2025-03-31T14:29:11.542+0700 [DEBUG] [org.gradle.launcher.daemon.bootstrap.DaemonStartupCommunication] Completed writing the daemon greeting. Closing streams...
2025-03-31T14:29:11.553+0700 [DEBUG] [org.gradle.internal.remote.internal.inet.TcpIncomingConnector] Accepted connection from /127.0.0.1:57454 to /127.0.0.1:57449.
2025-03-31T14:29:11.555+0700 [DEBUG] [org.gradle.launcher.daemon.server.Daemon] stopOnExpiration() called on daemon
2025-03-31T14:29:11.556+0700 [DEBUG] [org.gradle.launcher.daemon.server.Daemon] awaitExpiration() called on daemon
2025-03-31T14:29:11.557+0700 [DEBUG] [org.gradle.launcher.daemon.server.DaemonStateCoordinator] daemon is running. Sleeping until state changes.
2025-03-31T14:29:11.626+0700 [DEBUG] [org.gradle.launcher.daemon.server.SynchronizedDispatchConnection] thread 33: received class org.gradle.launcher.daemon.protocol.Build
2025-03-31T14:29:11.626+0700 [DEBUG] [org.gradle.launcher.daemon.server.DefaultDaemonConnection] thread 33: Received non-IO message from client: Build{id=408d430f-5874-48e4-ae52-8de31c2a3961, currentDir=C:\Users\Administrator\AndroidStudioProjects\PrescriptionManagementApp}
2025-03-31T14:29:11.626+0700 [INFO] [org.gradle.launcher.daemon.server.DefaultIncomingConnectionHandler] Received command: Build{id=408d430f-5874-48e4-ae52-8de31c2a3961, currentDir=C:\Users\Administrator\AndroidStudioProjects\PrescriptionManagementApp}.
2025-03-31T14:29:11.626+0700 [DEBUG] [org.gradle.launcher.daemon.server.DefaultIncomingConnectionHandler] Starting executing command: Build{id=408d430f-5874-48e4-ae52-8de31c2a3961, currentDir=C:\Users\Administrator\AndroidStudioProjects\PrescriptionManagementApp} with connection: socket connection from /127.0.0.1:57449 to /127.0.0.1:57454.
2025-03-31T14:29:11.630+0700 [DEBUG] [org.gradle.launcher.daemon.server.DaemonStateCoordinator] Command execution: started DaemonCommandExecution[command = Build{id=408d430f-5874-48e4-ae52-8de31c2a3961, currentDir=C:\Users\Administrator\AndroidStudioProjects\PrescriptionManagementApp}, connection = DefaultDaemonConnection: socket connection from /127.0.0.1:57449 to /127.0.0.1:57454] after 0.0036666666666666666 minutes of idle
2025-03-31T14:29:11.631+0700 [INFO] [org.gradle.launcher.daemon.server.DaemonRegistryUpdater] Marking the daemon as busy, address: [89355165-53aa-4cdd-8d6e-dd9456d8bfd5 port:57449, addresses:[localhost/127.0.0.1]]
2025-03-31T14:29:11.631+0700 [DEBUG] [org.gradle.launcher.daemon.registry.PersistentDaemonRegistry] Marking busy by address: [89355165-53aa-4cdd-8d6e-dd9456d8bfd5 port:57449, addresses:[localhost/127.0.0.1]]
2025-03-31T14:29:11.632+0700 [DEBUG] [org.gradle.cache.internal.DefaultFileLockManager] Waiting to acquire exclusive lock on daemon addresses registry.
2025-03-31T14:29:11.633+0700 [DEBUG] [org.gradle.cache.internal.DefaultFileLockManager] Lock acquired on daemon addresses registry.
2025-03-31T14:29:11.635+0700 [DEBUG] [org.gradle.cache.internal.DefaultFileLockManager] Releasing lock on daemon addresses registry.
2025-03-31T14:29:11.636+0700 [DEBUG] [org.gradle.launcher.daemon.server.DaemonStateCoordinator] resetting idle timer
2025-03-31T14:29:11.636+0700 [DEBUG] [org.gradle.launcher.daemon.server.DaemonStateCoordinator] daemon is running. Sleeping until state changes.
2025-03-31T14:29:11.637+0700 [INFO] [org.gradle.launcher.daemon.server.exec.StartBuildOrRespondWithBusy] Daemon is about to start building Build{id=408d430f-5874-48e4-ae52-8de31c2a3961, currentDir=C:\Users\Administrator\AndroidStudioProjects\PrescriptionManagementApp}. Dispatching build started information...
2025-03-31T14:29:11.638+0700 [DEBUG] [org.gradle.launcher.daemon.server.SynchronizedDispatchConnection] thread 35: dispatching org.gradle.launcher.daemon.protocol.BuildStarted@2e543362
2025-03-31T14:29:11.639+0700 [DEBUG] [org.gradle.launcher.daemon.server.exec.EstablishBuildEnvironment] Configuring env variables: [USERDOMAIN_ROAMINGPROFILE, LOCALAPPDATA, PROCESSOR_LEVEL, USERDOMAIN, LOGONSERVER, FPS_BROWSER_APP_PROFILE_STRING, SESSIONNAME, ALLUSERSPROFILE, PROCESSOR_ARCHITECTURE, PSModulePath, SystemDrive, EFC_3896, OneDrive, MAVEN_HOME, APPDATA, NODEJS, USERNAME, ProgramFiles(x86), CommonProgramFiles, Path, FPS_BROWSER_USER_PROFILE_STRING, PATHEXT, DriverData, OS, COMPUTERNAME, PROCESSOR_REVISION, CommonProgramW6432, ComSpec, ProgramData, ProgramW6432, TEMP, HOMEPATH, SystemRoot, PROCESSOR_IDENTIFIER, HOMEDRIVE, USERPROFILE, TMP, CommonProgramFiles(x86), ProgramFiles, PUBLIC, windir, NUMBER_OF_PROCESSORS, Java17, =::]
2025-03-31T14:29:11.646+0700 [DEBUG] [org.gradle.launcher.daemon.server.exec.LogToClient] About to start relaying all logs to the client via the connection.
2025-03-31T14:29:11.646+0700 [INFO] [org.gradle.launcher.daemon.server.exec.LogToClient] The client will now receive all logging from the daemon (pid: 5332). The daemon log file: C:\Users\Administrator\AndroidStudioProjects\PrescriptionManagementApp\daemon\8.10.2\daemon-5332.out.log
2025-03-31T14:29:11.648+0700 [INFO] [org.gradle.launcher.daemon.server.exec.LogAndCheckHealth] Starting build in new daemon [memory: 2 GiB]
2025-03-31T14:29:11.652+0700 [DEBUG] [org.gradle.launcher.daemon.server.exec.ExecuteBuild] The daemon has started executing the build.
2025-03-31T14:29:11.652+0700 [DEBUG] [org.gradle.launcher.daemon.server.exec.ExecuteBuild] Executing build with daemon context: DefaultDaemonContext[uid=22b66b4b-6c8e-40f2-8527-532d682a827d,javaHome=C:\Program Files\Android\Android Studio\jbr,javaVersion=21,javaVendor=JetBrains s.r.o.,daemonRegistryDir=C:\Users\Administrator\AndroidStudioProjects\PrescriptionManagementApp\daemon,pid=5332,idleTimeout=10800000,priority=NORMAL,applyInstrumentationAgent=true,nativeServicesMode=ENABLED,daemonOpts=--add-opens=java.base/java.util=ALL-UNNAMED,--add-opens=java.base/java.lang=ALL-UNNAMED,--add-opens=java.base/java.lang.invoke=ALL-UNNAMED,--add-opens=java.prefs/java.util.prefs=ALL-UNNAMED,--add-exports=jdk.compiler/com.sun.tools.javac.api=ALL-UNNAMED,--add-exports=jdk.compiler/com.sun.tools.javac.util=ALL-UNNAMED,--add-opens=java.base/java.nio.charset=ALL-UNNAMED,--add-opens=java.base/java.net=ALL-UNNAMED,--add-opens=java.base/java.util.concurrent.atomic=ALL-UNNAMED,-Xmx2048m,-Dfile.encoding=UTF-8,-Duser.country=US,-Duser.language=en,-Duser.variant]

BUILD SUCCESSFUL in 19s
31 actionable tasks: 4 executed, 27 up-to-date
2025-03-31T14:29:28.927+0700 [DEBUG] [org.gradle.launcher.daemon.server.exec.ExecuteBuild] The daemon has finished executing the build.
2025-03-31T14:29:28.944+0700 [DEBUG] [org.gradle.launcher.daemon.server.DaemonStateCoordinator] daemon is running. Sleeping until state changes.
2025-03-31T14:29:28.944+0700 [DEBUG] [org.gradle.launcher.daemon.server.DaemonStateCoordinator] Command execution: finished waiting for DaemonCommandExecution[command = Build{id=408d430f-5874-48e4-ae52-8de31c2a3961, currentDir=C:\Users\Administrator\AndroidStudioProjects\PrescriptionManagementApp}, connection = DefaultDaemonConnection: socket connection from /127.0.0.1:57449 to /127.0.0.1:57454]. Result org.gradle.launcher.daemon.server.DaemonStateCoordinator@5482f580 with state Busy
2025-03-31T14:29:28.944+0700 [DEBUG] [org.gradle.launcher.daemon.server.DaemonStateCoordinator] Command execution: completed DaemonCommandExecution[command = Build{id=408d430f-5874-48e4-ae52-8de31c2a3961, currentDir=C:\Users\Administrator\AndroidStudioProjects\PrescriptionManagementApp}, connection = DefaultDaemonConnection: socket connection from /127.0.0.1:57449 to /127.0.0.1:57454]
2025-03-31T14:29:28.945+0700 [DEBUG] [org.gradle.launcher.daemon.server.DaemonStateCoordinator] resetting idle timer
2025-03-31T14:29:28.945+0700 [INFO] [org.gradle.launcher.daemon.server.DaemonRegistryUpdater] Marking the daemon as idle, address: [89355165-53aa-4cdd-8d6e-dd9456d8bfd5 port:57449, addresses:[localhost/127.0.0.1]]
2025-03-31T14:29:28.945+0700 [DEBUG] [org.gradle.launcher.daemon.registry.PersistentDaemonRegistry] Marking busy by address: [89355165-53aa-4cdd-8d6e-dd9456d8bfd5 port:57449, addresses:[localhost/127.0.0.1]]
2025-03-31T14:29:28.947+0700 [DEBUG] [org.gradle.cache.internal.DefaultFileLockManager] Waiting to acquire exclusive lock on daemon addresses registry.
2025-03-31T14:29:28.947+0700 [DEBUG] [org.gradle.cache.internal.DefaultFileLockManager] Lock acquired on daemon addresses registry.
2025-03-31T14:29:28.949+0700 [DEBUG] [org.gradle.cache.internal.DefaultFileLockManager] Releasing lock on daemon addresses registry.
2025-03-31T14:29:28.950+0700 [DEBUG] [org.gradle.launcher.daemon.server.DaemonStateCoordinator] daemon is running. Sleeping until state changes.
2025-03-31T14:29:28.951+0700 [DEBUG] [org.gradle.launcher.daemon.server.exec.ReturnResult] Daemon is dispatching the build result: Success[value=org.gradle.launcher.exec.BuildActionResult@3f775b5c]
2025-03-31T14:29:28.951+0700 [DEBUG] [org.gradle.launcher.daemon.server.SynchronizedDispatchConnection] thread 32: dispatching Success[value=org.gradle.launcher.exec.BuildActionResult@3f775b5c]
2025-03-31T14:29:28.953+0700 [DEBUG] [org.gradle.launcher.daemon.server.exec.CleanUpVirtualFileSystemAfterBuild] Cleaning virtual file system after build finished
2025-03-31T14:29:28.953+0700 [DEBUG] [org.gradle.launcher.daemon.server.SynchronizedDispatchConnection] thread 33: received class org.gradle.launcher.daemon.protocol.CloseInput
2025-03-31T14:29:28.953+0700 [DEBUG] [org.gradle.launcher.daemon.server.DefaultIncomingConnectionHandler] Finishing executing command: Build{id=408d430f-5874-48e4-ae52-8de31c2a3961, currentDir=C:\Users\Administrator\AndroidStudioProjects\PrescriptionManagementApp}
2025-03-31T14:29:28.953+0700 [DEBUG] [org.gradle.launcher.daemon.server.DefaultDaemonConnection] thread 33: Received IO message from client: org.gradle.launcher.daemon.protocol.CloseInput@6fb77095
2025-03-31T14:29:28.954+0700 [DEBUG] [org.gradle.launcher.daemon.server.SynchronizedDispatchConnection] thread 33: received class org.gradle.launcher.daemon.protocol.Finished
2025-03-31T14:29:28.954+0700 [DEBUG] [org.gradle.launcher.daemon.server.DefaultDaemonConnection] thread 33: Received non-IO message from client: org.gradle.launcher.daemon.protocol.Finished@5db00301
2025-03-31T14:29:28.954+0700 [DEBUG] [org.gradle.launcher.daemon.server.DefaultIncomingConnectionHandler] Received finished message: org.gradle.launcher.daemon.protocol.Finished@5db00301
2025-03-31T14:29:28.955+0700 [DEBUG] [org.gradle.internal.remote.internal.inet.SocketConnection] Discarding EOFException: java.io.EOFException
2025-03-31T14:29:28.955+0700 [DEBUG] [org.gradle.launcher.daemon.server.SynchronizedDispatchConnection] thread 32: stopping connection
2025-03-31T14:29:28.955+0700 [DEBUG] [org.gradle.launcher.daemon.server.SynchronizedDispatchConnection] thread 33: received null
2025-03-31T14:29:28.955+0700 [DEBUG] [org.gradle.launcher.daemon.server.DefaultDaemonConnection] thread 33: Received end-of-input from client.
2025-03-31T14:29:28.956+0700 [DEBUG] [org.gradle.launcher.daemon.server.SynchronizedDispatchConnection] thread 32: stopping connection
2025-03-31T14:29:31.569+0700 [DEBUG] [org.gradle.cache.internal.DefaultFileLockManager] Waiting to acquire shared lock on daemon addresses registry.
2025-03-31T14:29:31.570+0700 [DEBUG] [org.gradle.cache.internal.DefaultFileLockManager] Lock acquired on daemon addresses registry.
2025-03-31T14:29:31.573+0700 [DEBUG] [org.gradle.cache.internal.DefaultFileLockManager] Releasing lock on daemon addresses registry.
2025-03-31T14:29:31.577+0700 [DEBUG] [org.gradle.cache.internal.DefaultFileLockManager] Waiting to acquire shared lock on daemon addresses registry.
2025-03-31T14:29:31.578+0700 [DEBUG] [org.gradle.cache.internal.DefaultFileLockManager] Lock acquired on daemon addresses registry.
2025-03-31T14:29:31.578+0700 [DEBUG] [org.gradle.cache.internal.DefaultFileLockManager] Releasing lock on daemon addresses registry.
2025-03-31T14:29:41.557+0700 [DEBUG] [org.gradle.cache.internal.DefaultFileLockManager] Waiting to acquire shared lock on daemon addresses registry.
2025-03-31T14:29:41.558+0700 [DEBUG] [org.gradle.cache.internal.DefaultFileLockManager] Lock acquired on daemon addresses registry.
2025-03-31T14:29:41.558+0700 [DEBUG] [org.gradle.cache.internal.DefaultFileLockManager] Releasing lock on daemon addresses registry.
2025-03-31T14:29:41.559+0700 [DEBUG] [org.gradle.cache.internal.DefaultFileLockManager] Waiting to acquire shared lock on daemon addresses registry.
2025-03-31T14:29:41.559+0700 [DEBUG] [org.gradle.cache.internal.DefaultFileLockManager] Lock acquired on daemon addresses registry.
2025-03-31T14:29:41.559+0700 [DEBUG] [org.gradle.cache.internal.DefaultFileLockManager] Releasing lock on daemon addresses registry.
2025-03-31T14:29:41.560+0700 [DEBUG] [org.gradle.cache.internal.DefaultFileLockManager] Waiting to acquire shared lock on daemon addresses registry.
2025-03-31T14:29:41.560+0700 [DEBUG] [org.gradle.cache.internal.DefaultFileLockManager] Lock acquired on daemon addresses registry.
2025-03-31T14:29:41.561+0700 [DEBUG] [org.gradle.cache.internal.DefaultFileLockManager] Releasing lock on daemon addresses registry.
2025-03-31T14:29:51.570+0700 [DEBUG] [org.gradle.cache.internal.DefaultFileLockManager] Waiting to acquire shared lock on daemon addresses registry.
2025-03-31T14:29:51.571+0700 [DEBUG] [org.gradle.cache.internal.DefaultFileLockManager] Lock acquired on daemon addresses registry.
2025-03-31T14:29:51.571+0700 [DEBUG] [org.gradle.cache.internal.DefaultFileLockManager] Releasing lock on daemon addresses registry.
2025-03-31T14:29:51.572+0700 [DEBUG] [org.gradle.cache.internal.DefaultFileLockManager] Waiting to acquire shared lock on daemon addresses registry.
2025-03-31T14:29:51.572+0700 [DEBUG] [org.gradle.cache.internal.DefaultFileLockManager] Lock acquired on daemon addresses registry.
2025-03-31T14:29:51.572+0700 [DEBUG] [org.gradle.cache.internal.DefaultFileLockManager] Releasing lock on daemon addresses registry.
2025-03-31T14:29:51.573+0700 [DEBUG] [org.gradle.cache.internal.DefaultFileLockManager] Waiting to acquire shared lock on daemon addresses registry.
2025-03-31T14:29:51.573+0700 [DEBUG] [org.gradle.cache.internal.DefaultFileLockManager] Lock acquired on daemon addresses registry.
2025-03-31T14:29:51.574+0700 [DEBUG] [org.gradle.cache.internal.DefaultFileLockManager] Releasing lock on daemon addresses registry.
2025-03-31T14:30:01.558+0700 [DEBUG] [org.gradle.cache.internal.DefaultFileLockManager] Waiting to acquire shared lock on daemon addresses registry.
2025-03-31T14:30:01.558+0700 [DEBUG] [org.gradle.cache.internal.DefaultFileLockManager] Lock acquired on daemon addresses registry.
2025-03-31T14:30:01.559+0700 [DEBUG] [org.gradle.cache.internal.DefaultFileLockManager] Releasing lock on daemon addresses registry.
2025-03-31T14:30:01.561+0700 [DEBUG] [org.gradle.cache.internal.DefaultFileLockManager] Waiting to acquire shared lock on daemon addresses registry.
2025-03-31T14:30:01.562+0700 [DEBUG] [org.gradle.cache.internal.DefaultFileLockManager] Lock acquired on daemon addresses registry.
2025-03-31T14:30:01.562+0700 [DEBUG] [org.gradle.cache.internal.DefaultFileLockManager] Releasing lock on daemon addresses registry.
2025-03-31T14:30:01.563+0700 [DEBUG] [org.gradle.cache.internal.DefaultFileLockManager] Waiting to acquire shared lock on daemon addresses registry.
2025-03-31T14:30:01.564+0700 [DEBUG] [org.gradle.cache.internal.DefaultFileLockManager] Lock acquired on daemon addresses registry.
2025-03-31T14:30:01.564+0700 [DEBUG] [org.gradle.cache.internal.DefaultFileLockManager] Releasing lock on daemon addresses registry.
2025-03-31T14:30:03.546+0700 [DEBUG] [org.gradle.internal.watch.vfs.impl.WatchingVirtualFileSystem] Handling VFS change CREATED C:\Users\Administrator\AndroidStudioProjects\PrescriptionManagementApp\app\src\main\res\layout\activity_statistics.xml~
2025-03-31T14:30:03.548+0700 [DEBUG] [org.gradle.internal.watch.vfs.impl.WatchingVirtualFileSystem] Handling VFS change MODIFIED C:\Users\Administrator\AndroidStudioProjects\PrescriptionManagementApp\app\src\main\res\layout\activity_statistics.xml
2025-03-31T14:30:03.588+0700 [DEBUG] [org.gradle.internal.remote.internal.inet.TcpIncomingConnector] Accepted connection from /127.0.0.1:57513 to /127.0.0.1:57449.
2025-03-31T14:30:03.592+0700 [DEBUG] [org.gradle.launcher.daemon.server.SynchronizedDispatchConnection] thread 227: received class org.gradle.launcher.daemon.protocol.Build
2025-03-31T14:30:03.593+0700 [DEBUG] [org.gradle.launcher.daemon.server.DefaultDaemonConnection] thread 227: Received non-IO message from client: Build{id=8f38a12e-5e56-4f85-ac6b-4db2029441f7, currentDir=C:\Users\Administrator\AndroidStudioProjects\PrescriptionManagementApp}
2025-03-31T14:30:03.593+0700 [INFO] [org.gradle.launcher.daemon.server.DefaultIncomingConnectionHandler] Received command: Build{id=8f38a12e-5e56-4f85-ac6b-4db2029441f7, currentDir=C:\Users\Administrator\AndroidStudioProjects\PrescriptionManagementApp}.
2025-03-31T14:30:03.593+0700 [DEBUG] [org.gradle.launcher.daemon.server.DefaultIncomingConnectionHandler] Starting executing command: Build{id=8f38a12e-5e56-4f85-ac6b-4db2029441f7, currentDir=C:\Users\Administrator\AndroidStudioProjects\PrescriptionManagementApp} with connection: socket connection from /127.0.0.1:57449 to /127.0.0.1:57513.
2025-03-31T14:30:03.593+0700 [DEBUG] [org.gradle.launcher.daemon.server.DaemonStateCoordinator] Command execution: started DaemonCommandExecution[command = Build{id=8f38a12e-5e56-4f85-ac6b-4db2029441f7, currentDir=C:\Users\Administrator\AndroidStudioProjects\PrescriptionManagementApp}, connection = DefaultDaemonConnection: socket connection from /127.0.0.1:57449 to /127.0.0.1:57513] after 0.5774666666666667 minutes of idle
2025-03-31T14:30:03.594+0700 [INFO] [org.gradle.launcher.daemon.server.DaemonRegistryUpdater] Marking the daemon as busy, address: [89355165-53aa-4cdd-8d6e-dd9456d8bfd5 port:57449, addresses:[localhost/127.0.0.1]]
2025-03-31T14:30:03.594+0700 [DEBUG] [org.gradle.launcher.daemon.registry.PersistentDaemonRegistry] Marking busy by address: [89355165-53aa-4cdd-8d6e-dd9456d8bfd5 port:57449, addresses:[localhost/127.0.0.1]]
2025-03-31T14:30:03.594+0700 [DEBUG] [org.gradle.cache.internal.DefaultFileLockManager] Waiting to acquire exclusive lock on daemon addresses registry.
2025-03-31T14:30:03.595+0700 [DEBUG] [org.gradle.cache.internal.DefaultFileLockManager] Lock acquired on daemon addresses registry.
2025-03-31T14:30:03.596+0700 [DEBUG] [org.gradle.cache.internal.DefaultFileLockManager] Releasing lock on daemon addresses registry.
2025-03-31T14:30:03.597+0700 [DEBUG] [org.gradle.launcher.daemon.server.DaemonStateCoordinator] resetting idle timer
2025-03-31T14:30:03.597+0700 [DEBUG] [org.gradle.launcher.daemon.server.DaemonStateCoordinator] daemon is running. Sleeping until state changes.
2025-03-31T14:30:03.597+0700 [INFO] [org.gradle.launcher.daemon.server.exec.StartBuildOrRespondWithBusy] Daemon is about to start building Build{id=8f38a12e-5e56-4f85-ac6b-4db2029441f7, currentDir=C:\Users\Administrator\AndroidStudioProjects\PrescriptionManagementApp}. Dispatching build started information...
2025-03-31T14:30:03.597+0700 [DEBUG] [org.gradle.launcher.daemon.server.SynchronizedDispatchConnection] thread 35: dispatching org.gradle.launcher.daemon.protocol.BuildStarted@380b6550
2025-03-31T14:30:03.598+0700 [DEBUG] [org.gradle.launcher.daemon.server.exec.EstablishBuildEnvironment] Configuring env variables: [USERDOMAIN_ROAMINGPROFILE, LOCALAPPDATA, PROCESSOR_LEVEL, USERDOMAIN, LOGONSERVER, FPS_BROWSER_APP_PROFILE_STRING, SESSIONNAME, ALLUSERSPROFILE, PROCESSOR_ARCHITECTURE, PSModulePath, SystemDrive, EFC_3896, OneDrive, MAVEN_HOME, APPDATA, NODEJS, USERNAME, ProgramFiles(x86), CommonProgramFiles, Path, FPS_BROWSER_USER_PROFILE_STRING, PATHEXT, DriverData, OS, COMPUTERNAME, PROCESSOR_REVISION, CommonProgramW6432, ComSpec, ProgramData, ProgramW6432, TEMP, HOMEPATH, SystemRoot, PROCESSOR_IDENTIFIER, HOMEDRIVE, USERPROFILE, TMP, CommonProgramFiles(x86), ProgramFiles, PUBLIC, windir, NUMBER_OF_PROCESSORS, Java17, =::]
2025-03-31T14:30:03.600+0700 [DEBUG] [org.gradle.launcher.daemon.server.exec.LogToClient] About to start relaying all logs to the client via the connection.
2025-03-31T14:30:03.601+0700 [INFO] [org.gradle.launcher.daemon.server.exec.LogToClient] The client will now receive all logging from the daemon (pid: 5332). The daemon log file: C:\Users\Administrator\AndroidStudioProjects\PrescriptionManagementApp\daemon\8.10.2\daemon-5332.out.log
2025-03-31T14:30:03.602+0700 [INFO] [org.gradle.launcher.daemon.server.exec.LogAndCheckHealth] Starting 2nd build in daemon [uptime: 52.413 secs, performance: 99%, GC rate: 0.00/s, heap usage: 0% of 2 GiB]
2025-03-31T14:30:03.603+0700 [DEBUG] [org.gradle.launcher.daemon.server.exec.ExecuteBuild] The daemon has started executing the build.
2025-03-31T14:30:03.603+0700 [DEBUG] [org.gradle.launcher.daemon.server.exec.ExecuteBuild] Executing build with daemon context: DefaultDaemonContext[uid=22b66b4b-6c8e-40f2-8527-532d682a827d,javaHome=C:\Program Files\Android\Android Studio\jbr,javaVersion=21,javaVendor=JetBrains s.r.o.,daemonRegistryDir=C:\Users\Administrator\AndroidStudioProjects\PrescriptionManagementApp\daemon,pid=5332,idleTimeout=10800000,priority=NORMAL,applyInstrumentationAgent=true,nativeServicesMode=ENABLED,daemonOpts=--add-opens=java.base/java.util=ALL-UNNAMED,--add-opens=java.base/java.lang=ALL-UNNAMED,--add-opens=java.base/java.lang.invoke=ALL-UNNAMED,--add-opens=java.prefs/java.util.prefs=ALL-UNNAMED,--add-exports=jdk.compiler/com.sun.tools.javac.api=ALL-UNNAMED,--add-exports=jdk.compiler/com.sun.tools.javac.util=ALL-UNNAMED,--add-opens=java.base/java.nio.charset=ALL-UNNAMED,--add-opens=java.base/java.net=ALL-UNNAMED,--add-opens=java.base/java.util.concurrent.atomic=ALL-UNNAMED,-Xmx2048m,-Dfile.encoding=UTF-8,-Duser.country=US,-Duser.language=en,-Duser.variant]

BUILD SUCCESSFUL in 3s
31 actionable tasks: 7 executed, 24 up-to-date
2025-03-31T14:30:07.612+0700 [DEBUG] [org.gradle.launcher.daemon.server.exec.ExecuteBuild] The daemon has finished executing the build.
2025-03-31T14:30:07.629+0700 [DEBUG] [org.gradle.launcher.daemon.server.DaemonStateCoordinator] daemon is running. Sleeping until state changes.
2025-03-31T14:30:07.629+0700 [DEBUG] [org.gradle.launcher.daemon.server.DaemonStateCoordinator] Command execution: finished waiting for DaemonCommandExecution[command = Build{id=8f38a12e-5e56-4f85-ac6b-4db2029441f7, currentDir=C:\Users\Administrator\AndroidStudioProjects\PrescriptionManagementApp}, connection = DefaultDaemonConnection: socket connection from /127.0.0.1:57449 to /127.0.0.1:57513]. Result org.gradle.launcher.daemon.server.DaemonStateCoordinator@5482f580 with state Busy
2025-03-31T14:30:07.629+0700 [DEBUG] [org.gradle.launcher.daemon.server.DaemonStateCoordinator] Command execution: completed DaemonCommandExecution[command = Build{id=8f38a12e-5e56-4f85-ac6b-4db2029441f7, currentDir=C:\Users\Administrator\AndroidStudioProjects\PrescriptionManagementApp}, connection = DefaultDaemonConnection: socket connection from /127.0.0.1:57449 to /127.0.0.1:57513]
2025-03-31T14:30:07.629+0700 [DEBUG] [org.gradle.launcher.daemon.server.DaemonStateCoordinator] resetting idle timer
2025-03-31T14:30:07.629+0700 [INFO] [org.gradle.launcher.daemon.server.DaemonRegistryUpdater] Marking the daemon as idle, address: [89355165-53aa-4cdd-8d6e-dd9456d8bfd5 port:57449, addresses:[localhost/127.0.0.1]]
2025-03-31T14:30:07.629+0700 [DEBUG] [org.gradle.launcher.daemon.registry.PersistentDaemonRegistry] Marking busy by address: [89355165-53aa-4cdd-8d6e-dd9456d8bfd5 port:57449, addresses:[localhost/127.0.0.1]]
2025-03-31T14:30:07.630+0700 [DEBUG] [org.gradle.cache.internal.DefaultFileLockManager] Waiting to acquire exclusive lock on daemon addresses registry.
2025-03-31T14:30:07.631+0700 [DEBUG] [org.gradle.cache.internal.DefaultFileLockManager] Lock acquired on daemon addresses registry.
2025-03-31T14:30:07.632+0700 [DEBUG] [org.gradle.cache.internal.DefaultFileLockManager] Releasing lock on daemon addresses registry.
2025-03-31T14:30:07.633+0700 [DEBUG] [org.gradle.launcher.daemon.server.DaemonStateCoordinator] daemon is running. Sleeping until state changes.
2025-03-31T14:30:07.633+0700 [DEBUG] [org.gradle.launcher.daemon.server.exec.ReturnResult] Daemon is dispatching the build result: Success[value=org.gradle.launcher.exec.BuildActionResult@5c6f92a1]
2025-03-31T14:30:07.633+0700 [DEBUG] [org.gradle.launcher.daemon.server.SynchronizedDispatchConnection] thread 32: dispatching Success[value=org.gradle.launcher.exec.BuildActionResult@5c6f92a1]
2025-03-31T14:30:07.633+0700 [DEBUG] [org.gradle.launcher.daemon.server.exec.CleanUpVirtualFileSystemAfterBuild] Cleaning virtual file system after build finished
2025-03-31T14:30:07.633+0700 [DEBUG] [org.gradle.launcher.daemon.server.DefaultIncomingConnectionHandler] Finishing executing command: Build{id=8f38a12e-5e56-4f85-ac6b-4db2029441f7, currentDir=C:\Users\Administrator\AndroidStudioProjects\PrescriptionManagementApp}
2025-03-31T14:30:07.634+0700 [DEBUG] [org.gradle.launcher.daemon.server.SynchronizedDispatchConnection] thread 227: received class org.gradle.launcher.daemon.protocol.CloseInput
2025-03-31T14:30:07.634+0700 [DEBUG] [org.gradle.launcher.daemon.server.DefaultDaemonConnection] thread 227: Received IO message from client: org.gradle.launcher.daemon.protocol.CloseInput@3b8fa6d3
2025-03-31T14:30:07.634+0700 [DEBUG] [org.gradle.launcher.daemon.server.SynchronizedDispatchConnection] thread 227: received class org.gradle.launcher.daemon.protocol.Finished
2025-03-31T14:30:07.635+0700 [DEBUG] [org.gradle.launcher.daemon.server.DefaultDaemonConnection] thread 227: Received non-IO message from client: org.gradle.launcher.daemon.protocol.Finished@35484fd2
2025-03-31T14:30:07.635+0700 [DEBUG] [org.gradle.launcher.daemon.server.DefaultIncomingConnectionHandler] Received finished message: org.gradle.launcher.daemon.protocol.Finished@35484fd2
2025-03-31T14:30:07.635+0700 [DEBUG] [org.gradle.internal.remote.internal.inet.SocketConnection] Discarding EOFException: java.io.EOFException
2025-03-31T14:30:07.635+0700 [DEBUG] [org.gradle.launcher.daemon.server.SynchronizedDispatchConnection] thread 32: stopping connection
2025-03-31T14:30:07.635+0700 [DEBUG] [org.gradle.launcher.daemon.server.SynchronizedDispatchConnection] thread 227: received null
2025-03-31T14:30:07.636+0700 [DEBUG] [org.gradle.launcher.daemon.server.DefaultDaemonConnection] thread 227: Received end-of-input from client.
2025-03-31T14:30:07.636+0700 [DEBUG] [org.gradle.launcher.daemon.server.SynchronizedDispatchConnection] thread 32: stopping connection
2025-03-31T14:30:11.563+0700 [DEBUG] [org.gradle.cache.internal.DefaultFileLockManager] Waiting to acquire shared lock on daemon addresses registry.
2025-03-31T14:30:11.563+0700 [DEBUG] [org.gradle.cache.internal.DefaultFileLockManager] Lock acquired on daemon addresses registry.
2025-03-31T14:30:11.564+0700 [DEBUG] [org.gradle.cache.internal.DefaultFileLockManager] Releasing lock on daemon addresses registry.
2025-03-31T14:30:11.565+0700 [DEBUG] [org.gradle.cache.internal.DefaultFileLockManager] Waiting to acquire shared lock on daemon addresses registry.
2025-03-31T14:30:11.565+0700 [DEBUG] [org.gradle.cache.internal.DefaultFileLockManager] Lock acquired on daemon addresses registry.
2025-03-31T14:30:11.565+0700 [DEBUG] [org.gradle.cache.internal.DefaultFileLockManager] Releasing lock on daemon addresses registry.
2025-03-31T14:30:21.570+0700 [DEBUG] [org.gradle.cache.internal.DefaultFileLockManager] Waiting to acquire shared lock on daemon addresses registry.
2025-03-31T14:30:21.570+0700 [DEBUG] [org.gradle.cache.internal.DefaultFileLockManager] Lock acquired on daemon addresses registry.
2025-03-31T14:30:21.571+0700 [DEBUG] [org.gradle.cache.internal.DefaultFileLockManager] Releasing lock on daemon addresses registry.
2025-03-31T14:30:21.571+0700 [DEBUG] [org.gradle.cache.internal.DefaultFileLockManager] Waiting to acquire shared lock on daemon addresses registry.
2025-03-31T14:30:21.572+0700 [DEBUG] [org.gradle.cache.internal.DefaultFileLockManager] Lock acquired on daemon addresses registry.
2025-03-31T14:30:21.572+0700 [DEBUG] [org.gradle.cache.internal.DefaultFileLockManager] Releasing lock on daemon addresses registry.
2025-03-31T14:30:21.573+0700 [DEBUG] [org.gradle.cache.internal.DefaultFileLockManager] Waiting to acquire shared lock on daemon addresses registry.
2025-03-31T14:30:21.573+0700 [DEBUG] [org.gradle.cache.internal.DefaultFileLockManager] Lock acquired on daemon addresses registry.
2025-03-31T14:30:21.573+0700 [DEBUG] [org.gradle.cache.internal.DefaultFileLockManager] Releasing lock on daemon addresses registry.
2025-03-31T14:30:25.010+0700 [DEBUG] [org.gradle.internal.watch.vfs.impl.WatchingVirtualFileSystem] Handling VFS change CREATED C:\Users\Administrator\AndroidStudioProjects\PrescriptionManagementApp\app\src\main\res\layout\activity_statistics.xml~
2025-03-31T14:30:25.012+0700 [DEBUG] [org.gradle.internal.watch.vfs.impl.WatchingVirtualFileSystem] Handling VFS change MODIFIED C:\Users\Administrator\AndroidStudioProjects\PrescriptionManagementApp\app\src\main\res\layout\activity_statistics.xml
2025-03-31T14:30:25.042+0700 [DEBUG] [org.gradle.internal.remote.internal.inet.TcpIncomingConnector] Accepted connection from /127.0.0.1:57538 to /127.0.0.1:57449.
2025-03-31T14:30:25.046+0700 [DEBUG] [org.gradle.launcher.daemon.server.SynchronizedDispatchConnection] thread 310: received class org.gradle.launcher.daemon.protocol.Build
2025-03-31T14:30:25.047+0700 [DEBUG] [org.gradle.launcher.daemon.server.DefaultDaemonConnection] thread 310: Received non-IO message from client: Build{id=ec6d10ea-7142-4c93-9f6b-be5a1e1d96ce, currentDir=C:\Users\Administrator\AndroidStudioProjects\PrescriptionManagementApp}
2025-03-31T14:30:25.047+0700 [INFO] [org.gradle.launcher.daemon.server.DefaultIncomingConnectionHandler] Received command: Build{id=ec6d10ea-7142-4c93-9f6b-be5a1e1d96ce, currentDir=C:\Users\Administrator\AndroidStudioProjects\PrescriptionManagementApp}.
2025-03-31T14:30:25.047+0700 [DEBUG] [org.gradle.launcher.daemon.server.DefaultIncomingConnectionHandler] Starting executing command: Build{id=ec6d10ea-7142-4c93-9f6b-be5a1e1d96ce, currentDir=C:\Users\Administrator\AndroidStudioProjects\PrescriptionManagementApp} with connection: socket connection from /127.0.0.1:57449 to /127.0.0.1:57538.
2025-03-31T14:30:25.047+0700 [DEBUG] [org.gradle.launcher.daemon.server.DaemonStateCoordinator] Command execution: started DaemonCommandExecution[command = Build{id=ec6d10ea-7142-4c93-9f6b-be5a1e1d96ce, currentDir=C:\Users\Administrator\AndroidStudioProjects\PrescriptionManagementApp}, connection = DefaultDaemonConnection: socket connection from /127.0.0.1:57449 to /127.0.0.1:57538] after 0.2903 minutes of idle
2025-03-31T14:30:25.048+0700 [INFO] [org.gradle.launcher.daemon.server.DaemonRegistryUpdater] Marking the daemon as busy, address: [89355165-53aa-4cdd-8d6e-dd9456d8bfd5 port:57449, addresses:[localhost/127.0.0.1]]
2025-03-31T14:30:25.048+0700 [DEBUG] [org.gradle.launcher.daemon.registry.PersistentDaemonRegistry] Marking busy by address: [89355165-53aa-4cdd-8d6e-dd9456d8bfd5 port:57449, addresses:[localhost/127.0.0.1]]
2025-03-31T14:30:25.049+0700 [DEBUG] [org.gradle.cache.internal.DefaultFileLockManager] Waiting to acquire exclusive lock on daemon addresses registry.
2025-03-31T14:30:25.049+0700 [DEBUG] [org.gradle.cache.internal.DefaultFileLockManager] Lock acquired on daemon addresses registry.
2025-03-31T14:30:25.051+0700 [DEBUG] [org.gradle.cache.internal.DefaultFileLockManager] Releasing lock on daemon addresses registry.
2025-03-31T14:30:25.051+0700 [DEBUG] [org.gradle.launcher.daemon.server.DaemonStateCoordinator] resetting idle timer
2025-03-31T14:30:25.051+0700 [DEBUG] [org.gradle.launcher.daemon.server.DaemonStateCoordinator] daemon is running. Sleeping until state changes.
2025-03-31T14:30:25.052+0700 [INFO] [org.gradle.launcher.daemon.server.exec.StartBuildOrRespondWithBusy] Daemon is about to start building Build{id=ec6d10ea-7142-4c93-9f6b-be5a1e1d96ce, currentDir=C:\Users\Administrator\AndroidStudioProjects\PrescriptionManagementApp}. Dispatching build started information...
2025-03-31T14:30:25.052+0700 [DEBUG] [org.gradle.launcher.daemon.server.SynchronizedDispatchConnection] thread 35: dispatching org.gradle.launcher.daemon.protocol.BuildStarted@74722d64
2025-03-31T14:30:25.053+0700 [DEBUG] [org.gradle.launcher.daemon.server.exec.EstablishBuildEnvironment] Configuring env variables: [USERDOMAIN_ROAMINGPROFILE, LOCALAPPDATA, PROCESSOR_LEVEL, USERDOMAIN, LOGONSERVER, FPS_BROWSER_APP_PROFILE_STRING, SESSIONNAME, ALLUSERSPROFILE, PROCESSOR_ARCHITECTURE, PSModulePath, SystemDrive, EFC_3896, OneDrive, MAVEN_HOME, APPDATA, NODEJS, USERNAME, ProgramFiles(x86), CommonProgramFiles, Path, FPS_BROWSER_USER_PROFILE_STRING, PATHEXT, DriverData, OS, COMPUTERNAME, PROCESSOR_REVISION, CommonProgramW6432, ComSpec, ProgramData, ProgramW6432, TEMP, HOMEPATH, SystemRoot, PROCESSOR_IDENTIFIER, HOMEDRIVE, USERPROFILE, TMP, CommonProgramFiles(x86), ProgramFiles, PUBLIC, windir, NUMBER_OF_PROCESSORS, Java17, =::]
2025-03-31T14:30:25.054+0700 [DEBUG] [org.gradle.launcher.daemon.server.exec.LogToClient] About to start relaying all logs to the client via the connection.
2025-03-31T14:30:25.054+0700 [INFO] [org.gradle.launcher.daemon.server.exec.LogToClient] The client will now receive all logging from the daemon (pid: 5332). The daemon log file: C:\Users\Administrator\AndroidStudioProjects\PrescriptionManagementApp\daemon\8.10.2\daemon-5332.out.log
2025-03-31T14:30:25.055+0700 [INFO] [org.gradle.launcher.daemon.server.exec.LogAndCheckHealth] Starting 3rd build in daemon [uptime: 1 mins 13.867 secs, performance: 99%, GC rate: 0.00/s, heap usage: 0% of 2 GiB]
2025-03-31T14:30:25.055+0700 [DEBUG] [org.gradle.launcher.daemon.server.exec.ExecuteBuild] The daemon has started executing the build.
2025-03-31T14:30:25.056+0700 [DEBUG] [org.gradle.launcher.daemon.server.exec.ExecuteBuild] Executing build with daemon context: DefaultDaemonContext[uid=22b66b4b-6c8e-40f2-8527-532d682a827d,javaHome=C:\Program Files\Android\Android Studio\jbr,javaVersion=21,javaVendor=JetBrains s.r.o.,daemonRegistryDir=C:\Users\Administrator\AndroidStudioProjects\PrescriptionManagementApp\daemon,pid=5332,idleTimeout=10800000,priority=NORMAL,applyInstrumentationAgent=true,nativeServicesMode=ENABLED,daemonOpts=--add-opens=java.base/java.util=ALL-UNNAMED,--add-opens=java.base/java.lang=ALL-UNNAMED,--add-opens=java.base/java.lang.invoke=ALL-UNNAMED,--add-opens=java.prefs/java.util.prefs=ALL-UNNAMED,--add-exports=jdk.compiler/com.sun.tools.javac.api=ALL-UNNAMED,--add-exports=jdk.compiler/com.sun.tools.javac.util=ALL-UNNAMED,--add-opens=java.base/java.nio.charset=ALL-UNNAMED,--add-opens=java.base/java.net=ALL-UNNAMED,--add-opens=java.base/java.util.concurrent.atomic=ALL-UNNAMED,-Xmx2048m,-Dfile.encoding=UTF-8,-Duser.country=US,-Duser.language=en,-Duser.variant]

BUILD SUCCESSFUL in 2s
31 actionable tasks: 7 executed, 24 up-to-date
2025-03-31T14:30:27.432+0700 [DEBUG] [org.gradle.launcher.daemon.server.exec.ExecuteBuild] The daemon has finished executing the build.
2025-03-31T14:30:27.449+0700 [DEBUG] [org.gradle.launcher.daemon.server.DaemonStateCoordinator] daemon is running. Sleeping until state changes.
2025-03-31T14:30:27.449+0700 [DEBUG] [org.gradle.launcher.daemon.server.DaemonStateCoordinator] Command execution: finished waiting for DaemonCommandExecution[command = Build{id=ec6d10ea-7142-4c93-9f6b-be5a1e1d96ce, currentDir=C:\Users\Administrator\AndroidStudioProjects\PrescriptionManagementApp}, connection = DefaultDaemonConnection: socket connection from /127.0.0.1:57449 to /127.0.0.1:57538]. Result org.gradle.launcher.daemon.server.DaemonStateCoordinator@5482f580 with state Busy
2025-03-31T14:30:27.450+0700 [DEBUG] [org.gradle.launcher.daemon.server.DaemonStateCoordinator] Command execution: completed DaemonCommandExecution[command = Build{id=ec6d10ea-7142-4c93-9f6b-be5a1e1d96ce, currentDir=C:\Users\Administrator\AndroidStudioProjects\PrescriptionManagementApp}, connection = DefaultDaemonConnection: socket connection from /127.0.0.1:57449 to /127.0.0.1:57538]
2025-03-31T14:30:27.450+0700 [DEBUG] [org.gradle.launcher.daemon.server.DaemonStateCoordinator] resetting idle timer
2025-03-31T14:30:27.450+0700 [INFO] [org.gradle.launcher.daemon.server.DaemonRegistryUpdater] Marking the daemon as idle, address: [89355165-53aa-4cdd-8d6e-dd9456d8bfd5 port:57449, addresses:[localhost/127.0.0.1]]
2025-03-31T14:30:27.450+0700 [DEBUG] [org.gradle.launcher.daemon.registry.PersistentDaemonRegistry] Marking busy by address: [89355165-53aa-4cdd-8d6e-dd9456d8bfd5 port:57449, addresses:[localhost/127.0.0.1]]
2025-03-31T14:30:27.450+0700 [DEBUG] [org.gradle.cache.internal.DefaultFileLockManager] Waiting to acquire exclusive lock on daemon addresses registry.
2025-03-31T14:30:27.451+0700 [DEBUG] [org.gradle.cache.internal.DefaultFileLockManager] Lock acquired on daemon addresses registry.
2025-03-31T14:30:27.451+0700 [DEBUG] [org.gradle.cache.internal.DefaultFileLockManager] Releasing lock on daemon addresses registry.
2025-03-31T14:30:27.452+0700 [DEBUG] [org.gradle.launcher.daemon.server.DaemonStateCoordinator] daemon is running. Sleeping until state changes.
2025-03-31T14:30:27.452+0700 [DEBUG] [org.gradle.launcher.daemon.server.exec.ReturnResult] Daemon is dispatching the build result: Success[value=org.gradle.launcher.exec.BuildActionResult@186bd12d]
2025-03-31T14:30:27.452+0700 [DEBUG] [org.gradle.launcher.daemon.server.SynchronizedDispatchConnection] thread 32: dispatching Success[value=org.gradle.launcher.exec.BuildActionResult@186bd12d]
2025-03-31T14:30:27.452+0700 [DEBUG] [org.gradle.launcher.daemon.server.exec.CleanUpVirtualFileSystemAfterBuild] Cleaning virtual file system after build finished
2025-03-31T14:30:27.452+0700 [DEBUG] [org.gradle.launcher.daemon.server.SynchronizedDispatchConnection] thread 310: received class org.gradle.launcher.daemon.protocol.CloseInput
2025-03-31T14:30:27.453+0700 [DEBUG] [org.gradle.launcher.daemon.server.DefaultDaemonConnection] thread 310: Received IO message from client: org.gradle.launcher.daemon.protocol.CloseInput@334bea13
2025-03-31T14:30:27.452+0700 [DEBUG] [org.gradle.launcher.daemon.server.DefaultIncomingConnectionHandler] Finishing executing command: Build{id=ec6d10ea-7142-4c93-9f6b-be5a1e1d96ce, currentDir=C:\Users\Administrator\AndroidStudioProjects\PrescriptionManagementApp}
2025-03-31T14:30:27.453+0700 [DEBUG] [org.gradle.launcher.daemon.server.SynchronizedDispatchConnection] thread 310: received class org.gradle.launcher.daemon.protocol.Finished
2025-03-31T14:30:27.453+0700 [DEBUG] [org.gradle.launcher.daemon.server.DefaultDaemonConnection] thread 310: Received non-IO message from client: org.gradle.launcher.daemon.protocol.Finished@3d8c020a
2025-03-31T14:30:27.453+0700 [DEBUG] [org.gradle.launcher.daemon.server.DefaultIncomingConnectionHandler] Received finished message: org.gradle.launcher.daemon.protocol.Finished@3d8c020a
2025-03-31T14:30:27.453+0700 [DEBUG] [org.gradle.internal.remote.internal.inet.SocketConnection] Discarding EOFException: java.io.EOFException
2025-03-31T14:30:27.453+0700 [DEBUG] [org.gradle.launcher.daemon.server.SynchronizedDispatchConnection] thread 310: received null
2025-03-31T14:30:27.453+0700 [DEBUG] [org.gradle.launcher.daemon.server.DefaultDaemonConnection] thread 310: Received end-of-input from client.
2025-03-31T14:30:27.453+0700 [DEBUG] [org.gradle.launcher.daemon.server.SynchronizedDispatchConnection] thread 32: stopping connection
2025-03-31T14:30:27.454+0700 [DEBUG] [org.gradle.launcher.daemon.server.SynchronizedDispatchConnection] thread 32: stopping connection
2025-03-31T14:30:31.566+0700 [DEBUG] [org.gradle.cache.internal.DefaultFileLockManager] Waiting to acquire shared lock on daemon addresses registry.
2025-03-31T14:30:31.567+0700 [DEBUG] [org.gradle.cache.internal.DefaultFileLockManager] Lock acquired on daemon addresses registry.
2025-03-31T14:30:31.567+0700 [DEBUG] [org.gradle.cache.internal.DefaultFileLockManager] Releasing lock on daemon addresses registry.
2025-03-31T14:30:31.568+0700 [DEBUG] [org.gradle.cache.internal.DefaultFileLockManager] Waiting to acquire shared lock on daemon addresses registry.
2025-03-31T14:30:31.569+0700 [DEBUG] [org.gradle.cache.internal.DefaultFileLockManager] Lock acquired on daemon addresses registry.
2025-03-31T14:30:31.569+0700 [DEBUG] [org.gradle.cache.internal.DefaultFileLockManager] Releasing lock on daemon addresses registry.
2025-03-31T14:30:41.567+0700 [DEBUG] [org.gradle.cache.internal.DefaultFileLockManager] Waiting to acquire shared lock on daemon addresses registry.
2025-03-31T14:30:41.567+0700 [DEBUG] [org.gradle.cache.internal.DefaultFileLockManager] Lock acquired on daemon addresses registry.
2025-03-31T14:30:41.567+0700 [DEBUG] [org.gradle.cache.internal.DefaultFileLockManager] Releasing lock on daemon addresses registry.
2025-03-31T14:30:41.568+0700 [DEBUG] [org.gradle.cache.internal.DefaultFileLockManager] Waiting to acquire shared lock on daemon addresses registry.
2025-03-31T14:30:41.568+0700 [DEBUG] [org.gradle.cache.internal.DefaultFileLockManager] Lock acquired on daemon addresses registry.
2025-03-31T14:30:41.569+0700 [DEBUG] [org.gradle.cache.internal.DefaultFileLockManager] Releasing lock on daemon addresses registry.
2025-03-31T14:30:41.569+0700 [DEBUG] [org.gradle.cache.internal.DefaultFileLockManager] Waiting to acquire shared lock on daemon addresses registry.
2025-03-31T14:30:41.570+0700 [DEBUG] [org.gradle.cache.internal.DefaultFileLockManager] Lock acquired on daemon addresses registry.
2025-03-31T14:30:41.570+0700 [DEBUG] [org.gradle.cache.internal.DefaultFileLockManager] Releasing lock on daemon addresses registry.
2025-03-31T14:30:51.571+0700 [DEBUG] [org.gradle.cache.internal.DefaultFileLockManager] Waiting to acquire shared lock on daemon addresses registry.
2025-03-31T14:30:51.571+0700 [DEBUG] [org.gradle.cache.internal.DefaultFileLockManager] Lock acquired on daemon addresses registry.
2025-03-31T14:30:51.571+0700 [DEBUG] [org.gradle.cache.internal.DefaultFileLockManager] Releasing lock on daemon addresses registry.
2025-03-31T14:30:51.572+0700 [DEBUG] [org.gradle.cache.internal.DefaultFileLockManager] Waiting to acquire shared lock on daemon addresses registry.
2025-03-31T14:30:51.572+0700 [DEBUG] [org.gradle.cache.internal.DefaultFileLockManager] Lock acquired on daemon addresses registry.
2025-03-31T14:30:51.572+0700 [DEBUG] [org.gradle.cache.internal.DefaultFileLockManager] Releasing lock on daemon addresses registry.
2025-03-31T14:30:51.573+0700 [DEBUG] [org.gradle.cache.internal.DefaultFileLockManager] Waiting to acquire shared lock on daemon addresses registry.
2025-03-31T14:30:51.573+0700 [DEBUG] [org.gradle.cache.internal.DefaultFileLockManager] Lock acquired on daemon addresses registry.
2025-03-31T14:30:51.573+0700 [DEBUG] [org.gradle.cache.internal.DefaultFileLockManager] Releasing lock on daemon addresses registry.
2025-03-31T14:31:01.563+0700 [DEBUG] [org.gradle.cache.internal.DefaultFileLockManager] Waiting to acquire shared lock on daemon addresses registry.
2025-03-31T14:31:01.563+0700 [DEBUG] [org.gradle.cache.internal.DefaultFileLockManager] Lock acquired on daemon addresses registry.
2025-03-31T14:31:01.563+0700 [DEBUG] [org.gradle.cache.internal.DefaultFileLockManager] Releasing lock on daemon addresses registry.
2025-03-31T14:31:01.564+0700 [DEBUG] [org.gradle.cache.internal.DefaultFileLockManager] Waiting to acquire shared lock on daemon addresses registry.
2025-03-31T14:31:01.564+0700 [DEBUG] [org.gradle.cache.internal.DefaultFileLockManager] Lock acquired on daemon addresses registry.
2025-03-31T14:31:01.564+0700 [DEBUG] [org.gradle.cache.internal.DefaultFileLockManager] Releasing lock on daemon addresses registry.
2025-03-31T14:31:01.565+0700 [DEBUG] [org.gradle.cache.internal.DefaultFileLockManager] Waiting to acquire shared lock on daemon addresses registry.
2025-03-31T14:31:01.565+0700 [DEBUG] [org.gradle.cache.internal.DefaultFileLockManager] Lock acquired on daemon addresses registry.
2025-03-31T14:31:01.565+0700 [DEBUG] [org.gradle.cache.internal.DefaultFileLockManager] Releasing lock on daemon addresses registry.
2025-03-31T14:31:11.571+0700 [DEBUG] [org.gradle.cache.internal.DefaultFileLockManager] Waiting to acquire shared lock on daemon addresses registry.
2025-03-31T14:31:11.571+0700 [DEBUG] [org.gradle.cache.internal.DefaultFileLockManager] Lock acquired on daemon addresses registry.
2025-03-31T14:31:11.571+0700 [DEBUG] [org.gradle.cache.internal.DefaultFileLockManager] Releasing lock on daemon addresses registry.
2025-03-31T14:31:11.572+0700 [DEBUG] [org.gradle.cache.internal.DefaultFileLockManager] Waiting to acquire shared lock on daemon addresses registry.
2025-03-31T14:31:11.572+0700 [DEBUG] [org.gradle.cache.internal.DefaultFileLockManager] Lock acquired on daemon addresses registry.
2025-03-31T14:31:11.572+0700 [DEBUG] [org.gradle.cache.internal.DefaultFileLockManager] Releasing lock on daemon addresses registry.
2025-03-31T14:31:11.573+0700 [DEBUG] [org.gradle.cache.internal.DefaultFileLockManager] Waiting to acquire shared lock on daemon addresses registry.
2025-03-31T14:31:11.573+0700 [DEBUG] [org.gradle.cache.internal.DefaultFileLockManager] Lock acquired on daemon addresses registry.
2025-03-31T14:31:11.573+0700 [DEBUG] [org.gradle.cache.internal.DefaultFileLockManager] Releasing lock on daemon addresses registry.
2025-03-31T14:31:21.563+0700 [DEBUG] [org.gradle.cache.internal.DefaultFileLockManager] Waiting to acquire shared lock on daemon addresses registry.
2025-03-31T14:31:21.563+0700 [DEBUG] [org.gradle.cache.internal.DefaultFileLockManager] Lock acquired on daemon addresses registry.
2025-03-31T14:31:21.563+0700 [DEBUG] [org.gradle.cache.internal.DefaultFileLockManager] Releasing lock on daemon addresses registry.
2025-03-31T14:31:21.564+0700 [DEBUG] [org.gradle.cache.internal.DefaultFileLockManager] Waiting to acquire shared lock on daemon addresses registry.
2025-03-31T14:31:21.564+0700 [DEBUG] [org.gradle.cache.internal.DefaultFileLockManager] Lock acquired on daemon addresses registry.
2025-03-31T14:31:21.564+0700 [DEBUG] [org.gradle.cache.internal.DefaultFileLockManager] Releasing lock on daemon addresses registry.
2025-03-31T14:31:21.565+0700 [DEBUG] [org.gradle.cache.internal.DefaultFileLockManager] Waiting to acquire shared lock on daemon addresses registry.
2025-03-31T14:31:21.565+0700 [DEBUG] [org.gradle.cache.internal.DefaultFileLockManager] Lock acquired on daemon addresses registry.
2025-03-31T14:31:21.565+0700 [DEBUG] [org.gradle.cache.internal.DefaultFileLockManager] Releasing lock on daemon addresses registry.
2025-03-31T14:31:31.561+0700 [DEBUG] [org.gradle.cache.internal.DefaultFileLockManager] Waiting to acquire shared lock on daemon addresses registry.
2025-03-31T14:31:31.561+0700 [DEBUG] [org.gradle.cache.internal.DefaultFileLockManager] Lock acquired on daemon addresses registry.
2025-03-31T14:31:31.561+0700 [DEBUG] [org.gradle.cache.internal.DefaultFileLockManager] Releasing lock on daemon addresses registry.
2025-03-31T14:31:31.562+0700 [DEBUG] [org.gradle.cache.internal.DefaultFileLockManager] Waiting to acquire shared lock on daemon addresses registry.
2025-03-31T14:31:31.562+0700 [DEBUG] [org.gradle.cache.internal.DefaultFileLockManager] Lock acquired on daemon addresses registry.
2025-03-31T14:31:31.563+0700 [DEBUG] [org.gradle.cache.internal.DefaultFileLockManager] Releasing lock on daemon addresses registry.
2025-03-31T14:31:31.563+0700 [DEBUG] [org.gradle.cache.internal.DefaultFileLockManager] Waiting to acquire shared lock on daemon addresses registry.
2025-03-31T14:31:31.564+0700 [DEBUG] [org.gradle.cache.internal.DefaultFileLockManager] Lock acquired on daemon addresses registry.
2025-03-31T14:31:31.564+0700 [DEBUG] [org.gradle.cache.internal.DefaultFileLockManager] Releasing lock on daemon addresses registry.
2025-03-31T14:31:41.564+0700 [DEBUG] [org.gradle.cache.internal.DefaultFileLockManager] Waiting to acquire shared lock on daemon addresses registry.
2025-03-31T14:31:41.564+0700 [DEBUG] [org.gradle.cache.internal.DefaultFileLockManager] Lock acquired on daemon addresses registry.
2025-03-31T14:31:41.564+0700 [DEBUG] [org.gradle.cache.internal.DefaultFileLockManager] Releasing lock on daemon addresses registry.
2025-03-31T14:31:41.565+0700 [DEBUG] [org.gradle.cache.internal.DefaultFileLockManager] Waiting to acquire shared lock on daemon addresses registry.
2025-03-31T14:31:41.565+0700 [DEBUG] [org.gradle.cache.internal.DefaultFileLockManager] Lock acquired on daemon addresses registry.
2025-03-31T14:31:41.566+0700 [DEBUG] [org.gradle.cache.internal.DefaultFileLockManager] Releasing lock on daemon addresses registry.
2025-03-31T14:31:41.566+0700 [DEBUG] [org.gradle.cache.internal.DefaultFileLockManager] Waiting to acquire shared lock on daemon addresses registry.
2025-03-31T14:31:41.566+0700 [DEBUG] [org.gradle.cache.internal.DefaultFileLockManager] Lock acquired on daemon addresses registry.
2025-03-31T14:31:41.567+0700 [DEBUG] [org.gradle.cache.internal.DefaultFileLockManager] Releasing lock on daemon addresses registry.
2025-03-31T14:31:51.566+0700 [DEBUG] [org.gradle.cache.internal.DefaultFileLockManager] Waiting to acquire shared lock on daemon addresses registry.
2025-03-31T14:31:51.566+0700 [DEBUG] [org.gradle.cache.internal.DefaultFileLockManager] Lock acquired on daemon addresses registry.
2025-03-31T14:31:51.566+0700 [DEBUG] [org.gradle.cache.internal.DefaultFileLockManager] Releasing lock on daemon addresses registry.
2025-03-31T14:31:51.567+0700 [DEBUG] [org.gradle.cache.internal.DefaultFileLockManager] Waiting to acquire shared lock on daemon addresses registry.
2025-03-31T14:31:51.567+0700 [DEBUG] [org.gradle.cache.internal.DefaultFileLockManager] Lock acquired on daemon addresses registry.
2025-03-31T14:31:51.567+0700 [DEBUG] [org.gradle.cache.internal.DefaultFileLockManager] Releasing lock on daemon addresses registry.
2025-03-31T14:31:51.568+0700 [DEBUG] [org.gradle.cache.internal.DefaultFileLockManager] Waiting to acquire shared lock on daemon addresses registry.
2025-03-31T14:31:51.568+0700 [DEBUG] [org.gradle.cache.internal.DefaultFileLockManager] Lock acquired on daemon addresses registry.
2025-03-31T14:31:51.568+0700 [DEBUG] [org.gradle.cache.internal.DefaultFileLockManager] Releasing lock on daemon addresses registry.
2025-03-31T14:32:01.570+0700 [DEBUG] [org.gradle.cache.internal.DefaultFileLockManager] Waiting to acquire shared lock on daemon addresses registry.
2025-03-31T14:32:01.570+0700 [DEBUG] [org.gradle.cache.internal.DefaultFileLockManager] Lock acquired on daemon addresses registry.
2025-03-31T14:32:01.570+0700 [DEBUG] [org.gradle.cache.internal.DefaultFileLockManager] Releasing lock on daemon addresses registry.
2025-03-31T14:32:01.571+0700 [DEBUG] [org.gradle.cache.internal.DefaultFileLockManager] Waiting to acquire shared lock on daemon addresses registry.
2025-03-31T14:32:01.572+0700 [DEBUG] [org.gradle.cache.internal.DefaultFileLockManager] Lock acquired on daemon addresses registry.
2025-03-31T14:32:01.572+0700 [DEBUG] [org.gradle.cache.internal.DefaultFileLockManager] Releasing lock on daemon addresses registry.
2025-03-31T14:32:01.572+0700 [DEBUG] [org.gradle.cache.internal.DefaultFileLockManager] Waiting to acquire shared lock on daemon addresses registry.
2025-03-31T14:32:01.573+0700 [DEBUG] [org.gradle.cache.internal.DefaultFileLockManager] Lock acquired on daemon addresses registry.
2025-03-31T14:32:01.573+0700 [DEBUG] [org.gradle.cache.internal.DefaultFileLockManager] Releasing lock on daemon addresses registry.
2025-03-31T14:32:11.561+0700 [DEBUG] [org.gradle.cache.internal.DefaultFileLockManager] Waiting to acquire shared lock on daemon addresses registry.
2025-03-31T14:32:11.561+0700 [DEBUG] [org.gradle.cache.internal.DefaultFileLockManager] Lock acquired on daemon addresses registry.
2025-03-31T14:32:11.562+0700 [DEBUG] [org.gradle.cache.internal.DefaultFileLockManager] Releasing lock on daemon addresses registry.
2025-03-31T14:32:11.563+0700 [DEBUG] [org.gradle.cache.internal.DefaultFileLockManager] Waiting to acquire shared lock on daemon addresses registry.
2025-03-31T14:32:11.563+0700 [DEBUG] [org.gradle.cache.internal.DefaultFileLockManager] Lock acquired on daemon addresses registry.
2025-03-31T14:32:11.563+0700 [DEBUG] [org.gradle.cache.internal.DefaultFileLockManager] Releasing lock on daemon addresses registry.
2025-03-31T14:32:11.564+0700 [DEBUG] [org.gradle.cache.internal.DefaultFileLockManager] Waiting to acquire shared lock on daemon addresses registry.
2025-03-31T14:32:11.564+0700 [DEBUG] [org.gradle.cache.internal.DefaultFileLockManager] Lock acquired on daemon addresses registry.
2025-03-31T14:32:11.564+0700 [DEBUG] [org.gradle.cache.internal.DefaultFileLockManager] Releasing lock on daemon addresses registry.
2025-03-31T14:32:21.568+0700 [DEBUG] [org.gradle.cache.internal.DefaultFileLockManager] Waiting to acquire shared lock on daemon addresses registry.
2025-03-31T14:32:21.569+0700 [DEBUG] [org.gradle.cache.internal.DefaultFileLockManager] Lock acquired on daemon addresses registry.
2025-03-31T14:32:21.569+0700 [DEBUG] [org.gradle.cache.internal.DefaultFileLockManager] Releasing lock on daemon addresses registry.
2025-03-31T14:32:21.570+0700 [DEBUG] [org.gradle.cache.internal.DefaultFileLockManager] Waiting to acquire shared lock on daemon addresses registry.
2025-03-31T14:32:21.570+0700 [DEBUG] [org.gradle.cache.internal.DefaultFileLockManager] Lock acquired on daemon addresses registry.
2025-03-31T14:32:21.570+0700 [DEBUG] [org.gradle.cache.internal.DefaultFileLockManager] Releasing lock on daemon addresses registry.
2025-03-31T14:32:21.571+0700 [DEBUG] [org.gradle.cache.internal.DefaultFileLockManager] Waiting to acquire shared lock on daemon addresses registry.
2025-03-31T14:32:21.571+0700 [DEBUG] [org.gradle.cache.internal.DefaultFileLockManager] Lock acquired on daemon addresses registry.
2025-03-31T14:32:21.571+0700 [DEBUG] [org.gradle.cache.internal.DefaultFileLockManager] Releasing lock on daemon addresses registry.
2025-03-31T14:32:31.560+0700 [DEBUG] [org.gradle.cache.internal.DefaultFileLockManager] Waiting to acquire shared lock on daemon addresses registry.
2025-03-31T14:32:31.560+0700 [DEBUG] [org.gradle.cache.internal.DefaultFileLockManager] Lock acquired on daemon addresses registry.
2025-03-31T14:32:31.561+0700 [DEBUG] [org.gradle.cache.internal.DefaultFileLockManager] Releasing lock on daemon addresses registry.
2025-03-31T14:32:31.561+0700 [DEBUG] [org.gradle.cache.internal.DefaultFileLockManager] Waiting to acquire shared lock on daemon addresses registry.
2025-03-31T14:32:31.561+0700 [DEBUG] [org.gradle.cache.internal.DefaultFileLockManager] Lock acquired on daemon addresses registry.
2025-03-31T14:32:31.562+0700 [DEBUG] [org.gradle.cache.internal.DefaultFileLockManager] Releasing lock on daemon addresses registry.
2025-03-31T14:32:31.562+0700 [DEBUG] [org.gradle.cache.internal.DefaultFileLockManager] Waiting to acquire shared lock on daemon addresses registry.
2025-03-31T14:32:31.562+0700 [DEBUG] [org.gradle.cache.internal.DefaultFileLockManager] Lock acquired on daemon addresses registry.
2025-03-31T14:32:31.563+0700 [DEBUG] [org.gradle.cache.internal.DefaultFileLockManager] Releasing lock on daemon addresses registry.
2025-03-31T14:32:41.557+0700 [DEBUG] [org.gradle.cache.internal.DefaultFileLockManager] Waiting to acquire shared lock on daemon addresses registry.
2025-03-31T14:32:41.557+0700 [DEBUG] [org.gradle.cache.internal.DefaultFileLockManager] Lock acquired on daemon addresses registry.
2025-03-31T14:32:41.557+0700 [DEBUG] [org.gradle.cache.internal.DefaultFileLockManager] Releasing lock on daemon addresses registry.
2025-03-31T14:32:41.558+0700 [DEBUG] [org.gradle.cache.internal.DefaultFileLockManager] Waiting to acquire shared lock on daemon addresses registry.
2025-03-31T14:32:41.558+0700 [DEBUG] [org.gradle.cache.internal.DefaultFileLockManager] Lock acquired on daemon addresses registry.
2025-03-31T14:32:41.558+0700 [DEBUG] [org.gradle.cache.internal.DefaultFileLockManager] Releasing lock on daemon addresses registry.
2025-03-31T14:32:41.559+0700 [DEBUG] [org.gradle.cache.internal.DefaultFileLockManager] Waiting to acquire shared lock on daemon addresses registry.
2025-03-31T14:32:41.559+0700 [DEBUG] [org.gradle.cache.internal.DefaultFileLockManager] Lock acquired on daemon addresses registry.
2025-03-31T14:32:41.560+0700 [DEBUG] [org.gradle.cache.internal.DefaultFileLockManager] Releasing lock on daemon addresses registry.
2025-03-31T14:32:51.567+0700 [DEBUG] [org.gradle.cache.internal.DefaultFileLockManager] Waiting to acquire shared lock on daemon addresses registry.
2025-03-31T14:32:51.567+0700 [DEBUG] [org.gradle.cache.internal.DefaultFileLockManager] Lock acquired on daemon addresses registry.
2025-03-31T14:32:51.568+0700 [DEBUG] [org.gradle.cache.internal.DefaultFileLockManager] Releasing lock on daemon addresses registry.
2025-03-31T14:32:51.568+0700 [DEBUG] [org.gradle.cache.internal.DefaultFileLockManager] Waiting to acquire shared lock on daemon addresses registry.
2025-03-31T14:32:51.568+0700 [DEBUG] [org.gradle.cache.internal.DefaultFileLockManager] Lock acquired on daemon addresses registry.
2025-03-31T14:32:51.569+0700 [DEBUG] [org.gradle.cache.internal.DefaultFileLockManager] Releasing lock on daemon addresses registry.
2025-03-31T14:32:51.569+0700 [DEBUG] [org.gradle.cache.internal.DefaultFileLockManager] Waiting to acquire shared lock on daemon addresses registry.
2025-03-31T14:32:51.569+0700 [DEBUG] [org.gradle.cache.internal.DefaultFileLockManager] Lock acquired on daemon addresses registry.
2025-03-31T14:32:51.570+0700 [DEBUG] [org.gradle.cache.internal.DefaultFileLockManager] Releasing lock on daemon addresses registry.
2025-03-31T14:33:01.571+0700 [DEBUG] [org.gradle.cache.internal.DefaultFileLockManager] Waiting to acquire shared lock on daemon addresses registry.
2025-03-31T14:33:01.571+0700 [DEBUG] [org.gradle.cache.internal.DefaultFileLockManager] Lock acquired on daemon addresses registry.
2025-03-31T14:33:01.572+0700 [DEBUG] [org.gradle.cache.internal.DefaultFileLockManager] Releasing lock on daemon addresses registry.
2025-03-31T14:33:01.572+0700 [DEBUG] [org.gradle.cache.internal.DefaultFileLockManager] Waiting to acquire shared lock on daemon addresses registry.
2025-03-31T14:33:01.573+0700 [DEBUG] [org.gradle.cache.internal.DefaultFileLockManager] Lock acquired on daemon addresses registry.
2025-03-31T14:33:01.573+0700 [DEBUG] [org.gradle.cache.internal.DefaultFileLockManager] Releasing lock on daemon addresses registry.
2025-03-31T14:33:01.573+0700 [DEBUG] [org.gradle.cache.internal.DefaultFileLockManager] Waiting to acquire shared lock on daemon addresses registry.
2025-03-31T14:33:01.574+0700 [DEBUG] [org.gradle.cache.internal.DefaultFileLockManager] Lock acquired on daemon addresses registry.
2025-03-31T14:33:01.574+0700 [DEBUG] [org.gradle.cache.internal.DefaultFileLockManager] Releasing lock on daemon addresses registry.
2025-03-31T14:33:11.565+0700 [DEBUG] [org.gradle.cache.internal.DefaultFileLockManager] Waiting to acquire shared lock on daemon addresses registry.
2025-03-31T14:33:11.566+0700 [DEBUG] [org.gradle.cache.internal.DefaultFileLockManager] Lock acquired on daemon addresses registry.
2025-03-31T14:33:11.566+0700 [DEBUG] [org.gradle.cache.internal.DefaultFileLockManager] Releasing lock on daemon addresses registry.
2025-03-31T14:33:11.567+0700 [DEBUG] [org.gradle.cache.internal.DefaultFileLockManager] Waiting to acquire shared lock on daemon addresses registry.
2025-03-31T14:33:11.567+0700 [DEBUG] [org.gradle.cache.internal.DefaultFileLockManager] Lock acquired on daemon addresses registry.
2025-03-31T14:33:11.568+0700 [DEBUG] [org.gradle.cache.internal.DefaultFileLockManager] Releasing lock on daemon addresses registry.
2025-03-31T14:33:11.569+0700 [DEBUG] [org.gradle.cache.internal.DefaultFileLockManager] Waiting to acquire shared lock on daemon addresses registry.
2025-03-31T14:33:11.569+0700 [DEBUG] [org.gradle.cache.internal.DefaultFileLockManager] Lock acquired on daemon addresses registry.
2025-03-31T14:33:11.569+0700 [DEBUG] [org.gradle.cache.internal.DefaultFileLockManager] Releasing lock on daemon addresses registry.
2025-03-31T14:33:21.560+0700 [DEBUG] [org.gradle.cache.internal.DefaultFileLockManager] Waiting to acquire shared lock on daemon addresses registry.
2025-03-31T14:33:21.560+0700 [DEBUG] [org.gradle.cache.internal.DefaultFileLockManager] Lock acquired on daemon addresses registry.
2025-03-31T14:33:21.560+0700 [DEBUG] [org.gradle.cache.internal.DefaultFileLockManager] Releasing lock on daemon addresses registry.
2025-03-31T14:33:21.561+0700 [DEBUG] [org.gradle.cache.internal.DefaultFileLockManager] Waiting to acquire shared lock on daemon addresses registry.
2025-03-31T14:33:21.562+0700 [DEBUG] [org.gradle.cache.internal.DefaultFileLockManager] Lock acquired on daemon addresses registry.
2025-03-31T14:33:21.562+0700 [DEBUG] [org.gradle.cache.internal.DefaultFileLockManager] Releasing lock on daemon addresses registry.
2025-03-31T14:33:21.563+0700 [DEBUG] [org.gradle.cache.internal.DefaultFileLockManager] Waiting to acquire shared lock on daemon addresses registry.
2025-03-31T14:33:21.563+0700 [DEBUG] [org.gradle.cache.internal.DefaultFileLockManager] Lock acquired on daemon addresses registry.
2025-03-31T14:33:21.563+0700 [DEBUG] [org.gradle.cache.internal.DefaultFileLockManager] Releasing lock on daemon addresses registry.
2025-03-31T14:33:31.562+0700 [DEBUG] [org.gradle.cache.internal.DefaultFileLockManager] Waiting to acquire shared lock on daemon addresses registry.
2025-03-31T14:33:31.562+0700 [DEBUG] [org.gradle.cache.internal.DefaultFileLockManager] Lock acquired on daemon addresses registry.
2025-03-31T14:33:31.562+0700 [DEBUG] [org.gradle.cache.internal.DefaultFileLockManager] Releasing lock on daemon addresses registry.
2025-03-31T14:33:31.563+0700 [DEBUG] [org.gradle.cache.internal.DefaultFileLockManager] Waiting to acquire shared lock on daemon addresses registry.
2025-03-31T14:33:31.563+0700 [DEBUG] [org.gradle.cache.internal.DefaultFileLockManager] Lock acquired on daemon addresses registry.
2025-03-31T14:33:31.564+0700 [DEBUG] [org.gradle.cache.internal.DefaultFileLockManager] Releasing lock on daemon addresses registry.
2025-03-31T14:33:31.564+0700 [DEBUG] [org.gradle.cache.internal.DefaultFileLockManager] Waiting to acquire shared lock on daemon addresses registry.
2025-03-31T14:33:31.564+0700 [DEBUG] [org.gradle.cache.internal.DefaultFileLockManager] Lock acquired on daemon addresses registry.
2025-03-31T14:33:31.565+0700 [DEBUG] [org.gradle.cache.internal.DefaultFileLockManager] Releasing lock on daemon addresses registry.
2025-03-31T14:33:41.571+0700 [DEBUG] [org.gradle.cache.internal.DefaultFileLockManager] Waiting to acquire shared lock on daemon addresses registry.
2025-03-31T14:33:41.571+0700 [DEBUG] [org.gradle.cache.internal.DefaultFileLockManager] Lock acquired on daemon addresses registry.
2025-03-31T14:33:41.572+0700 [DEBUG] [org.gradle.cache.internal.DefaultFileLockManager] Releasing lock on daemon addresses registry.
2025-03-31T14:33:41.572+0700 [DEBUG] [org.gradle.cache.internal.DefaultFileLockManager] Waiting to acquire shared lock on daemon addresses registry.
2025-03-31T14:33:41.572+0700 [DEBUG] [org.gradle.cache.internal.DefaultFileLockManager] Lock acquired on daemon addresses registry.
2025-03-31T14:33:41.573+0700 [DEBUG] [org.gradle.cache.internal.DefaultFileLockManager] Releasing lock on daemon addresses registry.
2025-03-31T14:33:41.573+0700 [DEBUG] [org.gradle.cache.internal.DefaultFileLockManager] Waiting to acquire shared lock on daemon addresses registry.
2025-03-31T14:33:41.573+0700 [DEBUG] [org.gradle.cache.internal.DefaultFileLockManager] Lock acquired on daemon addresses registry.
2025-03-31T14:33:41.573+0700 [DEBUG] [org.gradle.cache.internal.DefaultFileLockManager] Releasing lock on daemon addresses registry.
2025-03-31T14:33:51.570+0700 [DEBUG] [org.gradle.cache.internal.DefaultFileLockManager] Waiting to acquire shared lock on daemon addresses registry.
2025-03-31T14:33:51.570+0700 [DEBUG] [org.gradle.cache.internal.DefaultFileLockManager] Lock acquired on daemon addresses registry.
2025-03-31T14:33:51.570+0700 [DEBUG] [org.gradle.cache.internal.DefaultFileLockManager] Releasing lock on daemon addresses registry.
2025-03-31T14:33:51.571+0700 [DEBUG] [org.gradle.cache.internal.DefaultFileLockManager] Waiting to acquire shared lock on daemon addresses registry.
2025-03-31T14:33:51.571+0700 [DEBUG] [org.gradle.cache.internal.DefaultFileLockManager] Lock acquired on daemon addresses registry.
2025-03-31T14:33:51.571+0700 [DEBUG] [org.gradle.cache.internal.DefaultFileLockManager] Releasing lock on daemon addresses registry.
2025-03-31T14:33:51.572+0700 [DEBUG] [org.gradle.cache.internal.DefaultFileLockManager] Waiting to acquire shared lock on daemon addresses registry.
2025-03-31T14:33:51.572+0700 [DEBUG] [org.gradle.cache.internal.DefaultFileLockManager] Lock acquired on daemon addresses registry.
2025-03-31T14:33:51.572+0700 [DEBUG] [org.gradle.cache.internal.DefaultFileLockManager] Releasing lock on daemon addresses registry.
2025-03-31T14:34:01.564+0700 [DEBUG] [org.gradle.cache.internal.DefaultFileLockManager] Waiting to acquire shared lock on daemon addresses registry.
2025-03-31T14:34:01.565+0700 [DEBUG] [org.gradle.cache.internal.DefaultFileLockManager] Lock acquired on daemon addresses registry.
2025-03-31T14:34:01.565+0700 [DEBUG] [org.gradle.cache.internal.DefaultFileLockManager] Releasing lock on daemon addresses registry.
2025-03-31T14:34:01.566+0700 [DEBUG] [org.gradle.cache.internal.DefaultFileLockManager] Waiting to acquire shared lock on daemon addresses registry.
2025-03-31T14:34:01.567+0700 [DEBUG] [org.gradle.cache.internal.DefaultFileLockManager] Lock acquired on daemon addresses registry.
2025-03-31T14:34:01.567+0700 [DEBUG] [org.gradle.cache.internal.DefaultFileLockManager] Releasing lock on daemon addresses registry.
2025-03-31T14:34:01.568+0700 [DEBUG] [org.gradle.cache.internal.DefaultFileLockManager] Waiting to acquire shared lock on daemon addresses registry.
2025-03-31T14:34:01.568+0700 [DEBUG] [org.gradle.cache.internal.DefaultFileLockManager] Lock acquired on daemon addresses registry.
2025-03-31T14:34:01.568+0700 [DEBUG] [org.gradle.cache.internal.DefaultFileLockManager] Releasing lock on daemon addresses registry.
2025-03-31T14:34:11.562+0700 [DEBUG] [org.gradle.cache.internal.DefaultFileLockManager] Waiting to acquire shared lock on daemon addresses registry.
2025-03-31T14:34:11.563+0700 [DEBUG] [org.gradle.cache.internal.DefaultFileLockManager] Lock acquired on daemon addresses registry.
2025-03-31T14:34:11.563+0700 [DEBUG] [org.gradle.cache.internal.DefaultFileLockManager] Releasing lock on daemon addresses registry.
2025-03-31T14:34:11.564+0700 [DEBUG] [org.gradle.cache.internal.DefaultFileLockManager] Waiting to acquire shared lock on daemon addresses registry.
2025-03-31T14:34:11.564+0700 [DEBUG] [org.gradle.cache.internal.DefaultFileLockManager] Lock acquired on daemon addresses registry.
2025-03-31T14:34:11.564+0700 [DEBUG] [org.gradle.cache.internal.DefaultFileLockManager] Releasing lock on daemon addresses registry.
2025-03-31T14:34:11.565+0700 [DEBUG] [org.gradle.cache.internal.DefaultFileLockManager] Waiting to acquire shared lock on daemon addresses registry.
2025-03-31T14:34:11.565+0700 [DEBUG] [org.gradle.cache.internal.DefaultFileLockManager] Lock acquired on daemon addresses registry.
2025-03-31T14:34:11.565+0700 [DEBUG] [org.gradle.cache.internal.DefaultFileLockManager] Releasing lock on daemon addresses registry.
2025-03-31T14:34:21.565+0700 [DEBUG] [org.gradle.cache.internal.DefaultFileLockManager] Waiting to acquire shared lock on daemon addresses registry.
2025-03-31T14:34:21.565+0700 [DEBUG] [org.gradle.cache.internal.DefaultFileLockManager] Lock acquired on daemon addresses registry.
2025-03-31T14:34:21.565+0700 [DEBUG] [org.gradle.cache.internal.DefaultFileLockManager] Releasing lock on daemon addresses registry.
2025-03-31T14:34:21.566+0700 [DEBUG] [org.gradle.cache.internal.DefaultFileLockManager] Waiting to acquire shared lock on daemon addresses registry.
2025-03-31T14:34:21.566+0700 [DEBUG] [org.gradle.cache.internal.DefaultFileLockManager] Lock acquired on daemon addresses registry.
2025-03-31T14:34:21.566+0700 [DEBUG] [org.gradle.cache.internal.DefaultFileLockManager] Releasing lock on daemon addresses registry.
2025-03-31T14:34:21.567+0700 [DEBUG] [org.gradle.cache.internal.DefaultFileLockManager] Waiting to acquire shared lock on daemon addresses registry.
2025-03-31T14:34:21.567+0700 [DEBUG] [org.gradle.cache.internal.DefaultFileLockManager] Lock acquired on daemon addresses registry.
2025-03-31T14:34:21.567+0700 [DEBUG] [org.gradle.cache.internal.DefaultFileLockManager] Releasing lock on daemon addresses registry.
2025-03-31T14:34:31.566+0700 [DEBUG] [org.gradle.cache.internal.DefaultFileLockManager] Waiting to acquire shared lock on daemon addresses registry.
2025-03-31T14:34:31.566+0700 [DEBUG] [org.gradle.cache.internal.DefaultFileLockManager] Lock acquired on daemon addresses registry.
2025-03-31T14:34:31.567+0700 [DEBUG] [org.gradle.cache.internal.DefaultFileLockManager] Releasing lock on daemon addresses registry.
2025-03-31T14:34:31.568+0700 [DEBUG] [org.gradle.cache.internal.DefaultFileLockManager] Waiting to acquire shared lock on daemon addresses registry.
2025-03-31T14:34:31.568+0700 [DEBUG] [org.gradle.cache.internal.DefaultFileLockManager] Lock acquired on daemon addresses registry.
2025-03-31T14:34:31.568+0700 [DEBUG] [org.gradle.cache.internal.DefaultFileLockManager] Releasing lock on daemon addresses registry.
2025-03-31T14:34:31.569+0700 [DEBUG] [org.gradle.cache.internal.DefaultFileLockManager] Waiting to acquire shared lock on daemon addresses registry.
2025-03-31T14:34:31.569+0700 [DEBUG] [org.gradle.cache.internal.DefaultFileLockManager] Lock acquired on daemon addresses registry.
2025-03-31T14:34:31.569+0700 [DEBUG] [org.gradle.cache.internal.DefaultFileLockManager] Releasing lock on daemon addresses registry.
2025-03-31T14:34:41.562+0700 [DEBUG] [org.gradle.cache.internal.DefaultFileLockManager] Waiting to acquire shared lock on daemon addresses registry.
2025-03-31T14:34:41.563+0700 [DEBUG] [org.gradle.cache.internal.DefaultFileLockManager] Lock acquired on daemon addresses registry.
2025-03-31T14:34:41.563+0700 [DEBUG] [org.gradle.cache.internal.DefaultFileLockManager] Releasing lock on daemon addresses registry.
2025-03-31T14:34:41.564+0700 [DEBUG] [org.gradle.cache.internal.DefaultFileLockManager] Waiting to acquire shared lock on daemon addresses registry.
2025-03-31T14:34:41.564+0700 [DEBUG] [org.gradle.cache.internal.DefaultFileLockManager] Lock acquired on daemon addresses registry.
2025-03-31T14:34:41.565+0700 [DEBUG] [org.gradle.cache.internal.DefaultFileLockManager] Releasing lock on daemon addresses registry.
2025-03-31T14:34:41.565+0700 [DEBUG] [org.gradle.cache.internal.DefaultFileLockManager] Waiting to acquire shared lock on daemon addresses registry.
2025-03-31T14:34:41.565+0700 [DEBUG] [org.gradle.cache.internal.DefaultFileLockManager] Lock acquired on daemon addresses registry.
2025-03-31T14:34:41.566+0700 [DEBUG] [org.gradle.cache.internal.DefaultFileLockManager] Releasing lock on daemon addresses registry.
2025-03-31T14:34:51.568+0700 [DEBUG] [org.gradle.cache.internal.DefaultFileLockManager] Waiting to acquire shared lock on daemon addresses registry.
2025-03-31T14:34:51.569+0700 [DEBUG] [org.gradle.cache.internal.DefaultFileLockManager] Lock acquired on daemon addresses registry.
2025-03-31T14:34:51.569+0700 [DEBUG] [org.gradle.cache.internal.DefaultFileLockManager] Releasing lock on daemon addresses registry.
2025-03-31T14:34:51.570+0700 [DEBUG] [org.gradle.cache.internal.DefaultFileLockManager] Waiting to acquire shared lock on daemon addresses registry.
2025-03-31T14:34:51.570+0700 [DEBUG] [org.gradle.cache.internal.DefaultFileLockManager] Lock acquired on daemon addresses registry.
2025-03-31T14:34:51.570+0700 [DEBUG] [org.gradle.cache.internal.DefaultFileLockManager] Releasing lock on daemon addresses registry.
2025-03-31T14:34:51.571+0700 [DEBUG] [org.gradle.cache.internal.DefaultFileLockManager] Waiting to acquire shared lock on daemon addresses registry.
2025-03-31T14:34:51.571+0700 [DEBUG] [org.gradle.cache.internal.DefaultFileLockManager] Lock acquired on daemon addresses registry.
2025-03-31T14:34:51.571+0700 [DEBUG] [org.gradle.cache.internal.DefaultFileLockManager] Releasing lock on daemon addresses registry.
2025-03-31T14:35:01.559+0700 [DEBUG] [org.gradle.cache.internal.DefaultFileLockManager] Waiting to acquire shared lock on daemon addresses registry.
2025-03-31T14:35:01.560+0700 [DEBUG] [org.gradle.cache.internal.DefaultFileLockManager] Lock acquired on daemon addresses registry.
2025-03-31T14:35:01.560+0700 [DEBUG] [org.gradle.cache.internal.DefaultFileLockManager] Releasing lock on daemon addresses registry.
2025-03-31T14:35:01.561+0700 [DEBUG] [org.gradle.cache.internal.DefaultFileLockManager] Waiting to acquire shared lock on daemon addresses registry.
2025-03-31T14:35:01.561+0700 [DEBUG] [org.gradle.cache.internal.DefaultFileLockManager] Lock acquired on daemon addresses registry.
2025-03-31T14:35:01.561+0700 [DEBUG] [org.gradle.cache.internal.DefaultFileLockManager] Releasing lock on daemon addresses registry.
2025-03-31T14:35:01.562+0700 [DEBUG] [org.gradle.cache.internal.DefaultFileLockManager] Waiting to acquire shared lock on daemon addresses registry.
2025-03-31T14:35:01.562+0700 [DEBUG] [org.gradle.cache.internal.DefaultFileLockManager] Lock acquired on daemon addresses registry.
2025-03-31T14:35:01.562+0700 [DEBUG] [org.gradle.cache.internal.DefaultFileLockManager] Releasing lock on daemon addresses registry.
2025-03-31T14:35:11.566+0700 [DEBUG] [org.gradle.cache.internal.DefaultFileLockManager] Waiting to acquire shared lock on daemon addresses registry.
2025-03-31T14:35:11.566+0700 [DEBUG] [org.gradle.cache.internal.DefaultFileLockManager] Lock acquired on daemon addresses registry.
2025-03-31T14:35:11.566+0700 [DEBUG] [org.gradle.cache.internal.DefaultFileLockManager] Releasing lock on daemon addresses registry.
2025-03-31T14:35:11.567+0700 [DEBUG] [org.gradle.cache.internal.DefaultFileLockManager] Waiting to acquire shared lock on daemon addresses registry.
2025-03-31T14:35:11.567+0700 [DEBUG] [org.gradle.cache.internal.DefaultFileLockManager] Lock acquired on daemon addresses registry.
2025-03-31T14:35:11.568+0700 [DEBUG] [org.gradle.cache.internal.DefaultFileLockManager] Releasing lock on daemon addresses registry.
2025-03-31T14:35:11.568+0700 [DEBUG] [org.gradle.cache.internal.DefaultFileLockManager] Waiting to acquire shared lock on daemon addresses registry.
2025-03-31T14:35:11.568+0700 [DEBUG] [org.gradle.cache.internal.DefaultFileLockManager] Lock acquired on daemon addresses registry.
2025-03-31T14:35:11.569+0700 [DEBUG] [org.gradle.cache.internal.DefaultFileLockManager] Releasing lock on daemon addresses registry.
2025-03-31T14:35:21.570+0700 [DEBUG] [org.gradle.cache.internal.DefaultFileLockManager] Waiting to acquire shared lock on daemon addresses registry.
2025-03-31T14:35:21.570+0700 [DEBUG] [org.gradle.cache.internal.DefaultFileLockManager] Lock acquired on daemon addresses registry.
2025-03-31T14:35:21.571+0700 [DEBUG] [org.gradle.cache.internal.DefaultFileLockManager] Releasing lock on daemon addresses registry.
2025-03-31T14:35:21.571+0700 [DEBUG] [org.gradle.cache.internal.DefaultFileLockManager] Waiting to acquire shared lock on daemon addresses registry.
2025-03-31T14:35:21.572+0700 [DEBUG] [org.gradle.cache.internal.DefaultFileLockManager] Lock acquired on daemon addresses registry.
2025-03-31T14:35:21.572+0700 [DEBUG] [org.gradle.cache.internal.DefaultFileLockManager] Releasing lock on daemon addresses registry.
2025-03-31T14:35:21.572+0700 [DEBUG] [org.gradle.cache.internal.DefaultFileLockManager] Waiting to acquire shared lock on daemon addresses registry.
2025-03-31T14:35:21.573+0700 [DEBUG] [org.gradle.cache.internal.DefaultFileLockManager] Lock acquired on daemon addresses registry.
2025-03-31T14:35:21.573+0700 [DEBUG] [org.gradle.cache.internal.DefaultFileLockManager] Releasing lock on daemon addresses registry.
2025-03-31T14:35:31.562+0700 [DEBUG] [org.gradle.cache.internal.DefaultFileLockManager] Waiting to acquire shared lock on daemon addresses registry.
2025-03-31T14:35:31.562+0700 [DEBUG] [org.gradle.cache.internal.DefaultFileLockManager] Lock acquired on daemon addresses registry.
2025-03-31T14:35:31.562+0700 [DEBUG] [org.gradle.cache.internal.DefaultFileLockManager] Releasing lock on daemon addresses registry.
2025-03-31T14:35:31.563+0700 [DEBUG] [org.gradle.cache.internal.DefaultFileLockManager] Waiting to acquire shared lock on daemon addresses registry.
2025-03-31T14:35:31.563+0700 [DEBUG] [org.gradle.cache.internal.DefaultFileLockManager] Lock acquired on daemon addresses registry.
2025-03-31T14:35:31.563+0700 [DEBUG] [org.gradle.cache.internal.DefaultFileLockManager] Releasing lock on daemon addresses registry.
2025-03-31T14:35:31.564+0700 [DEBUG] [org.gradle.cache.internal.DefaultFileLockManager] Waiting to acquire shared lock on daemon addresses registry.
2025-03-31T14:35:31.564+0700 [DEBUG] [org.gradle.cache.internal.DefaultFileLockManager] Lock acquired on daemon addresses registry.
2025-03-31T14:35:31.564+0700 [DEBUG] [org.gradle.cache.internal.DefaultFileLockManager] Releasing lock on daemon addresses registry.
2025-03-31T14:35:41.558+0700 [DEBUG] [org.gradle.cache.internal.DefaultFileLockManager] Waiting to acquire shared lock on daemon addresses registry.
2025-03-31T14:35:41.559+0700 [DEBUG] [org.gradle.cache.internal.DefaultFileLockManager] Lock acquired on daemon addresses registry.
2025-03-31T14:35:41.559+0700 [DEBUG] [org.gradle.cache.internal.DefaultFileLockManager] Releasing lock on daemon addresses registry.
2025-03-31T14:35:41.561+0700 [DEBUG] [org.gradle.cache.internal.DefaultFileLockManager] Waiting to acquire shared lock on daemon addresses registry.
2025-03-31T14:35:41.561+0700 [DEBUG] [org.gradle.cache.internal.DefaultFileLockManager] Lock acquired on daemon addresses registry.
2025-03-31T14:35:41.562+0700 [DEBUG] [org.gradle.cache.internal.DefaultFileLockManager] Releasing lock on daemon addresses registry.
2025-03-31T14:35:41.563+0700 [DEBUG] [org.gradle.cache.internal.DefaultFileLockManager] Waiting to acquire shared lock on daemon addresses registry.
2025-03-31T14:35:41.563+0700 [DEBUG] [org.gradle.cache.internal.DefaultFileLockManager] Lock acquired on daemon addresses registry.
2025-03-31T14:35:41.564+0700 [DEBUG] [org.gradle.cache.internal.DefaultFileLockManager] Releasing lock on daemon addresses registry.
2025-03-31T14:35:51.571+0700 [DEBUG] [org.gradle.cache.internal.DefaultFileLockManager] Waiting to acquire shared lock on daemon addresses registry.
2025-03-31T14:35:51.571+0700 [DEBUG] [org.gradle.cache.internal.DefaultFileLockManager] Lock acquired on daemon addresses registry.
2025-03-31T14:35:51.571+0700 [DEBUG] [org.gradle.cache.internal.DefaultFileLockManager] Releasing lock on daemon addresses registry.
2025-03-31T14:35:51.572+0700 [DEBUG] [org.gradle.cache.internal.DefaultFileLockManager] Waiting to acquire shared lock on daemon addresses registry.
2025-03-31T14:35:51.572+0700 [DEBUG] [org.gradle.cache.internal.DefaultFileLockManager] Lock acquired on daemon addresses registry.
2025-03-31T14:35:51.573+0700 [DEBUG] [org.gradle.cache.internal.DefaultFileLockManager] Releasing lock on daemon addresses registry.
2025-03-31T14:35:51.573+0700 [DEBUG] [org.gradle.cache.internal.DefaultFileLockManager] Waiting to acquire shared lock on daemon addresses registry.
2025-03-31T14:35:51.573+0700 [DEBUG] [org.gradle.cache.internal.DefaultFileLockManager] Lock acquired on daemon addresses registry.
2025-03-31T14:35:51.574+0700 [DEBUG] [org.gradle.cache.internal.DefaultFileLockManager] Releasing lock on daemon addresses registry.
2025-03-31T14:36:01.564+0700 [DEBUG] [org.gradle.cache.internal.DefaultFileLockManager] Waiting to acquire shared lock on daemon addresses registry.
2025-03-31T14:36:01.564+0700 [DEBUG] [org.gradle.cache.internal.DefaultFileLockManager] Lock acquired on daemon addresses registry.
2025-03-31T14:36:01.564+0700 [DEBUG] [org.gradle.cache.internal.DefaultFileLockManager] Releasing lock on daemon addresses registry.
2025-03-31T14:36:01.565+0700 [DEBUG] [org.gradle.cache.internal.DefaultFileLockManager] Waiting to acquire shared lock on daemon addresses registry.
2025-03-31T14:36:01.565+0700 [DEBUG] [org.gradle.cache.internal.DefaultFileLockManager] Lock acquired on daemon addresses registry.
2025-03-31T14:36:01.565+0700 [DEBUG] [org.gradle.cache.internal.DefaultFileLockManager] Releasing lock on daemon addresses registry.
2025-03-31T14:36:01.566+0700 [DEBUG] [org.gradle.cache.internal.DefaultFileLockManager] Waiting to acquire shared lock on daemon addresses registry.
2025-03-31T14:36:01.566+0700 [DEBUG] [org.gradle.cache.internal.DefaultFileLockManager] Lock acquired on daemon addresses registry.
2025-03-31T14:36:01.566+0700 [DEBUG] [org.gradle.cache.internal.DefaultFileLockManager] Releasing lock on daemon addresses registry.
2025-03-31T14:36:11.559+0700 [DEBUG] [org.gradle.cache.internal.DefaultFileLockManager] Waiting to acquire shared lock on daemon addresses registry.
2025-03-31T14:36:11.560+0700 [DEBUG] [org.gradle.cache.internal.DefaultFileLockManager] Lock acquired on daemon addresses registry.
2025-03-31T14:36:11.560+0700 [DEBUG] [org.gradle.cache.internal.DefaultFileLockManager] Releasing lock on daemon addresses registry.
2025-03-31T14:36:11.561+0700 [DEBUG] [org.gradle.cache.internal.DefaultFileLockManager] Waiting to acquire shared lock on daemon addresses registry.
2025-03-31T14:36:11.561+0700 [DEBUG] [org.gradle.cache.internal.DefaultFileLockManager] Lock acquired on daemon addresses registry.
2025-03-31T14:36:11.561+0700 [DEBUG] [org.gradle.cache.internal.DefaultFileLockManager] Releasing lock on daemon addresses registry.
2025-03-31T14:36:11.561+0700 [DEBUG] [org.gradle.cache.internal.DefaultFileLockManager] Waiting to acquire shared lock on daemon addresses registry.
2025-03-31T14:36:11.562+0700 [DEBUG] [org.gradle.cache.internal.DefaultFileLockManager] Lock acquired on daemon addresses registry.
2025-03-31T14:36:11.562+0700 [DEBUG] [org.gradle.cache.internal.DefaultFileLockManager] Releasing lock on daemon addresses registry.
2025-03-31T14:36:21.568+0700 [DEBUG] [org.gradle.cache.internal.DefaultFileLockManager] Waiting to acquire shared lock on daemon addresses registry.
2025-03-31T14:36:21.568+0700 [DEBUG] [org.gradle.cache.internal.DefaultFileLockManager] Lock acquired on daemon addresses registry.
2025-03-31T14:36:21.568+0700 [DEBUG] [org.gradle.cache.internal.DefaultFileLockManager] Releasing lock on daemon addresses registry.
2025-03-31T14:36:21.569+0700 [DEBUG] [org.gradle.cache.internal.DefaultFileLockManager] Waiting to acquire shared lock on daemon addresses registry.
2025-03-31T14:36:21.569+0700 [DEBUG] [org.gradle.cache.internal.DefaultFileLockManager] Lock acquired on daemon addresses registry.
2025-03-31T14:36:21.570+0700 [DEBUG] [org.gradle.cache.internal.DefaultFileLockManager] Releasing lock on daemon addresses registry.
2025-03-31T14:36:21.570+0700 [DEBUG] [org.gradle.cache.internal.DefaultFileLockManager] Waiting to acquire shared lock on daemon addresses registry.
2025-03-31T14:36:21.570+0700 [DEBUG] [org.gradle.cache.internal.DefaultFileLockManager] Lock acquired on daemon addresses registry.
2025-03-31T14:36:21.570+0700 [DEBUG] [org.gradle.cache.internal.DefaultFileLockManager] Releasing lock on daemon addresses registry.
2025-03-31T14:36:31.561+0700 [DEBUG] [org.gradle.cache.internal.DefaultFileLockManager] Waiting to acquire shared lock on daemon addresses registry.
2025-03-31T14:36:31.561+0700 [DEBUG] [org.gradle.cache.internal.DefaultFileLockManager] Lock acquired on daemon addresses registry.
2025-03-31T14:36:31.561+0700 [DEBUG] [org.gradle.cache.internal.DefaultFileLockManager] Releasing lock on daemon addresses registry.
2025-03-31T14:36:31.562+0700 [DEBUG] [org.gradle.cache.internal.DefaultFileLockManager] Waiting to acquire shared lock on daemon addresses registry.
2025-03-31T14:36:31.562+0700 [DEBUG] [org.gradle.cache.internal.DefaultFileLockManager] Lock acquired on daemon addresses registry.
2025-03-31T14:36:31.562+0700 [DEBUG] [org.gradle.cache.internal.DefaultFileLockManager] Releasing lock on daemon addresses registry.
2025-03-31T14:36:31.563+0700 [DEBUG] [org.gradle.cache.internal.DefaultFileLockManager] Waiting to acquire shared lock on daemon addresses registry.
2025-03-31T14:36:31.563+0700 [DEBUG] [org.gradle.cache.internal.DefaultFileLockManager] Lock acquired on daemon addresses registry.
2025-03-31T14:36:31.563+0700 [DEBUG] [org.gradle.cache.internal.DefaultFileLockManager] Releasing lock on daemon addresses registry.
2025-03-31T14:36:41.560+0700 [DEBUG] [org.gradle.cache.internal.DefaultFileLockManager] Waiting to acquire shared lock on daemon addresses registry.
2025-03-31T14:36:41.560+0700 [DEBUG] [org.gradle.cache.internal.DefaultFileLockManager] Lock acquired on daemon addresses registry.
2025-03-31T14:36:41.560+0700 [DEBUG] [org.gradle.cache.internal.DefaultFileLockManager] Releasing lock on daemon addresses registry.
2025-03-31T14:36:41.561+0700 [DEBUG] [org.gradle.cache.internal.DefaultFileLockManager] Waiting to acquire shared lock on daemon addresses registry.
2025-03-31T14:36:41.561+0700 [DEBUG] [org.gradle.cache.internal.DefaultFileLockManager] Lock acquired on daemon addresses registry.
2025-03-31T14:36:41.561+0700 [DEBUG] [org.gradle.cache.internal.DefaultFileLockManager] Releasing lock on daemon addresses registry.
2025-03-31T14:36:41.562+0700 [DEBUG] [org.gradle.cache.internal.DefaultFileLockManager] Waiting to acquire shared lock on daemon addresses registry.
2025-03-31T14:36:41.562+0700 [DEBUG] [org.gradle.cache.internal.DefaultFileLockManager] Lock acquired on daemon addresses registry.
2025-03-31T14:36:41.562+0700 [DEBUG] [org.gradle.cache.internal.DefaultFileLockManager] Releasing lock on daemon addresses registry.
2025-03-31T14:36:51.566+0700 [DEBUG] [org.gradle.cache.internal.DefaultFileLockManager] Waiting to acquire shared lock on daemon addresses registry.
2025-03-31T14:36:51.567+0700 [DEBUG] [org.gradle.cache.internal.DefaultFileLockManager] Lock acquired on daemon addresses registry.
2025-03-31T14:36:51.567+0700 [DEBUG] [org.gradle.cache.internal.DefaultFileLockManager] Releasing lock on daemon addresses registry.
2025-03-31T14:36:51.568+0700 [DEBUG] [org.gradle.cache.internal.DefaultFileLockManager] Waiting to acquire shared lock on daemon addresses registry.
2025-03-31T14:36:51.568+0700 [DEBUG] [org.gradle.cache.internal.DefaultFileLockManager] Lock acquired on daemon addresses registry.
2025-03-31T14:36:51.568+0700 [DEBUG] [org.gradle.cache.internal.DefaultFileLockManager] Releasing lock on daemon addresses registry.
2025-03-31T14:36:51.568+0700 [DEBUG] [org.gradle.cache.internal.DefaultFileLockManager] Waiting to acquire shared lock on daemon addresses registry.
2025-03-31T14:36:51.569+0700 [DEBUG] [org.gradle.cache.internal.DefaultFileLockManager] Lock acquired on daemon addresses registry.
2025-03-31T14:36:51.569+0700 [DEBUG] [org.gradle.cache.internal.DefaultFileLockManager] Releasing lock on daemon addresses registry.
2025-03-31T14:37:01.562+0700 [DEBUG] [org.gradle.cache.internal.DefaultFileLockManager] Waiting to acquire shared lock on daemon addresses registry.
2025-03-31T14:37:01.562+0700 [DEBUG] [org.gradle.cache.internal.DefaultFileLockManager] Lock acquired on daemon addresses registry.
2025-03-31T14:37:01.562+0700 [DEBUG] [org.gradle.cache.internal.DefaultFileLockManager] Releasing lock on daemon addresses registry.
2025-03-31T14:37:01.563+0700 [DEBUG] [org.gradle.cache.internal.DefaultFileLockManager] Waiting to acquire shared lock on daemon addresses registry.
2025-03-31T14:37:01.563+0700 [DEBUG] [org.gradle.cache.internal.DefaultFileLockManager] Lock acquired on daemon addresses registry.
2025-03-31T14:37:01.564+0700 [DEBUG] [org.gradle.cache.internal.DefaultFileLockManager] Releasing lock on daemon addresses registry.
2025-03-31T14:37:01.564+0700 [DEBUG] [org.gradle.cache.internal.DefaultFileLockManager] Waiting to acquire shared lock on daemon addresses registry.
2025-03-31T14:37:01.565+0700 [DEBUG] [org.gradle.cache.internal.DefaultFileLockManager] Lock acquired on daemon addresses registry.
2025-03-31T14:37:01.565+0700 [DEBUG] [org.gradle.cache.internal.DefaultFileLockManager] Releasing lock on daemon addresses registry.
2025-03-31T14:37:11.564+0700 [DEBUG] [org.gradle.cache.internal.DefaultFileLockManager] Waiting to acquire shared lock on daemon addresses registry.
2025-03-31T14:37:11.565+0700 [DEBUG] [org.gradle.cache.internal.DefaultFileLockManager] Lock acquired on daemon addresses registry.
2025-03-31T14:37:11.565+0700 [DEBUG] [org.gradle.cache.internal.DefaultFileLockManager] Releasing lock on daemon addresses registry.
2025-03-31T14:37:11.566+0700 [DEBUG] [org.gradle.cache.internal.DefaultFileLockManager] Waiting to acquire shared lock on daemon addresses registry.
2025-03-31T14:37:11.566+0700 [DEBUG] [org.gradle.cache.internal.DefaultFileLockManager] Lock acquired on daemon addresses registry.
2025-03-31T14:37:11.566+0700 [DEBUG] [org.gradle.cache.internal.DefaultFileLockManager] Releasing lock on daemon addresses registry.
2025-03-31T14:37:11.567+0700 [DEBUG] [org.gradle.cache.internal.DefaultFileLockManager] Waiting to acquire shared lock on daemon addresses registry.
2025-03-31T14:37:11.567+0700 [DEBUG] [org.gradle.cache.internal.DefaultFileLockManager] Lock acquired on daemon addresses registry.
2025-03-31T14:37:11.567+0700 [DEBUG] [org.gradle.cache.internal.DefaultFileLockManager] Releasing lock on daemon addresses registry.
2025-03-31T14:37:21.567+0700 [DEBUG] [org.gradle.cache.internal.DefaultFileLockManager] Waiting to acquire shared lock on daemon addresses registry.
2025-03-31T14:37:21.567+0700 [DEBUG] [org.gradle.cache.internal.DefaultFileLockManager] Lock acquired on daemon addresses registry.
2025-03-31T14:37:21.567+0700 [DEBUG] [org.gradle.cache.internal.DefaultFileLockManager] Releasing lock on daemon addresses registry.
2025-03-31T14:37:21.569+0700 [DEBUG] [org.gradle.cache.internal.DefaultFileLockManager] Waiting to acquire shared lock on daemon addresses registry.
2025-03-31T14:37:21.569+0700 [DEBUG] [org.gradle.cache.internal.DefaultFileLockManager] Lock acquired on daemon addresses registry.
2025-03-31T14:37:21.570+0700 [DEBUG] [org.gradle.cache.internal.DefaultFileLockManager] Releasing lock on daemon addresses registry.
2025-03-31T14:37:21.571+0700 [DEBUG] [org.gradle.cache.internal.DefaultFileLockManager] Waiting to acquire shared lock on daemon addresses registry.
2025-03-31T14:37:21.571+0700 [DEBUG] [org.gradle.cache.internal.DefaultFileLockManager] Lock acquired on daemon addresses registry.
2025-03-31T14:37:21.572+0700 [DEBUG] [org.gradle.cache.internal.DefaultFileLockManager] Releasing lock on daemon addresses registry.
2025-03-31T14:37:31.572+0700 [DEBUG] [org.gradle.cache.internal.DefaultFileLockManager] Waiting to acquire shared lock on daemon addresses registry.
2025-03-31T14:37:31.572+0700 [DEBUG] [org.gradle.cache.internal.DefaultFileLockManager] Lock acquired on daemon addresses registry.
2025-03-31T14:37:31.572+0700 [DEBUG] [org.gradle.cache.internal.DefaultFileLockManager] Releasing lock on daemon addresses registry.
2025-03-31T14:37:31.573+0700 [DEBUG] [org.gradle.cache.internal.DefaultFileLockManager] Waiting to acquire shared lock on daemon addresses registry.
2025-03-31T14:37:31.573+0700 [DEBUG] [org.gradle.cache.internal.DefaultFileLockManager] Lock acquired on daemon addresses registry.
2025-03-31T14:37:31.573+0700 [DEBUG] [org.gradle.cache.internal.DefaultFileLockManager] Releasing lock on daemon addresses registry.
2025-03-31T14:37:31.574+0700 [DEBUG] [org.gradle.cache.internal.DefaultFileLockManager] Waiting to acquire shared lock on daemon addresses registry.
2025-03-31T14:37:31.574+0700 [DEBUG] [org.gradle.cache.internal.DefaultFileLockManager] Lock acquired on daemon addresses registry.
2025-03-31T14:37:31.574+0700 [DEBUG] [org.gradle.cache.internal.DefaultFileLockManager] Releasing lock on daemon addresses registry.
2025-03-31T14:37:41.558+0700 [DEBUG] [org.gradle.cache.internal.DefaultFileLockManager] Waiting to acquire shared lock on daemon addresses registry.
2025-03-31T14:37:41.558+0700 [DEBUG] [org.gradle.cache.internal.DefaultFileLockManager] Lock acquired on daemon addresses registry.
2025-03-31T14:37:41.559+0700 [DEBUG] [org.gradle.cache.internal.DefaultFileLockManager] Releasing lock on daemon addresses registry.
2025-03-31T14:37:41.560+0700 [DEBUG] [org.gradle.cache.internal.DefaultFileLockManager] Waiting to acquire shared lock on daemon addresses registry.
2025-03-31T14:37:41.560+0700 [DEBUG] [org.gradle.cache.internal.DefaultFileLockManager] Lock acquired on daemon addresses registry.
2025-03-31T14:37:41.560+0700 [DEBUG] [org.gradle.cache.internal.DefaultFileLockManager] Releasing lock on daemon addresses registry.
2025-03-31T14:37:41.561+0700 [DEBUG] [org.gradle.cache.internal.DefaultFileLockManager] Waiting to acquire shared lock on daemon addresses registry.
2025-03-31T14:37:41.561+0700 [DEBUG] [org.gradle.cache.internal.DefaultFileLockManager] Lock acquired on daemon addresses registry.
2025-03-31T14:37:41.561+0700 [DEBUG] [org.gradle.cache.internal.DefaultFileLockManager] Releasing lock on daemon addresses registry.
2025-03-31T14:37:51.571+0700 [DEBUG] [org.gradle.cache.internal.DefaultFileLockManager] Waiting to acquire shared lock on daemon addresses registry.
2025-03-31T14:37:51.572+0700 [DEBUG] [org.gradle.cache.internal.DefaultFileLockManager] Lock acquired on daemon addresses registry.
2025-03-31T14:37:51.572+0700 [DEBUG] [org.gradle.cache.internal.DefaultFileLockManager] Releasing lock on daemon addresses registry.
2025-03-31T14:37:51.573+0700 [DEBUG] [org.gradle.cache.internal.DefaultFileLockManager] Waiting to acquire shared lock on daemon addresses registry.
2025-03-31T14:37:51.573+0700 [DEBUG] [org.gradle.cache.internal.DefaultFileLockManager] Lock acquired on daemon addresses registry.
2025-03-31T14:37:51.573+0700 [DEBUG] [org.gradle.cache.internal.DefaultFileLockManager] Releasing lock on daemon addresses registry.
2025-03-31T14:37:51.574+0700 [DEBUG] [org.gradle.cache.internal.DefaultFileLockManager] Waiting to acquire shared lock on daemon addresses registry.
2025-03-31T14:37:51.574+0700 [DEBUG] [org.gradle.cache.internal.DefaultFileLockManager] Lock acquired on daemon addresses registry.
2025-03-31T14:37:51.574+0700 [DEBUG] [org.gradle.cache.internal.DefaultFileLockManager] Releasing lock on daemon addresses registry.
2025-03-31T14:37:57.818+0700 [DEBUG] [org.gradle.internal.watch.vfs.impl.WatchingVirtualFileSystem] Handling VFS change CREATED C:\Users\Administrator\AndroidStudioProjects\PrescriptionManagementApp\app\src\main\res\layout\activity_statistics.xml~
2025-03-31T14:37:57.819+0700 [DEBUG] [org.gradle.internal.watch.vfs.impl.WatchingVirtualFileSystem] Handling VFS change MODIFIED C:\Users\Administrator\AndroidStudioProjects\PrescriptionManagementApp\app\src\main\res\layout\activity_statistics.xml
2025-03-31T14:37:57.853+0700 [DEBUG] [org.gradle.internal.remote.internal.inet.TcpIncomingConnector] Accepted connection from /127.0.0.1:57809 to /127.0.0.1:57449.
2025-03-31T14:37:57.858+0700 [DEBUG] [org.gradle.launcher.daemon.server.SynchronizedDispatchConnection] thread 391: received class org.gradle.launcher.daemon.protocol.Build
2025-03-31T14:37:57.858+0700 [DEBUG] [org.gradle.launcher.daemon.server.DefaultDaemonConnection] thread 391: Received non-IO message from client: Build{id=4c601166-f497-4d6e-8340-6920935773e5, currentDir=C:\Users\Administrator\AndroidStudioProjects\PrescriptionManagementApp}
2025-03-31T14:37:57.858+0700 [INFO] [org.gradle.launcher.daemon.server.DefaultIncomingConnectionHandler] Received command: Build{id=4c601166-f497-4d6e-8340-6920935773e5, currentDir=C:\Users\Administrator\AndroidStudioProjects\PrescriptionManagementApp}.
2025-03-31T14:37:57.858+0700 [DEBUG] [org.gradle.launcher.daemon.server.DefaultIncomingConnectionHandler] Starting executing command: Build{id=4c601166-f497-4d6e-8340-6920935773e5, currentDir=C:\Users\Administrator\AndroidStudioProjects\PrescriptionManagementApp} with connection: socket connection from /127.0.0.1:57449 to /127.0.0.1:57809.
2025-03-31T14:37:57.859+0700 [DEBUG] [org.gradle.launcher.daemon.server.DaemonStateCoordinator] Command execution: started DaemonCommandExecution[command = Build{id=4c601166-f497-4d6e-8340-6920935773e5, currentDir=C:\Users\Administrator\AndroidStudioProjects\PrescriptionManagementApp}, connection = DefaultDaemonConnection: socket connection from /127.0.0.1:57449 to /127.0.0.1:57809] after 7.5068166666666665 minutes of idle
2025-03-31T14:37:57.859+0700 [INFO] [org.gradle.launcher.daemon.server.DaemonRegistryUpdater] Marking the daemon as busy, address: [89355165-53aa-4cdd-8d6e-dd9456d8bfd5 port:57449, addresses:[localhost/127.0.0.1]]
2025-03-31T14:37:57.859+0700 [DEBUG] [org.gradle.launcher.daemon.registry.PersistentDaemonRegistry] Marking busy by address: [89355165-53aa-4cdd-8d6e-dd9456d8bfd5 port:57449, addresses:[localhost/127.0.0.1]]
2025-03-31T14:37:57.859+0700 [DEBUG] [org.gradle.cache.internal.DefaultFileLockManager] Waiting to acquire exclusive lock on daemon addresses registry.
2025-03-31T14:37:57.860+0700 [DEBUG] [org.gradle.cache.internal.DefaultFileLockManager] Lock acquired on daemon addresses registry.
2025-03-31T14:37:57.861+0700 [DEBUG] [org.gradle.cache.internal.DefaultFileLockManager] Releasing lock on daemon addresses registry.
2025-03-31T14:37:57.861+0700 [DEBUG] [org.gradle.launcher.daemon.server.DaemonStateCoordinator] resetting idle timer
2025-03-31T14:37:57.861+0700 [DEBUG] [org.gradle.launcher.daemon.server.DaemonStateCoordinator] daemon is running. Sleeping until state changes.
2025-03-31T14:37:57.862+0700 [INFO] [org.gradle.launcher.daemon.server.exec.StartBuildOrRespondWithBusy] Daemon is about to start building Build{id=4c601166-f497-4d6e-8340-6920935773e5, currentDir=C:\Users\Administrator\AndroidStudioProjects\PrescriptionManagementApp}. Dispatching build started information...
2025-03-31T14:37:57.862+0700 [DEBUG] [org.gradle.launcher.daemon.server.SynchronizedDispatchConnection] thread 393: dispatching org.gradle.launcher.daemon.protocol.BuildStarted@317810a1
2025-03-31T14:37:57.863+0700 [DEBUG] [org.gradle.launcher.daemon.server.exec.EstablishBuildEnvironment] Configuring env variables: [USERDOMAIN_ROAMINGPROFILE, LOCALAPPDATA, PROCESSOR_LEVEL, USERDOMAIN, LOGONSERVER, FPS_BROWSER_APP_PROFILE_STRING, SESSIONNAME, ALLUSERSPROFILE, PROCESSOR_ARCHITECTURE, PSModulePath, SystemDrive, EFC_3896, OneDrive, MAVEN_HOME, APPDATA, NODEJS, USERNAME, ProgramFiles(x86), CommonProgramFiles, Path, FPS_BROWSER_USER_PROFILE_STRING, PATHEXT, DriverData, OS, COMPUTERNAME, PROCESSOR_REVISION, CommonProgramW6432, ComSpec, ProgramData, ProgramW6432, TEMP, HOMEPATH, SystemRoot, PROCESSOR_IDENTIFIER, HOMEDRIVE, USERPROFILE, TMP, CommonProgramFiles(x86), ProgramFiles, PUBLIC, windir, NUMBER_OF_PROCESSORS, Java17, =::]
2025-03-31T14:37:57.864+0700 [DEBUG] [org.gradle.launcher.daemon.server.exec.LogToClient] About to start relaying all logs to the client via the connection.
2025-03-31T14:37:57.864+0700 [INFO] [org.gradle.launcher.daemon.server.exec.LogToClient] The client will now receive all logging from the daemon (pid: 5332). The daemon log file: C:\Users\Administrator\AndroidStudioProjects\PrescriptionManagementApp\daemon\8.10.2\daemon-5332.out.log
2025-03-31T14:37:57.865+0700 [INFO] [org.gradle.launcher.daemon.server.exec.LogAndCheckHealth] Starting 4th build in daemon [uptime: 8 mins 46.677 secs, performance: 99%, GC rate: 0.00/s, heap usage: 0% of 2 GiB]
2025-03-31T14:37:57.865+0700 [DEBUG] [org.gradle.launcher.daemon.server.exec.ExecuteBuild] The daemon has started executing the build.
2025-03-31T14:37:57.865+0700 [DEBUG] [org.gradle.launcher.daemon.server.exec.ExecuteBuild] Executing build with daemon context: DefaultDaemonContext[uid=22b66b4b-6c8e-40f2-8527-532d682a827d,javaHome=C:\Program Files\Android\Android Studio\jbr,javaVersion=21,javaVendor=JetBrains s.r.o.,daemonRegistryDir=C:\Users\Administrator\AndroidStudioProjects\PrescriptionManagementApp\daemon,pid=5332,idleTimeout=10800000,priority=NORMAL,applyInstrumentationAgent=true,nativeServicesMode=ENABLED,daemonOpts=--add-opens=java.base/java.util=ALL-UNNAMED,--add-opens=java.base/java.lang=ALL-UNNAMED,--add-opens=java.base/java.lang.invoke=ALL-UNNAMED,--add-opens=java.prefs/java.util.prefs=ALL-UNNAMED,--add-exports=jdk.compiler/com.sun.tools.javac.api=ALL-UNNAMED,--add-exports=jdk.compiler/com.sun.tools.javac.util=ALL-UNNAMED,--add-opens=java.base/java.nio.charset=ALL-UNNAMED,--add-opens=java.base/java.net=ALL-UNNAMED,--add-opens=java.base/java.util.concurrent.atomic=ALL-UNNAMED,-Xmx2048m,-Dfile.encoding=UTF-8,-Duser.country=US,-Duser.language=en,-Duser.variant]

BUILD SUCCESSFUL in 2s
31 actionable tasks: 7 executed, 24 up-to-date
2025-03-31T14:38:00.326+0700 [DEBUG] [org.gradle.launcher.daemon.server.exec.ExecuteBuild] The daemon has finished executing the build.
2025-03-31T14:38:00.351+0700 [DEBUG] [org.gradle.launcher.daemon.server.DaemonStateCoordinator] daemon is running. Sleeping until state changes.
2025-03-31T14:38:00.351+0700 [DEBUG] [org.gradle.launcher.daemon.server.DaemonStateCoordinator] Command execution: finished waiting for DaemonCommandExecution[command = Build{id=4c601166-f497-4d6e-8340-6920935773e5, currentDir=C:\Users\Administrator\AndroidStudioProjects\PrescriptionManagementApp}, connection = DefaultDaemonConnection: socket connection from /127.0.0.1:57449 to /127.0.0.1:57809]. Result org.gradle.launcher.daemon.server.DaemonStateCoordinator@5482f580 with state Busy
2025-03-31T14:38:00.352+0700 [DEBUG] [org.gradle.launcher.daemon.server.DaemonStateCoordinator] Command execution: completed DaemonCommandExecution[command = Build{id=4c601166-f497-4d6e-8340-6920935773e5, currentDir=C:\Users\Administrator\AndroidStudioProjects\PrescriptionManagementApp}, connection = DefaultDaemonConnection: socket connection from /127.0.0.1:57449 to /127.0.0.1:57809]
2025-03-31T14:38:00.352+0700 [DEBUG] [org.gradle.launcher.daemon.server.DaemonStateCoordinator] resetting idle timer
2025-03-31T14:38:00.352+0700 [INFO] [org.gradle.launcher.daemon.server.DaemonRegistryUpdater] Marking the daemon as idle, address: [89355165-53aa-4cdd-8d6e-dd9456d8bfd5 port:57449, addresses:[localhost/127.0.0.1]]
2025-03-31T14:38:00.352+0700 [DEBUG] [org.gradle.launcher.daemon.registry.PersistentDaemonRegistry] Marking busy by address: [89355165-53aa-4cdd-8d6e-dd9456d8bfd5 port:57449, addresses:[localhost/127.0.0.1]]
2025-03-31T14:38:00.353+0700 [DEBUG] [org.gradle.cache.internal.DefaultFileLockManager] Waiting to acquire exclusive lock on daemon addresses registry.
2025-03-31T14:38:00.353+0700 [DEBUG] [org.gradle.cache.internal.DefaultFileLockManager] Lock acquired on daemon addresses registry.
2025-03-31T14:38:00.355+0700 [DEBUG] [org.gradle.cache.internal.DefaultFileLockManager] Releasing lock on daemon addresses registry.
2025-03-31T14:38:00.356+0700 [DEBUG] [org.gradle.launcher.daemon.server.exec.ReturnResult] Daemon is dispatching the build result: Success[value=org.gradle.launcher.exec.BuildActionResult@49567d46]
2025-03-31T14:38:00.356+0700 [DEBUG] [org.gradle.launcher.daemon.server.SynchronizedDispatchConnection] thread 390: dispatching Success[value=org.gradle.launcher.exec.BuildActionResult@49567d46]
2025-03-31T14:38:00.356+0700 [DEBUG] [org.gradle.launcher.daemon.server.DaemonStateCoordinator] daemon is running. Sleeping until state changes.
2025-03-31T14:38:00.357+0700 [DEBUG] [org.gradle.launcher.daemon.server.SynchronizedDispatchConnection] thread 391: received class org.gradle.launcher.daemon.protocol.CloseInput
2025-03-31T14:38:00.357+0700 [DEBUG] [org.gradle.launcher.daemon.server.DefaultDaemonConnection] thread 391: Received IO message from client: org.gradle.launcher.daemon.protocol.CloseInput@39eab872
2025-03-31T14:38:00.357+0700 [DEBUG] [org.gradle.launcher.daemon.server.SynchronizedDispatchConnection] thread 391: received class org.gradle.launcher.daemon.protocol.Finished
2025-03-31T14:38:00.357+0700 [DEBUG] [org.gradle.launcher.daemon.server.DefaultDaemonConnection] thread 391: Received non-IO message from client: org.gradle.launcher.daemon.protocol.Finished@372d513f
2025-03-31T14:38:00.358+0700 [DEBUG] [org.gradle.launcher.daemon.server.exec.CleanUpVirtualFileSystemAfterBuild] Cleaning virtual file system after build finished
2025-03-31T14:38:00.358+0700 [DEBUG] [org.gradle.internal.remote.internal.inet.SocketConnection] Discarding EOFException: java.io.EOFException
2025-03-31T14:38:00.358+0700 [DEBUG] [org.gradle.launcher.daemon.server.SynchronizedDispatchConnection] thread 391: received null
2025-03-31T14:38:00.358+0700 [DEBUG] [org.gradle.launcher.daemon.server.DefaultDaemonConnection] thread 391: Received end-of-input from client.
2025-03-31T14:38:00.358+0700 [DEBUG] [org.gradle.launcher.daemon.server.DefaultIncomingConnectionHandler] Finishing executing command: Build{id=4c601166-f497-4d6e-8340-6920935773e5, currentDir=C:\Users\Administrator\AndroidStudioProjects\PrescriptionManagementApp}
2025-03-31T14:38:00.359+0700 [WARN] [org.gradle.launcher.daemon.server.DefaultIncomingConnectionHandler] Timed out waiting for finished message from client socket connection from /127.0.0.1:57449 to /127.0.0.1:57809. Discarding connection.
2025-03-31T14:38:00.359+0700 [DEBUG] [org.gradle.launcher.daemon.server.SynchronizedDispatchConnection] thread 390: stopping connection
2025-03-31T14:38:00.360+0700 [DEBUG] [org.gradle.launcher.daemon.server.SynchronizedDispatchConnection] thread 390: stopping connection
2025-03-31T14:38:01.570+0700 [DEBUG] [org.gradle.cache.internal.DefaultFileLockManager] Waiting to acquire shared lock on daemon addresses registry.
2025-03-31T14:38:01.570+0700 [DEBUG] [org.gradle.cache.internal.DefaultFileLockManager] Lock acquired on daemon addresses registry.
2025-03-31T14:38:01.571+0700 [DEBUG] [org.gradle.cache.internal.DefaultFileLockManager] Releasing lock on daemon addresses registry.
2025-03-31T14:38:01.573+0700 [DEBUG] [org.gradle.cache.internal.DefaultFileLockManager] Waiting to acquire shared lock on daemon addresses registry.
2025-03-31T14:38:01.573+0700 [DEBUG] [org.gradle.cache.internal.DefaultFileLockManager] Lock acquired on daemon addresses registry.
2025-03-31T14:38:01.574+0700 [DEBUG] [org.gradle.cache.internal.DefaultFileLockManager] Releasing lock on daemon addresses registry.
2025-03-31T14:38:11.565+0700 [DEBUG] [org.gradle.cache.internal.DefaultFileLockManager] Waiting to acquire shared lock on daemon addresses registry.
2025-03-31T14:38:11.565+0700 [DEBUG] [org.gradle.cache.internal.DefaultFileLockManager] Lock acquired on daemon addresses registry.
2025-03-31T14:38:11.565+0700 [DEBUG] [org.gradle.cache.internal.DefaultFileLockManager] Releasing lock on daemon addresses registry.
2025-03-31T14:38:11.566+0700 [DEBUG] [org.gradle.cache.internal.DefaultFileLockManager] Waiting to acquire shared lock on daemon addresses registry.
2025-03-31T14:38:11.566+0700 [DEBUG] [org.gradle.cache.internal.DefaultFileLockManager] Lock acquired on daemon addresses registry.
2025-03-31T14:38:11.567+0700 [DEBUG] [org.gradle.cache.internal.DefaultFileLockManager] Releasing lock on daemon addresses registry.
2025-03-31T14:38:11.567+0700 [DEBUG] [org.gradle.cache.internal.DefaultFileLockManager] Waiting to acquire shared lock on daemon addresses registry.
2025-03-31T14:38:11.568+0700 [DEBUG] [org.gradle.cache.internal.DefaultFileLockManager] Lock acquired on daemon addresses registry.
2025-03-31T14:38:11.568+0700 [DEBUG] [org.gradle.cache.internal.DefaultFileLockManager] Releasing lock on daemon addresses registry.
2025-03-31T14:38:21.563+0700 [DEBUG] [org.gradle.cache.internal.DefaultFileLockManager] Waiting to acquire shared lock on daemon addresses registry.
2025-03-31T14:38:21.563+0700 [DEBUG] [org.gradle.cache.internal.DefaultFileLockManager] Lock acquired on daemon addresses registry.
2025-03-31T14:38:21.563+0700 [DEBUG] [org.gradle.cache.internal.DefaultFileLockManager] Releasing lock on daemon addresses registry.
2025-03-31T14:38:21.564+0700 [DEBUG] [org.gradle.cache.internal.DefaultFileLockManager] Waiting to acquire shared lock on daemon addresses registry.
2025-03-31T14:38:21.564+0700 [DEBUG] [org.gradle.cache.internal.DefaultFileLockManager] Lock acquired on daemon addresses registry.
2025-03-31T14:38:21.564+0700 [DEBUG] [org.gradle.cache.internal.DefaultFileLockManager] Releasing lock on daemon addresses registry.
2025-03-31T14:38:21.565+0700 [DEBUG] [org.gradle.cache.internal.DefaultFileLockManager] Waiting to acquire shared lock on daemon addresses registry.
2025-03-31T14:38:21.565+0700 [DEBUG] [org.gradle.cache.internal.DefaultFileLockManager] Lock acquired on daemon addresses registry.
2025-03-31T14:38:21.565+0700 [DEBUG] [org.gradle.cache.internal.DefaultFileLockManager] Releasing lock on daemon addresses registry.
2025-03-31T14:38:31.570+0700 [DEBUG] [org.gradle.cache.internal.DefaultFileLockManager] Waiting to acquire shared lock on daemon addresses registry.
2025-03-31T14:38:31.570+0700 [DEBUG] [org.gradle.cache.internal.DefaultFileLockManager] Lock acquired on daemon addresses registry.
2025-03-31T14:38:31.570+0700 [DEBUG] [org.gradle.cache.internal.DefaultFileLockManager] Releasing lock on daemon addresses registry.
2025-03-31T14:38:31.571+0700 [DEBUG] [org.gradle.cache.internal.DefaultFileLockManager] Waiting to acquire shared lock on daemon addresses registry.
2025-03-31T14:38:31.571+0700 [DEBUG] [org.gradle.cache.internal.DefaultFileLockManager] Lock acquired on daemon addresses registry.
2025-03-31T14:38:31.571+0700 [DEBUG] [org.gradle.cache.internal.DefaultFileLockManager] Releasing lock on daemon addresses registry.
2025-03-31T14:38:31.573+0700 [DEBUG] [org.gradle.cache.internal.DefaultFileLockManager] Waiting to acquire shared lock on daemon addresses registry.
2025-03-31T14:38:31.573+0700 [DEBUG] [org.gradle.cache.internal.DefaultFileLockManager] Lock acquired on daemon addresses registry.
2025-03-31T14:38:31.573+0700 [DEBUG] [org.gradle.cache.internal.DefaultFileLockManager] Releasing lock on daemon addresses registry.
2025-03-31T14:38:31.674+0700 [DEBUG] [org.gradle.internal.watch.vfs.impl.WatchingVirtualFileSystem] Handling VFS change CREATED C:\Users\Administrator\AndroidStudioProjects\PrescriptionManagementApp\app\src\main\java\com\mad\prescriptionmanagementapp\ui\activity\StatisticByPrescription.java~
2025-03-31T14:38:31.676+0700 [DEBUG] [org.gradle.internal.watch.vfs.impl.WatchingVirtualFileSystem] Handling VFS change MODIFIED C:\Users\Administrator\AndroidStudioProjects\PrescriptionManagementApp\app\src\main\java\com\mad\prescriptionmanagementapp\ui\activity\StatisticByPrescription.java
2025-03-31T14:38:41.558+0700 [DEBUG] [org.gradle.cache.internal.DefaultFileLockManager] Waiting to acquire shared lock on daemon addresses registry.
2025-03-31T14:38:41.558+0700 [DEBUG] [org.gradle.cache.internal.DefaultFileLockManager] Lock acquired on daemon addresses registry.
2025-03-31T14:38:41.558+0700 [DEBUG] [org.gradle.cache.internal.DefaultFileLockManager] Releasing lock on daemon addresses registry.
2025-03-31T14:38:41.560+0700 [DEBUG] [org.gradle.cache.internal.DefaultFileLockManager] Waiting to acquire shared lock on daemon addresses registry.
2025-03-31T14:38:41.560+0700 [DEBUG] [org.gradle.cache.internal.DefaultFileLockManager] Lock acquired on daemon addresses registry.
2025-03-31T14:38:41.560+0700 [DEBUG] [org.gradle.cache.internal.DefaultFileLockManager] Releasing lock on daemon addresses registry.
2025-03-31T14:38:41.561+0700 [DEBUG] [org.gradle.cache.internal.DefaultFileLockManager] Waiting to acquire shared lock on daemon addresses registry.
2025-03-31T14:38:41.562+0700 [DEBUG] [org.gradle.cache.internal.DefaultFileLockManager] Lock acquired on daemon addresses registry.
2025-03-31T14:38:41.562+0700 [DEBUG] [org.gradle.cache.internal.DefaultFileLockManager] Releasing lock on daemon addresses registry.
2025-03-31T14:38:51.570+0700 [DEBUG] [org.gradle.cache.internal.DefaultFileLockManager] Waiting to acquire shared lock on daemon addresses registry.
2025-03-31T14:38:51.570+0700 [DEBUG] [org.gradle.cache.internal.DefaultFileLockManager] Lock acquired on daemon addresses registry.
2025-03-31T14:38:51.570+0700 [DEBUG] [org.gradle.cache.internal.DefaultFileLockManager] Releasing lock on daemon addresses registry.
2025-03-31T14:38:51.571+0700 [DEBUG] [org.gradle.cache.internal.DefaultFileLockManager] Waiting to acquire shared lock on daemon addresses registry.
2025-03-31T14:38:51.571+0700 [DEBUG] [org.gradle.cache.internal.DefaultFileLockManager] Lock acquired on daemon addresses registry.
2025-03-31T14:38:51.571+0700 [DEBUG] [org.gradle.cache.internal.DefaultFileLockManager] Releasing lock on daemon addresses registry.
2025-03-31T14:38:51.572+0700 [DEBUG] [org.gradle.cache.internal.DefaultFileLockManager] Waiting to acquire shared lock on daemon addresses registry.
2025-03-31T14:38:51.572+0700 [DEBUG] [org.gradle.cache.internal.DefaultFileLockManager] Lock acquired on daemon addresses registry.
2025-03-31T14:38:51.572+0700 [DEBUG] [org.gradle.cache.internal.DefaultFileLockManager] Releasing lock on daemon addresses registry.
2025-03-31T14:39:01.569+0700 [DEBUG] [org.gradle.cache.internal.DefaultFileLockManager] Waiting to acquire shared lock on daemon addresses registry.
2025-03-31T14:39:01.569+0700 [DEBUG] [org.gradle.cache.internal.DefaultFileLockManager] Lock acquired on daemon addresses registry.
2025-03-31T14:39:01.569+0700 [DEBUG] [org.gradle.cache.internal.DefaultFileLockManager] Releasing lock on daemon addresses registry.
2025-03-31T14:39:01.570+0700 [DEBUG] [org.gradle.cache.internal.DefaultFileLockManager] Waiting to acquire shared lock on daemon addresses registry.
2025-03-31T14:39:01.570+0700 [DEBUG] [org.gradle.cache.internal.DefaultFileLockManager] Lock acquired on daemon addresses registry.
2025-03-31T14:39:01.570+0700 [DEBUG] [org.gradle.cache.internal.DefaultFileLockManager] Releasing lock on daemon addresses registry.
2025-03-31T14:39:01.571+0700 [DEBUG] [org.gradle.cache.internal.DefaultFileLockManager] Waiting to acquire shared lock on daemon addresses registry.
2025-03-31T14:39:01.571+0700 [DEBUG] [org.gradle.cache.internal.DefaultFileLockManager] Lock acquired on daemon addresses registry.
2025-03-31T14:39:01.572+0700 [DEBUG] [org.gradle.cache.internal.DefaultFileLockManager] Releasing lock on daemon addresses registry.
2025-03-31T14:39:11.562+0700 [DEBUG] [org.gradle.cache.internal.DefaultFileLockManager] Waiting to acquire shared lock on daemon addresses registry.
2025-03-31T14:39:11.562+0700 [DEBUG] [org.gradle.cache.internal.DefaultFileLockManager] Lock acquired on daemon addresses registry.
2025-03-31T14:39:11.562+0700 [DEBUG] [org.gradle.cache.internal.DefaultFileLockManager] Releasing lock on daemon addresses registry.
2025-03-31T14:39:11.563+0700 [DEBUG] [org.gradle.cache.internal.DefaultFileLockManager] Waiting to acquire shared lock on daemon addresses registry.
2025-03-31T14:39:11.563+0700 [DEBUG] [org.gradle.cache.internal.DefaultFileLockManager] Lock acquired on daemon addresses registry.
2025-03-31T14:39:11.563+0700 [DEBUG] [org.gradle.cache.internal.DefaultFileLockManager] Releasing lock on daemon addresses registry.
2025-03-31T14:39:11.563+0700 [DEBUG] [org.gradle.cache.internal.DefaultFileLockManager] Waiting to acquire shared lock on daemon addresses registry.
2025-03-31T14:39:11.564+0700 [DEBUG] [org.gradle.cache.internal.DefaultFileLockManager] Lock acquired on daemon addresses registry.
2025-03-31T14:39:11.564+0700 [DEBUG] [org.gradle.cache.internal.DefaultFileLockManager] Releasing lock on daemon addresses registry.
2025-03-31T14:39:21.568+0700 [DEBUG] [org.gradle.cache.internal.DefaultFileLockManager] Waiting to acquire shared lock on daemon addresses registry.
2025-03-31T14:39:21.568+0700 [DEBUG] [org.gradle.cache.internal.DefaultFileLockManager] Lock acquired on daemon addresses registry.
2025-03-31T14:39:21.569+0700 [DEBUG] [org.gradle.cache.internal.DefaultFileLockManager] Releasing lock on daemon addresses registry.
2025-03-31T14:39:21.570+0700 [DEBUG] [org.gradle.cache.internal.DefaultFileLockManager] Waiting to acquire shared lock on daemon addresses registry.
2025-03-31T14:39:21.570+0700 [DEBUG] [org.gradle.cache.internal.DefaultFileLockManager] Lock acquired on daemon addresses registry.
2025-03-31T14:39:21.570+0700 [DEBUG] [org.gradle.cache.internal.DefaultFileLockManager] Releasing lock on daemon addresses registry.
2025-03-31T14:39:21.570+0700 [DEBUG] [org.gradle.cache.internal.DefaultFileLockManager] Waiting to acquire shared lock on daemon addresses registry.
2025-03-31T14:39:21.570+0700 [DEBUG] [org.gradle.cache.internal.DefaultFileLockManager] Lock acquired on daemon addresses registry.
2025-03-31T14:39:21.571+0700 [DEBUG] [org.gradle.cache.internal.DefaultFileLockManager] Releasing lock on daemon addresses registry.
2025-03-31T14:39:31.558+0700 [DEBUG] [org.gradle.cache.internal.DefaultFileLockManager] Waiting to acquire shared lock on daemon addresses registry.
2025-03-31T14:39:31.558+0700 [DEBUG] [org.gradle.cache.internal.DefaultFileLockManager] Lock acquired on daemon addresses registry.
2025-03-31T14:39:31.558+0700 [DEBUG] [org.gradle.cache.internal.DefaultFileLockManager] Releasing lock on daemon addresses registry.
2025-03-31T14:39:31.559+0700 [DEBUG] [org.gradle.cache.internal.DefaultFileLockManager] Waiting to acquire shared lock on daemon addresses registry.
2025-03-31T14:39:31.559+0700 [DEBUG] [org.gradle.cache.internal.DefaultFileLockManager] Lock acquired on daemon addresses registry.
2025-03-31T14:39:31.559+0700 [DEBUG] [org.gradle.cache.internal.DefaultFileLockManager] Releasing lock on daemon addresses registry.
2025-03-31T14:39:31.560+0700 [DEBUG] [org.gradle.cache.internal.DefaultFileLockManager] Waiting to acquire shared lock on daemon addresses registry.
2025-03-31T14:39:31.560+0700 [DEBUG] [org.gradle.cache.internal.DefaultFileLockManager] Lock acquired on daemon addresses registry.
2025-03-31T14:39:31.560+0700 [DEBUG] [org.gradle.cache.internal.DefaultFileLockManager] Releasing lock on daemon addresses registry.
2025-03-31T14:39:41.571+0700 [DEBUG] [org.gradle.cache.internal.DefaultFileLockManager] Waiting to acquire shared lock on daemon addresses registry.
2025-03-31T14:39:41.571+0700 [DEBUG] [org.gradle.cache.internal.DefaultFileLockManager] Lock acquired on daemon addresses registry.
2025-03-31T14:39:41.571+0700 [DEBUG] [org.gradle.cache.internal.DefaultFileLockManager] Releasing lock on daemon addresses registry.
2025-03-31T14:39:41.572+0700 [DEBUG] [org.gradle.cache.internal.DefaultFileLockManager] Waiting to acquire shared lock on daemon addresses registry.
2025-03-31T14:39:41.572+0700 [DEBUG] [org.gradle.cache.internal.DefaultFileLockManager] Lock acquired on daemon addresses registry.
2025-03-31T14:39:41.572+0700 [DEBUG] [org.gradle.cache.internal.DefaultFileLockManager] Releasing lock on daemon addresses registry.
2025-03-31T14:39:41.573+0700 [DEBUG] [org.gradle.cache.internal.DefaultFileLockManager] Waiting to acquire shared lock on daemon addresses registry.
2025-03-31T14:39:41.573+0700 [DEBUG] [org.gradle.cache.internal.DefaultFileLockManager] Lock acquired on daemon addresses registry.
2025-03-31T14:39:41.573+0700 [DEBUG] [org.gradle.cache.internal.DefaultFileLockManager] Releasing lock on daemon addresses registry.
2025-03-31T14:39:51.562+0700 [DEBUG] [org.gradle.cache.internal.DefaultFileLockManager] Waiting to acquire shared lock on daemon addresses registry.
2025-03-31T14:39:51.562+0700 [DEBUG] [org.gradle.cache.internal.DefaultFileLockManager] Lock acquired on daemon addresses registry.
2025-03-31T14:39:51.562+0700 [DEBUG] [org.gradle.cache.internal.DefaultFileLockManager] Releasing lock on daemon addresses registry.
2025-03-31T14:39:51.563+0700 [DEBUG] [org.gradle.cache.internal.DefaultFileLockManager] Waiting to acquire shared lock on daemon addresses registry.
2025-03-31T14:39:51.564+0700 [DEBUG] [org.gradle.cache.internal.DefaultFileLockManager] Lock acquired on daemon addresses registry.
2025-03-31T14:39:51.564+0700 [DEBUG] [org.gradle.cache.internal.DefaultFileLockManager] Releasing lock on daemon addresses registry.
2025-03-31T14:39:51.565+0700 [DEBUG] [org.gradle.cache.internal.DefaultFileLockManager] Waiting to acquire shared lock on daemon addresses registry.
2025-03-31T14:39:51.565+0700 [DEBUG] [org.gradle.cache.internal.DefaultFileLockManager] Lock acquired on daemon addresses registry.
2025-03-31T14:39:51.565+0700 [DEBUG] [org.gradle.cache.internal.DefaultFileLockManager] Releasing lock on daemon addresses registry.
2025-03-31T14:40:01.573+0700 [DEBUG] [org.gradle.cache.internal.DefaultFileLockManager] Waiting to acquire shared lock on daemon addresses registry.
2025-03-31T14:40:01.573+0700 [DEBUG] [org.gradle.cache.internal.DefaultFileLockManager] Lock acquired on daemon addresses registry.
2025-03-31T14:40:01.573+0700 [DEBUG] [org.gradle.cache.internal.DefaultFileLockManager] Releasing lock on daemon addresses registry.
2025-03-31T14:40:01.574+0700 [DEBUG] [org.gradle.cache.internal.DefaultFileLockManager] Waiting to acquire shared lock on daemon addresses registry.
2025-03-31T14:40:01.574+0700 [DEBUG] [org.gradle.cache.internal.DefaultFileLockManager] Lock acquired on daemon addresses registry.
2025-03-31T14:40:01.574+0700 [DEBUG] [org.gradle.cache.internal.DefaultFileLockManager] Releasing lock on daemon addresses registry.
2025-03-31T14:40:01.575+0700 [DEBUG] [org.gradle.cache.internal.DefaultFileLockManager] Waiting to acquire shared lock on daemon addresses registry.
2025-03-31T14:40:01.575+0700 [DEBUG] [org.gradle.cache.internal.DefaultFileLockManager] Lock acquired on daemon addresses registry.
2025-03-31T14:40:01.575+0700 [DEBUG] [org.gradle.cache.internal.DefaultFileLockManager] Releasing lock on daemon addresses registry.
2025-03-31T14:40:10.233+0700 [DEBUG] [org.gradle.internal.watch.vfs.impl.WatchingVirtualFileSystem] Handling VFS change CREATED C:\Users\Administrator\AndroidStudioProjects\PrescriptionManagementApp\app\src\main\res\layout\activity_statistics.xml~
2025-03-31T14:40:10.234+0700 [DEBUG] [org.gradle.internal.watch.vfs.impl.WatchingVirtualFileSystem] Handling VFS change MODIFIED C:\Users\Administrator\AndroidStudioProjects\PrescriptionManagementApp\app\src\main\res\layout\activity_statistics.xml
2025-03-31T14:40:10.263+0700 [DEBUG] [org.gradle.internal.remote.internal.inet.TcpIncomingConnector] Accepted connection from /127.0.0.1:57960 to /127.0.0.1:57449.
2025-03-31T14:40:10.267+0700 [DEBUG] [org.gradle.launcher.daemon.server.SynchronizedDispatchConnection] thread 476: received class org.gradle.launcher.daemon.protocol.Build
2025-03-31T14:40:10.267+0700 [DEBUG] [org.gradle.launcher.daemon.server.DefaultDaemonConnection] thread 476: Received non-IO message from client: Build{id=2507971f-1613-40a7-b6ad-6e1f6b8f1afe, currentDir=C:\Users\Administrator\AndroidStudioProjects\PrescriptionManagementApp}
2025-03-31T14:40:10.267+0700 [INFO] [org.gradle.launcher.daemon.server.DefaultIncomingConnectionHandler] Received command: Build{id=2507971f-1613-40a7-b6ad-6e1f6b8f1afe, currentDir=C:\Users\Administrator\AndroidStudioProjects\PrescriptionManagementApp}.
2025-03-31T14:40:10.267+0700 [DEBUG] [org.gradle.launcher.daemon.server.DefaultIncomingConnectionHandler] Starting executing command: Build{id=2507971f-1613-40a7-b6ad-6e1f6b8f1afe, currentDir=C:\Users\Administrator\AndroidStudioProjects\PrescriptionManagementApp} with connection: socket connection from /127.0.0.1:57449 to /127.0.0.1:57960.
2025-03-31T14:40:10.268+0700 [DEBUG] [org.gradle.launcher.daemon.server.DaemonStateCoordinator] Command execution: started DaemonCommandExecution[command = Build{id=2507971f-1613-40a7-b6ad-6e1f6b8f1afe, currentDir=C:\Users\Administrator\AndroidStudioProjects\PrescriptionManagementApp}, connection = DefaultDaemonConnection: socket connection from /127.0.0.1:57449 to /127.0.0.1:57960] after 2.16525 minutes of idle
2025-03-31T14:40:10.268+0700 [INFO] [org.gradle.launcher.daemon.server.DaemonRegistryUpdater] Marking the daemon as busy, address: [89355165-53aa-4cdd-8d6e-dd9456d8bfd5 port:57449, addresses:[localhost/127.0.0.1]]
2025-03-31T14:40:10.268+0700 [DEBUG] [org.gradle.launcher.daemon.registry.PersistentDaemonRegistry] Marking busy by address: [89355165-53aa-4cdd-8d6e-dd9456d8bfd5 port:57449, addresses:[localhost/127.0.0.1]]
2025-03-31T14:40:10.269+0700 [DEBUG] [org.gradle.cache.internal.DefaultFileLockManager] Waiting to acquire exclusive lock on daemon addresses registry.
2025-03-31T14:40:10.269+0700 [DEBUG] [org.gradle.cache.internal.DefaultFileLockManager] Lock acquired on daemon addresses registry.
2025-03-31T14:40:10.270+0700 [DEBUG] [org.gradle.cache.internal.DefaultFileLockManager] Releasing lock on daemon addresses registry.
2025-03-31T14:40:10.270+0700 [DEBUG] [org.gradle.launcher.daemon.server.DaemonStateCoordinator] resetting idle timer
2025-03-31T14:40:10.270+0700 [DEBUG] [org.gradle.launcher.daemon.server.DaemonStateCoordinator] daemon is running. Sleeping until state changes.
2025-03-31T14:40:10.271+0700 [INFO] [org.gradle.launcher.daemon.server.exec.StartBuildOrRespondWithBusy] Daemon is about to start building Build{id=2507971f-1613-40a7-b6ad-6e1f6b8f1afe, currentDir=C:\Users\Administrator\AndroidStudioProjects\PrescriptionManagementApp}. Dispatching build started information...
2025-03-31T14:40:10.271+0700 [DEBUG] [org.gradle.launcher.daemon.server.SynchronizedDispatchConnection] thread 478: dispatching org.gradle.launcher.daemon.protocol.BuildStarted@55bd19f
2025-03-31T14:40:10.271+0700 [DEBUG] [org.gradle.launcher.daemon.server.exec.EstablishBuildEnvironment] Configuring env variables: [USERDOMAIN_ROAMINGPROFILE, LOCALAPPDATA, PROCESSOR_LEVEL, USERDOMAIN, LOGONSERVER, FPS_BROWSER_APP_PROFILE_STRING, SESSIONNAME, ALLUSERSPROFILE, PROCESSOR_ARCHITECTURE, PSModulePath, SystemDrive, EFC_3896, OneDrive, MAVEN_HOME, APPDATA, NODEJS, USERNAME, ProgramFiles(x86), CommonProgramFiles, Path, FPS_BROWSER_USER_PROFILE_STRING, PATHEXT, DriverData, OS, COMPUTERNAME, PROCESSOR_REVISION, CommonProgramW6432, ComSpec, ProgramData, ProgramW6432, TEMP, HOMEPATH, SystemRoot, PROCESSOR_IDENTIFIER, HOMEDRIVE, USERPROFILE, TMP, CommonProgramFiles(x86), ProgramFiles, PUBLIC, windir, NUMBER_OF_PROCESSORS, Java17, =::]
2025-03-31T14:40:10.272+0700 [DEBUG] [org.gradle.launcher.daemon.server.exec.LogToClient] About to start relaying all logs to the client via the connection.
2025-03-31T14:40:10.272+0700 [INFO] [org.gradle.launcher.daemon.server.exec.LogToClient] The client will now receive all logging from the daemon (pid: 5332). The daemon log file: C:\Users\Administrator\AndroidStudioProjects\PrescriptionManagementApp\daemon\8.10.2\daemon-5332.out.log
2025-03-31T14:40:10.273+0700 [INFO] [org.gradle.launcher.daemon.server.exec.LogAndCheckHealth] Starting 5th build in daemon [uptime: 10 mins 59.085 secs, performance: 99%, GC rate: 0.00/s, heap usage: 0% of 2 GiB]
2025-03-31T14:40:10.273+0700 [DEBUG] [org.gradle.launcher.daemon.server.exec.ExecuteBuild] The daemon has started executing the build.
2025-03-31T14:40:10.273+0700 [DEBUG] [org.gradle.launcher.daemon.server.exec.ExecuteBuild] Executing build with daemon context: DefaultDaemonContext[uid=22b66b4b-6c8e-40f2-8527-532d682a827d,javaHome=C:\Program Files\Android\Android Studio\jbr,javaVersion=21,javaVendor=JetBrains s.r.o.,daemonRegistryDir=C:\Users\Administrator\AndroidStudioProjects\PrescriptionManagementApp\daemon,pid=5332,idleTimeout=10800000,priority=NORMAL,applyInstrumentationAgent=true,nativeServicesMode=ENABLED,daemonOpts=--add-opens=java.base/java.util=ALL-UNNAMED,--add-opens=java.base/java.lang=ALL-UNNAMED,--add-opens=java.base/java.lang.invoke=ALL-UNNAMED,--add-opens=java.prefs/java.util.prefs=ALL-UNNAMED,--add-exports=jdk.compiler/com.sun.tools.javac.api=ALL-UNNAMED,--add-exports=jdk.compiler/com.sun.tools.javac.util=ALL-UNNAMED,--add-opens=java.base/java.nio.charset=ALL-UNNAMED,--add-opens=java.base/java.net=ALL-UNNAMED,--add-opens=java.base/java.util.concurrent.atomic=ALL-UNNAMED,-Xmx2048m,-Dfile.encoding=UTF-8,-Duser.country=US,-Duser.language=en,-Duser.variant]
AGPBI: {"kind":"error","text":"Android resource linking failed","sources":[{"file":"C:\\Users\\Administrator\\AndroidStudioProjects\\PrescriptionManagementApp\\app\\src\\main\\res\\layout\\activity_statistics.xml","position":{"startLine":67}}],"original":"ERROR: C:\\Users\\Administrator\\AndroidStudioProjects\\PrescriptionManagementApp\\app\\src\\main\\res\\layout\\activity_statistics.xml:68: AAPT: error: resource id/linear2 (aka com.mad.prescriptionmanagementapp:id/linear2) not found.\n    ","tool":"AAPT"}

FAILURE: Build failed with an exception.

* What went wrong:
Execution failed for task ':app:processDebugResources'.
> A failure occurred while executing com.android.build.gradle.internal.res.LinkApplicationAndroidResourcesTask$TaskAction
   > Android resource linking failed
     ERROR: C:\Users\Administrator\AndroidStudioProjects\PrescriptionManagementApp\app\src\main\res\layout\activity_statistics.xml:68: AAPT: error: resource id/linear2 (aka com.mad.prescriptionmanagementapp:id/linear2) not found.
         

* Try:
> Run with --info or --debug option to get more log output.
> Run with --scan to get full insights.
> Get more help at https://help.gradle.org.

* Exception is:
org.gradle.api.tasks.TaskExecutionException: Execution failed for task ':app:processDebugResources'.
	at org.gradle.api.internal.tasks.execution.ExecuteActionsTaskExecuter.lambda$executeIfValid$1(ExecuteActionsTaskExecuter.java:130)
	at org.gradle.internal.Try$Failure.ifSuccessfulOrElse(Try.java:293)
	at org.gradle.api.internal.tasks.execution.ExecuteActionsTaskExecuter.executeIfValid(ExecuteActionsTaskExecuter.java:128)
	at org.gradle.api.internal.tasks.execution.ExecuteActionsTaskExecuter.execute(ExecuteActionsTaskExecuter.java:116)
	at org.gradle.api.internal.tasks.execution.FinalizePropertiesTaskExecuter.execute(FinalizePropertiesTaskExecuter.java:46)
	at org.gradle.api.internal.tasks.execution.ResolveTaskExecutionModeExecuter.execute(ResolveTaskExecutionModeExecuter.java:51)
	at org.gradle.api.internal.tasks.execution.SkipTaskWithNoActionsExecuter.execute(SkipTaskWithNoActionsExecuter.java:57)
	at org.gradle.api.internal.tasks.execution.SkipOnlyIfTaskExecuter.execute(SkipOnlyIfTaskExecuter.java:74)
	at org.gradle.api.internal.tasks.execution.CatchExceptionTaskExecuter.execute(CatchExceptionTaskExecuter.java:36)
	at org.gradle.api.internal.tasks.execution.EventFiringTaskExecuter$1.executeTask(EventFiringTaskExecuter.java:77)
	at org.gradle.api.internal.tasks.execution.EventFiringTaskExecuter$1.call(EventFiringTaskExecuter.java:55)
	at org.gradle.api.internal.tasks.execution.EventFiringTaskExecuter$1.call(EventFiringTaskExecuter.java:52)
	at org.gradle.internal.operations.DefaultBuildOperationRunner$CallableBuildOperationWorker.execute(DefaultBuildOperationRunner.java:209)
	at org.gradle.internal.operations.DefaultBuildOperationRunner$CallableBuildOperationWorker.execute(DefaultBuildOperationRunner.java:204)
	at org.gradle.internal.operations.DefaultBuildOperationRunner$2.execute(DefaultBuildOperationRunner.java:66)
	at org.gradle.internal.operations.DefaultBuildOperationRunner$2.execute(DefaultBuildOperationRunner.java:59)
	at org.gradle.internal.operations.DefaultBuildOperationRunner.execute(DefaultBuildOperationRunner.java:166)
	at org.gradle.internal.operations.DefaultBuildOperationRunner.execute(DefaultBuildOperationRunner.java:59)
	at org.gradle.internal.operations.DefaultBuildOperationRunner.call(DefaultBuildOperationRunner.java:53)
	at org.gradle.api.internal.tasks.execution.EventFiringTaskExecuter.execute(EventFiringTaskExecuter.java:52)
	at org.gradle.execution.plan.LocalTaskNodeExecutor.execute(LocalTaskNodeExecutor.java:42)
	at org.gradle.execution.taskgraph.DefaultTaskExecutionGraph$InvokeNodeExecutorsAction.execute(DefaultTaskExecutionGraph.java:331)
	at org.gradle.execution.taskgraph.DefaultTaskExecutionGraph$InvokeNodeExecutorsAction.execute(DefaultTaskExecutionGraph.java:318)
	at org.gradle.execution.taskgraph.DefaultTaskExecutionGraph$BuildOperationAwareExecutionAction.lambda$execute$0(DefaultTaskExecutionGraph.java:314)
	at org.gradle.internal.operations.CurrentBuildOperationRef.with(CurrentBuildOperationRef.java:85)
	at org.gradle.execution.taskgraph.DefaultTaskExecutionGraph$BuildOperationAwareExecutionAction.execute(DefaultTaskExecutionGraph.java:314)
	at org.gradle.execution.taskgraph.DefaultTaskExecutionGraph$BuildOperationAwareExecutionAction.execute(DefaultTaskExecutionGraph.java:303)
	at org.gradle.execution.plan.DefaultPlanExecutor$ExecutorWorker.execute(DefaultPlanExecutor.java:459)
	at org.gradle.execution.plan.DefaultPlanExecutor$ExecutorWorker.run(DefaultPlanExecutor.java:376)
	at org.gradle.execution.plan.DefaultPlanExecutor.process(DefaultPlanExecutor.java:111)
	at org.gradle.execution.taskgraph.DefaultTaskExecutionGraph.executeWithServices(DefaultTaskExecutionGraph.java:138)
	at org.gradle.execution.taskgraph.DefaultTaskExecutionGraph.execute(DefaultTaskExecutionGraph.java:123)
	at org.gradle.execution.SelectedTaskExecutionAction.execute(SelectedTaskExecutionAction.java:35)
	at org.gradle.execution.DryRunBuildExecutionAction.execute(DryRunBuildExecutionAction.java:51)
	at org.gradle.execution.BuildOperationFiringBuildWorkerExecutor$ExecuteTasks.call(BuildOperationFiringBuildWorkerExecutor.java:54)
	at org.gradle.execution.BuildOperationFiringBuildWorkerExecutor$ExecuteTasks.call(BuildOperationFiringBuildWorkerExecutor.java:43)
	at org.gradle.internal.operations.DefaultBuildOperationRunner$CallableBuildOperationWorker.execute(DefaultBuildOperationRunner.java:209)
	at org.gradle.internal.operations.DefaultBuildOperationRunner$CallableBuildOperationWorker.execute(DefaultBuildOperationRunner.java:204)
	at org.gradle.internal.operations.DefaultBuildOperationRunner$2.execute(DefaultBuildOperationRunner.java:66)
	at org.gradle.internal.operations.DefaultBuildOperationRunner$2.execute(DefaultBuildOperationRunner.java:59)
	at org.gradle.internal.operations.DefaultBuildOperationRunner.execute(DefaultBuildOperationRunner.java:166)
	at org.gradle.internal.operations.DefaultBuildOperationRunner.execute(DefaultBuildOperationRunner.java:59)
	at org.gradle.internal.operations.DefaultBuildOperationRunner.call(DefaultBuildOperationRunner.java:53)
	at org.gradle.execution.BuildOperationFiringBuildWorkerExecutor.execute(BuildOperationFiringBuildWorkerExecutor.java:40)
	at org.gradle.internal.build.DefaultBuildLifecycleController.lambda$executeTasks$10(DefaultBuildLifecycleController.java:313)
	at org.gradle.internal.model.StateTransitionController.doTransition(StateTransitionController.java:266)
	at org.gradle.internal.model.StateTransitionController.lambda$tryTransition$8(StateTransitionController.java:177)
	at org.gradle.internal.work.DefaultSynchronizer.withLock(DefaultSynchronizer.java:44)
	at org.gradle.internal.model.StateTransitionController.tryTransition(StateTransitionController.java:177)
	at org.gradle.internal.build.DefaultBuildLifecycleController.executeTasks(DefaultBuildLifecycleController.java:304)
	at org.gradle.internal.build.DefaultBuildWorkGraphController$DefaultBuildWorkGraph.runWork(DefaultBuildWorkGraphController.java:220)
	at org.gradle.internal.work.DefaultWorkerLeaseService.withLocks(DefaultWorkerLeaseService.java:263)
	at org.gradle.internal.work.DefaultWorkerLeaseService.runAsWorkerThread(DefaultWorkerLeaseService.java:127)
	at org.gradle.composite.internal.DefaultBuildController.doRun(DefaultBuildController.java:181)
	at org.gradle.composite.internal.DefaultBuildController.access$000(DefaultBuildController.java:50)
	at org.gradle.composite.internal.DefaultBuildController$BuildOpRunnable.lambda$run$0(DefaultBuildController.java:198)
	at org.gradle.internal.operations.CurrentBuildOperationRef.with(CurrentBuildOperationRef.java:85)
	at org.gradle.composite.internal.DefaultBuildController$BuildOpRunnable.run(DefaultBuildController.java:198)
	at org.gradle.internal.concurrent.ExecutorPolicy$CatchAndRecordFailures.onExecute(ExecutorPolicy.java:64)
	at org.gradle.internal.concurrent.AbstractManagedExecutor$1.run(AbstractManagedExecutor.java:48)
Caused by: org.gradle.workers.internal.DefaultWorkerExecutor$WorkExecutionException: A failure occurred while executing com.android.build.gradle.internal.res.LinkApplicationAndroidResourcesTask$TaskAction
	at org.gradle.workers.internal.DefaultWorkerExecutor$WorkItemExecution.waitForCompletion(DefaultWorkerExecutor.java:287)
	at org.gradle.internal.work.DefaultAsyncWorkTracker.lambda$waitForItemsAndGatherFailures$2(DefaultAsyncWorkTracker.java:130)
	at org.gradle.internal.Factories$1.create(Factories.java:31)
	at org.gradle.internal.work.DefaultWorkerLeaseService.withoutLocks(DefaultWorkerLeaseService.java:335)
	at org.gradle.internal.work.DefaultWorkerLeaseService.withoutLocks(DefaultWorkerLeaseService.java:318)
	at org.gradle.internal.work.DefaultWorkerLeaseService.withoutLock(DefaultWorkerLeaseService.java:323)
	at org.gradle.internal.work.DefaultAsyncWorkTracker.waitForItemsAndGatherFailures(DefaultAsyncWorkTracker.java:126)
	at org.gradle.internal.work.DefaultAsyncWorkTracker.waitForItemsAndGatherFailures(DefaultAsyncWorkTracker.java:92)
	at org.gradle.internal.work.DefaultAsyncWorkTracker.waitForAll(DefaultAsyncWorkTracker.java:78)
	at org.gradle.internal.work.DefaultAsyncWorkTracker.waitForCompletion(DefaultAsyncWorkTracker.java:66)
	at org.gradle.api.internal.tasks.execution.TaskExecution$3.run(TaskExecution.java:252)
	at org.gradle.internal.operations.DefaultBuildOperationRunner$1.execute(DefaultBuildOperationRunner.java:29)
	at org.gradle.internal.operations.DefaultBuildOperationRunner$1.execute(DefaultBuildOperationRunner.java:26)
	at org.gradle.internal.operations.DefaultBuildOperationRunner$2.execute(DefaultBuildOperationRunner.java:66)
	at org.gradle.internal.operations.DefaultBuildOperationRunner$2.execute(DefaultBuildOperationRunner.java:59)
	at org.gradle.internal.operations.DefaultBuildOperationRunner.execute(DefaultBuildOperationRunner.java:166)
	at org.gradle.internal.operations.DefaultBuildOperationRunner.execute(DefaultBuildOperationRunner.java:59)
	at org.gradle.internal.operations.DefaultBuildOperationRunner.run(DefaultBuildOperationRunner.java:47)
	at org.gradle.api.internal.tasks.execution.TaskExecution.executeAction(TaskExecution.java:229)
	at org.gradle.api.internal.tasks.execution.TaskExecution.executeActions(TaskExecution.java:212)
	at org.gradle.api.internal.tasks.execution.TaskExecution.executeWithPreviousOutputFiles(TaskExecution.java:195)
	at org.gradle.api.internal.tasks.execution.TaskExecution.execute(TaskExecution.java:162)
	at org.gradle.internal.execution.steps.ExecuteStep.executeInternal(ExecuteStep.java:105)
	at org.gradle.internal.execution.steps.ExecuteStep.access$000(ExecuteStep.java:44)
	at org.gradle.internal.execution.steps.ExecuteStep$1.call(ExecuteStep.java:59)
	at org.gradle.internal.execution.steps.ExecuteStep$1.call(ExecuteStep.java:56)
	at org.gradle.internal.operations.DefaultBuildOperationRunner$CallableBuildOperationWorker.execute(DefaultBuildOperationRunner.java:209)
	at org.gradle.internal.operations.DefaultBuildOperationRunner$CallableBuildOperationWorker.execute(DefaultBuildOperationRunner.java:204)
	at org.gradle.internal.operations.DefaultBuildOperationRunner$2.execute(DefaultBuildOperationRunner.java:66)
	at org.gradle.internal.operations.DefaultBuildOperationRunner$2.execute(DefaultBuildOperationRunner.java:59)
	at org.gradle.internal.operations.DefaultBuildOperationRunner.execute(DefaultBuildOperationRunner.java:166)
	at org.gradle.internal.operations.DefaultBuildOperationRunner.execute(DefaultBuildOperationRunner.java:59)
	at org.gradle.internal.operations.DefaultBuildOperationRunner.call(DefaultBuildOperationRunner.java:53)
	at org.gradle.internal.execution.steps.ExecuteStep.execute(ExecuteStep.java:56)
	at org.gradle.internal.execution.steps.ExecuteStep.execute(ExecuteStep.java:44)
	at org.gradle.internal.execution.steps.CancelExecutionStep.execute(CancelExecutionStep.java:42)
	at org.gradle.internal.execution.steps.TimeoutStep.executeWithoutTimeout(TimeoutStep.java:75)
	at org.gradle.internal.execution.steps.TimeoutStep.execute(TimeoutStep.java:55)
	at org.gradle.internal.execution.steps.PreCreateOutputParentsStep.execute(PreCreateOutputParentsStep.java:50)
	at org.gradle.internal.execution.steps.PreCreateOutputParentsStep.execute(PreCreateOutputParentsStep.java:28)
	at org.gradle.internal.execution.steps.RemovePreviousOutputsStep.execute(RemovePreviousOutputsStep.java:67)
	at org.gradle.internal.execution.steps.RemovePreviousOutputsStep.execute(RemovePreviousOutputsStep.java:37)
	at org.gradle.internal.execution.steps.BroadcastChangingOutputsStep.execute(BroadcastChangingOutputsStep.java:61)
	at org.gradle.internal.execution.steps.BroadcastChangingOutputsStep.execute(BroadcastChangingOutputsStep.java:26)
	at org.gradle.internal.execution.steps.CaptureOutputsAfterExecutionStep.execute(CaptureOutputsAfterExecutionStep.java:69)
	at org.gradle.internal.execution.steps.CaptureOutputsAfterExecutionStep.execute(CaptureOutputsAfterExecutionStep.java:46)
	at org.gradle.internal.execution.steps.ResolveInputChangesStep.execute(ResolveInputChangesStep.java:40)
	at org.gradle.internal.execution.steps.ResolveInputChangesStep.execute(ResolveInputChangesStep.java:29)
	at org.gradle.internal.execution.steps.BuildCacheStep.executeWithoutCache(BuildCacheStep.java:189)
	at org.gradle.internal.execution.steps.BuildCacheStep.lambda$execute$1(BuildCacheStep.java:75)
	at org.gradle.internal.Either$Right.fold(Either.java:175)
	at org.gradle.internal.execution.caching.CachingState.fold(CachingState.java:62)
	at org.gradle.internal.execution.steps.BuildCacheStep.execute(BuildCacheStep.java:73)
	at org.gradle.internal.execution.steps.BuildCacheStep.execute(BuildCacheStep.java:48)
	at org.gradle.internal.execution.steps.StoreExecutionStateStep.execute(StoreExecutionStateStep.java:46)
	at org.gradle.internal.execution.steps.StoreExecutionStateStep.execute(StoreExecutionStateStep.java:35)
	at org.gradle.internal.execution.steps.SkipUpToDateStep.executeBecause(SkipUpToDateStep.java:75)
	at org.gradle.internal.execution.steps.SkipUpToDateStep.lambda$execute$2(SkipUpToDateStep.java:53)
	at org.gradle.internal.execution.steps.SkipUpToDateStep.execute(SkipUpToDateStep.java:53)
	at org.gradle.internal.execution.steps.SkipUpToDateStep.execute(SkipUpToDateStep.java:35)
	at org.gradle.internal.execution.steps.legacy.MarkSnapshottingInputsFinishedStep.execute(MarkSnapshottingInputsFinishedStep.java:37)
	at org.gradle.internal.execution.steps.legacy.MarkSnapshottingInputsFinishedStep.execute(MarkSnapshottingInputsFinishedStep.java:27)
	at org.gradle.internal.execution.steps.ResolveIncrementalCachingStateStep.executeDelegate(ResolveIncrementalCachingStateStep.java:49)
	at org.gradle.internal.execution.steps.ResolveIncrementalCachingStateStep.executeDelegate(ResolveIncrementalCachingStateStep.java:27)
	at org.gradle.internal.execution.steps.AbstractResolveCachingStateStep.execute(AbstractResolveCachingStateStep.java:71)
	at org.gradle.internal.execution.steps.AbstractResolveCachingStateStep.execute(AbstractResolveCachingStateStep.java:39)
	at org.gradle.internal.execution.steps.ResolveChangesStep.execute(ResolveChangesStep.java:65)
	at org.gradle.internal.execution.steps.ResolveChangesStep.execute(ResolveChangesStep.java:36)
	at org.gradle.internal.execution.steps.ValidateStep.execute(ValidateStep.java:107)
	at org.gradle.internal.execution.steps.ValidateStep.execute(ValidateStep.java:56)
	at org.gradle.internal.execution.steps.AbstractCaptureStateBeforeExecutionStep.execute(AbstractCaptureStateBeforeExecutionStep.java:64)
	at org.gradle.internal.execution.steps.AbstractCaptureStateBeforeExecutionStep.execute(AbstractCaptureStateBeforeExecutionStep.java:43)
	at org.gradle.internal.execution.steps.AbstractSkipEmptyWorkStep.executeWithNonEmptySources(AbstractSkipEmptyWorkStep.java:125)
	at org.gradle.internal.execution.steps.AbstractSkipEmptyWorkStep.execute(AbstractSkipEmptyWorkStep.java:56)
	at org.gradle.internal.execution.steps.AbstractSkipEmptyWorkStep.execute(AbstractSkipEmptyWorkStep.java:36)
	at org.gradle.internal.execution.steps.legacy.MarkSnapshottingInputsStartedStep.execute(MarkSnapshottingInputsStartedStep.java:38)
	at org.gradle.internal.execution.steps.LoadPreviousExecutionStateStep.execute(LoadPreviousExecutionStateStep.java:36)
	at org.gradle.internal.execution.steps.LoadPreviousExecutionStateStep.execute(LoadPreviousExecutionStateStep.java:23)
	at org.gradle.internal.execution.steps.HandleStaleOutputsStep.execute(HandleStaleOutputsStep.java:75)
	at org.gradle.internal.execution.steps.HandleStaleOutputsStep.execute(HandleStaleOutputsStep.java:41)
	at org.gradle.internal.execution.steps.AssignMutableWorkspaceStep.lambda$execute$0(AssignMutableWorkspaceStep.java:35)
	at org.gradle.api.internal.tasks.execution.TaskExecution$4.withWorkspace(TaskExecution.java:289)
	at org.gradle.internal.execution.steps.AssignMutableWorkspaceStep.execute(AssignMutableWorkspaceStep.java:31)
	at org.gradle.internal.execution.steps.AssignMutableWorkspaceStep.execute(AssignMutableWorkspaceStep.java:22)
	at org.gradle.internal.execution.steps.ChoosePipelineStep.execute(ChoosePipelineStep.java:40)
	at org.gradle.internal.execution.steps.ChoosePipelineStep.execute(ChoosePipelineStep.java:23)
	at org.gradle.internal.execution.steps.ExecuteWorkBuildOperationFiringStep.lambda$execute$2(ExecuteWorkBuildOperationFiringStep.java:67)
	at org.gradle.internal.execution.steps.ExecuteWorkBuildOperationFiringStep.execute(ExecuteWorkBuildOperationFiringStep.java:67)
	at org.gradle.internal.execution.steps.ExecuteWorkBuildOperationFiringStep.execute(ExecuteWorkBuildOperationFiringStep.java:39)
	at org.gradle.internal.execution.steps.IdentityCacheStep.execute(IdentityCacheStep.java:46)
	at org.gradle.internal.execution.steps.IdentityCacheStep.execute(IdentityCacheStep.java:34)
	at org.gradle.internal.execution.steps.IdentifyStep.execute(IdentifyStep.java:48)
	at org.gradle.internal.execution.steps.IdentifyStep.execute(IdentifyStep.java:35)
	at org.gradle.internal.execution.impl.DefaultExecutionEngine$1.execute(DefaultExecutionEngine.java:61)
	at org.gradle.api.internal.tasks.execution.ExecuteActionsTaskExecuter.executeIfValid(ExecuteActionsTaskExecuter.java:127)
	at org.gradle.api.internal.tasks.execution.ExecuteActionsTaskExecuter.execute(ExecuteActionsTaskExecuter.java:116)
	at org.gradle.api.internal.tasks.execution.FinalizePropertiesTaskExecuter.execute(FinalizePropertiesTaskExecuter.java:46)
	at org.gradle.api.internal.tasks.execution.ResolveTaskExecutionModeExecuter.execute(ResolveTaskExecutionModeExecuter.java:51)
	at org.gradle.api.internal.tasks.execution.SkipTaskWithNoActionsExecuter.execute(SkipTaskWithNoActionsExecuter.java:57)
	at org.gradle.api.internal.tasks.execution.SkipOnlyIfTaskExecuter.execute(SkipOnlyIfTaskExecuter.java:74)
	at org.gradle.api.internal.tasks.execution.CatchExceptionTaskExecuter.execute(CatchExceptionTaskExecuter.java:36)
	at org.gradle.api.internal.tasks.execution.EventFiringTaskExecuter$1.executeTask(EventFiringTaskExecuter.java:77)
	at org.gradle.api.internal.tasks.execution.EventFiringTaskExecuter$1.call(EventFiringTaskExecuter.java:55)
	at org.gradle.api.internal.tasks.execution.EventFiringTaskExecuter$1.call(EventFiringTaskExecuter.java:52)
	at org.gradle.internal.operations.DefaultBuildOperationRunner$CallableBuildOperationWorker.execute(DefaultBuildOperationRunner.java:209)
	at org.gradle.internal.operations.DefaultBuildOperationRunner$CallableBuildOperationWorker.execute(DefaultBuildOperationRunner.java:204)
	at org.gradle.internal.operations.DefaultBuildOperationRunner$2.execute(DefaultBuildOperationRunner.java:66)
	at org.gradle.internal.operations.DefaultBuildOperationRunner$2.execute(DefaultBuildOperationRunner.java:59)
	at org.gradle.internal.operations.DefaultBuildOperationRunner.execute(DefaultBuildOperationRunner.java:166)
	at org.gradle.internal.operations.DefaultBuildOperationRunner.execute(DefaultBuildOperationRunner.java:59)
	at org.gradle.internal.operations.DefaultBuildOperationRunner.call(DefaultBuildOperationRunner.java:53)
	at org.gradle.api.internal.tasks.execution.EventFiringTaskExecuter.execute(EventFiringTaskExecuter.java:52)
	at org.gradle.execution.plan.LocalTaskNodeExecutor.execute(LocalTaskNodeExecutor.java:42)
	at org.gradle.execution.taskgraph.DefaultTaskExecutionGraph$InvokeNodeExecutorsAction.execute(DefaultTaskExecutionGraph.java:331)
	at org.gradle.execution.taskgraph.DefaultTaskExecutionGraph$InvokeNodeExecutorsAction.execute(DefaultTaskExecutionGraph.java:318)
	at org.gradle.execution.taskgraph.DefaultTaskExecutionGraph$BuildOperationAwareExecutionAction.lambda$execute$0(DefaultTaskExecutionGraph.java:314)
	at org.gradle.internal.operations.CurrentBuildOperationRef.with(CurrentBuildOperationRef.java:85)
	at org.gradle.execution.taskgraph.DefaultTaskExecutionGraph$BuildOperationAwareExecutionAction.execute(DefaultTaskExecutionGraph.java:314)
	at org.gradle.execution.taskgraph.DefaultTaskExecutionGraph$BuildOperationAwareExecutionAction.execute(DefaultTaskExecutionGraph.java:303)
	at org.gradle.execution.plan.DefaultPlanExecutor$ExecutorWorker.execute(DefaultPlanExecutor.java:459)
	at org.gradle.execution.plan.DefaultPlanExecutor$ExecutorWorker.run(DefaultPlanExecutor.java:376)
	at org.gradle.execution.plan.DefaultPlanExecutor.process(DefaultPlanExecutor.java:111)
	at org.gradle.execution.taskgraph.DefaultTaskExecutionGraph.executeWithServices(DefaultTaskExecutionGraph.java:138)
	at org.gradle.execution.taskgraph.DefaultTaskExecutionGraph.execute(DefaultTaskExecutionGraph.java:123)
	at org.gradle.execution.SelectedTaskExecutionAction.execute(SelectedTaskExecutionAction.java:35)
	at org.gradle.execution.DryRunBuildExecutionAction.execute(DryRunBuildExecutionAction.java:51)
	at org.gradle.execution.BuildOperationFiringBuildWorkerExecutor$ExecuteTasks.call(BuildOperationFiringBuildWorkerExecutor.java:54)
	at org.gradle.execution.BuildOperationFiringBuildWorkerExecutor$ExecuteTasks.call(BuildOperationFiringBuildWorkerExecutor.java:43)
	at org.gradle.internal.operations.DefaultBuildOperationRunner$CallableBuildOperationWorker.execute(DefaultBuildOperationRunner.java:209)
	at org.gradle.internal.operations.DefaultBuildOperationRunner$CallableBuildOperationWorker.execute(DefaultBuildOperationRunner.java:204)
	at org.gradle.internal.operations.DefaultBuildOperationRunner$2.execute(DefaultBuildOperationRunner.java:66)
	at org.gradle.internal.operations.DefaultBuildOperationRunner$2.execute(DefaultBuildOperationRunner.java:59)
	at org.gradle.internal.operations.DefaultBuildOperationRunner.execute(DefaultBuildOperationRunner.java:166)
	at org.gradle.internal.operations.DefaultBuildOperationRunner.execute(DefaultBuildOperationRunner.java:59)
	at org.gradle.internal.operations.DefaultBuildOperationRunner.call(DefaultBuildOperationRunner.java:53)
	at org.gradle.execution.BuildOperationFiringBuildWorkerExecutor.execute(BuildOperationFiringBuildWorkerExecutor.java:40)
	at org.gradle.internal.build.DefaultBuildLifecycleController.lambda$executeTasks$10(DefaultBuildLifecycleController.java:313)
	at org.gradle.internal.model.StateTransitionController.doTransition(StateTransitionController.java:266)
	at org.gradle.internal.model.StateTransitionController.lambda$tryTransition$8(StateTransitionController.java:177)
	at org.gradle.internal.work.DefaultSynchronizer.withLock(DefaultSynchronizer.java:44)
	at org.gradle.internal.model.StateTransitionController.tryTransition(StateTransitionController.java:177)
	at org.gradle.internal.build.DefaultBuildLifecycleController.executeTasks(DefaultBuildLifecycleController.java:304)
	at org.gradle.internal.build.DefaultBuildWorkGraphController$DefaultBuildWorkGraph.runWork(DefaultBuildWorkGraphController.java:220)
	at org.gradle.internal.work.DefaultWorkerLeaseService.withLocks(DefaultWorkerLeaseService.java:263)
	at org.gradle.internal.work.DefaultWorkerLeaseService.runAsWorkerThread(DefaultWorkerLeaseService.java:127)
	at org.gradle.composite.internal.DefaultBuildController.doRun(DefaultBuildController.java:181)
	at org.gradle.composite.internal.DefaultBuildController.access$000(DefaultBuildController.java:50)
	at org.gradle.composite.internal.DefaultBuildController$BuildOpRunnable.lambda$run$0(DefaultBuildController.java:198)
	at org.gradle.internal.operations.CurrentBuildOperationRef.with(CurrentBuildOperationRef.java:85)
	at org.gradle.composite.internal.DefaultBuildController$BuildOpRunnable.run(DefaultBuildController.java:198)
	at org.gradle.internal.concurrent.ExecutorPolicy$CatchAndRecordFailures.onExecute(ExecutorPolicy.java:64)
	at org.gradle.internal.concurrent.AbstractManagedExecutor$1.run(AbstractManagedExecutor.java:48)
Caused by: com.android.builder.internal.aapt.v2.Aapt2Exception: Android resource linking failed
ERROR: C:\Users\Administrator\AndroidStudioProjects\PrescriptionManagementApp\app\src\main\res\layout\activity_statistics.xml:68: AAPT: error: resource id/linear2 (aka com.mad.prescriptionmanagementapp:id/linear2) not found.
    
	at com.android.builder.internal.aapt.v2.Aapt2Exception$Companion.create(Aapt2Exception.kt:45)
	at com.android.builder.internal.aapt.v2.Aapt2Exception$Companion.create$default(Aapt2Exception.kt:33)
	at com.android.build.gradle.internal.res.Aapt2ErrorUtils.rewriteException(Aapt2ErrorUtils.kt:262)
	at com.android.build.gradle.internal.res.Aapt2ErrorUtils.rewriteLinkException(Aapt2ErrorUtils.kt:133)
	at com.android.build.gradle.internal.res.Aapt2ProcessResourcesRunnableKt.processResources(Aapt2ProcessResourcesRunnable.kt:76)
	at com.android.build.gradle.internal.res.LinkApplicationAndroidResourcesTask$Companion.invokeAaptForSplit(LinkApplicationAndroidResourcesTask.kt:1014)
	at com.android.build.gradle.internal.res.LinkApplicationAndroidResourcesTask$Companion.access$invokeAaptForSplit(LinkApplicationAndroidResourcesTask.kt:849)
	at com.android.build.gradle.internal.res.LinkApplicationAndroidResourcesTask$TaskAction.run(LinkApplicationAndroidResourcesTask.kt:458)
	at com.android.build.gradle.internal.profile.ProfileAwareWorkAction.execute(ProfileAwareWorkAction.kt:74)
	at org.gradle.workers.internal.DefaultWorkerServer.execute(DefaultWorkerServer.java:63)
	at org.gradle.workers.internal.NoIsolationWorkerFactory$1$1.create(NoIsolationWorkerFactory.java:66)
	at org.gradle.workers.internal.NoIsolationWorkerFactory$1$1.create(NoIsolationWorkerFactory.java:62)
	at org.gradle.internal.classloader.ClassLoaderUtils.executeInClassloader(ClassLoaderUtils.java:100)
	at org.gradle.workers.internal.NoIsolationWorkerFactory$1.lambda$execute$0(NoIsolationWorkerFactory.java:62)
	at org.gradle.workers.internal.AbstractWorker$1.call(AbstractWorker.java:44)
	at org.gradle.workers.internal.AbstractWorker$1.call(AbstractWorker.java:41)
	at org.gradle.internal.operations.DefaultBuildOperationRunner$CallableBuildOperationWorker.execute(DefaultBuildOperationRunner.java:209)
	at org.gradle.internal.operations.DefaultBuildOperationRunner$CallableBuildOperationWorker.execute(DefaultBuildOperationRunner.java:204)
	at org.gradle.internal.operations.DefaultBuildOperationRunner$2.execute(DefaultBuildOperationRunner.java:66)
	at org.gradle.internal.operations.DefaultBuildOperationRunner$2.execute(DefaultBuildOperationRunner.java:59)
	at org.gradle.internal.operations.DefaultBuildOperationRunner.execute(DefaultBuildOperationRunner.java:166)
	at org.gradle.internal.operations.DefaultBuildOperationRunner.execute(DefaultBuildOperationRunner.java:59)
	at org.gradle.internal.operations.DefaultBuildOperationRunner.call(DefaultBuildOperationRunner.java:53)
	at org.gradle.workers.internal.AbstractWorker.executeWrappedInBuildOperation(AbstractWorker.java:41)
	at org.gradle.workers.internal.NoIsolationWorkerFactory$1.execute(NoIsolationWorkerFactory.java:59)
	at org.gradle.workers.internal.DefaultWorkerExecutor.lambda$submitWork$0(DefaultWorkerExecutor.java:174)
	at org.gradle.internal.work.DefaultConditionalExecutionQueue$ExecutionRunner.runExecution(DefaultConditionalExecutionQueue.java:194)
	at org.gradle.internal.work.DefaultConditionalExecutionQueue$ExecutionRunner.access$700(DefaultConditionalExecutionQueue.java:127)
	at org.gradle.internal.work.DefaultConditionalExecutionQueue$ExecutionRunner$1.run(DefaultConditionalExecutionQueue.java:169)
	at org.gradle.internal.Factories$1.create(Factories.java:31)
	at org.gradle.internal.work.DefaultWorkerLeaseService.withLocks(DefaultWorkerLeaseService.java:263)
	at org.gradle.internal.work.DefaultWorkerLeaseService.runAsWorkerThread(DefaultWorkerLeaseService.java:127)
	at org.gradle.internal.work.DefaultWorkerLeaseService.runAsWorkerThread(DefaultWorkerLeaseService.java:132)
	at org.gradle.internal.work.DefaultConditionalExecutionQueue$ExecutionRunner.runBatch(DefaultConditionalExecutionQueue.java:164)
	at org.gradle.internal.work.DefaultConditionalExecutionQueue$ExecutionRunner.run(DefaultConditionalExecutionQueue.java:133)
	... 2 more


BUILD FAILED in 1s
26 actionable tasks: 6 executed, 20 up-to-date
2025-03-31T14:40:12.120+0700 [DEBUG] [org.gradle.launcher.daemon.server.exec.ExecuteBuild] The daemon has finished executing the build.
2025-03-31T14:40:12.137+0700 [DEBUG] [org.gradle.launcher.daemon.server.DaemonStateCoordinator] daemon is running. Sleeping until state changes.
2025-03-31T14:40:12.137+0700 [DEBUG] [org.gradle.launcher.daemon.server.DaemonStateCoordinator] Command execution: finished waiting for DaemonCommandExecution[command = Build{id=2507971f-1613-40a7-b6ad-6e1f6b8f1afe, currentDir=C:\Users\Administrator\AndroidStudioProjects\PrescriptionManagementApp}, connection = DefaultDaemonConnection: socket connection from /127.0.0.1:57449 to /127.0.0.1:57960]. Result org.gradle.launcher.daemon.server.DaemonStateCoordinator@5482f580 with state Busy
2025-03-31T14:40:12.137+0700 [DEBUG] [org.gradle.launcher.daemon.server.DaemonStateCoordinator] Command execution: completed DaemonCommandExecution[command = Build{id=2507971f-1613-40a7-b6ad-6e1f6b8f1afe, currentDir=C:\Users\Administrator\AndroidStudioProjects\PrescriptionManagementApp}, connection = DefaultDaemonConnection: socket connection from /127.0.0.1:57449 to /127.0.0.1:57960]
2025-03-31T14:40:12.137+0700 [DEBUG] [org.gradle.launcher.daemon.server.DaemonStateCoordinator] resetting idle timer
2025-03-31T14:40:12.137+0700 [INFO] [org.gradle.launcher.daemon.server.DaemonRegistryUpdater] Marking the daemon as idle, address: [89355165-53aa-4cdd-8d6e-dd9456d8bfd5 port:57449, addresses:[localhost/127.0.0.1]]
2025-03-31T14:40:12.137+0700 [DEBUG] [org.gradle.launcher.daemon.registry.PersistentDaemonRegistry] Marking busy by address: [89355165-53aa-4cdd-8d6e-dd9456d8bfd5 port:57449, addresses:[localhost/127.0.0.1]]
2025-03-31T14:40:12.138+0700 [DEBUG] [org.gradle.cache.internal.DefaultFileLockManager] Waiting to acquire exclusive lock on daemon addresses registry.
2025-03-31T14:40:12.139+0700 [DEBUG] [org.gradle.cache.internal.DefaultFileLockManager] Lock acquired on daemon addresses registry.
2025-03-31T14:40:12.140+0700 [DEBUG] [org.gradle.cache.internal.DefaultFileLockManager] Releasing lock on daemon addresses registry.
2025-03-31T14:40:12.141+0700 [DEBUG] [org.gradle.launcher.daemon.server.DaemonStateCoordinator] daemon is running. Sleeping until state changes.
2025-03-31T14:40:12.141+0700 [DEBUG] [org.gradle.launcher.daemon.server.exec.ReturnResult] Daemon is dispatching the build result: Success[value=org.gradle.launcher.exec.BuildActionResult@58ff1281]
2025-03-31T14:40:12.141+0700 [DEBUG] [org.gradle.launcher.daemon.server.SynchronizedDispatchConnection] thread 475: dispatching Success[value=org.gradle.launcher.exec.BuildActionResult@58ff1281]
2025-03-31T14:40:12.153+0700 [DEBUG] [org.gradle.launcher.daemon.server.DefaultIncomingConnectionHandler] Finishing executing command: Build{id=2507971f-1613-40a7-b6ad-6e1f6b8f1afe, currentDir=C:\Users\Administrator\AndroidStudioProjects\PrescriptionManagementApp}
2025-03-31T14:40:12.153+0700 [DEBUG] [org.gradle.launcher.daemon.server.exec.CleanUpVirtualFileSystemAfterBuild] Cleaning virtual file system after build finished
2025-03-31T14:40:12.168+0700 [DEBUG] [org.gradle.launcher.daemon.server.SynchronizedDispatchConnection] thread 476: received class org.gradle.launcher.daemon.protocol.CloseInput
2025-03-31T14:40:12.168+0700 [DEBUG] [org.gradle.launcher.daemon.server.DefaultDaemonConnection] thread 476: Received IO message from client: org.gradle.launcher.daemon.protocol.CloseInput@30508a78
2025-03-31T14:40:12.168+0700 [DEBUG] [org.gradle.launcher.daemon.server.SynchronizedDispatchConnection] thread 476: received class org.gradle.launcher.daemon.protocol.Finished
2025-03-31T14:40:12.168+0700 [DEBUG] [org.gradle.launcher.daemon.server.DefaultDaemonConnection] thread 476: Received non-IO message from client: org.gradle.launcher.daemon.protocol.Finished@3e977202
2025-03-31T14:40:12.168+0700 [DEBUG] [org.gradle.launcher.daemon.server.DefaultIncomingConnectionHandler] Received finished message: org.gradle.launcher.daemon.protocol.Finished@3e977202
2025-03-31T14:40:12.168+0700 [DEBUG] [org.gradle.internal.remote.internal.inet.SocketConnection] Discarding EOFException: java.io.EOFException
2025-03-31T14:40:12.168+0700 [DEBUG] [org.gradle.launcher.daemon.server.SynchronizedDispatchConnection] thread 476: received null
2025-03-31T14:40:12.168+0700 [DEBUG] [org.gradle.launcher.daemon.server.DefaultDaemonConnection] thread 476: Received end-of-input from client.
2025-03-31T14:40:12.168+0700 [DEBUG] [org.gradle.launcher.daemon.server.SynchronizedDispatchConnection] thread 475: stopping connection
2025-03-31T14:40:12.169+0700 [DEBUG] [org.gradle.launcher.daemon.server.SynchronizedDispatchConnection] thread 475: stopping connection
2025-03-31T14:40:21.561+0700 [DEBUG] [org.gradle.cache.internal.DefaultFileLockManager] Waiting to acquire shared lock on daemon addresses registry.
2025-03-31T14:40:21.562+0700 [DEBUG] [org.gradle.cache.internal.DefaultFileLockManager] Lock acquired on daemon addresses registry.
2025-03-31T14:40:21.562+0700 [DEBUG] [org.gradle.cache.internal.DefaultFileLockManager] Releasing lock on daemon addresses registry.
2025-03-31T14:40:21.563+0700 [DEBUG] [org.gradle.cache.internal.DefaultFileLockManager] Waiting to acquire shared lock on daemon addresses registry.
2025-03-31T14:40:21.563+0700 [DEBUG] [org.gradle.cache.internal.DefaultFileLockManager] Lock acquired on daemon addresses registry.
2025-03-31T14:40:21.563+0700 [DEBUG] [org.gradle.cache.internal.DefaultFileLockManager] Releasing lock on daemon addresses registry.
2025-03-31T14:40:31.558+0700 [DEBUG] [org.gradle.cache.internal.DefaultFileLockManager] Waiting to acquire shared lock on daemon addresses registry.
2025-03-31T14:40:31.558+0700 [DEBUG] [org.gradle.cache.internal.DefaultFileLockManager] Lock acquired on daemon addresses registry.
2025-03-31T14:40:31.558+0700 [DEBUG] [org.gradle.cache.internal.DefaultFileLockManager] Releasing lock on daemon addresses registry.
2025-03-31T14:40:31.559+0700 [DEBUG] [org.gradle.cache.internal.DefaultFileLockManager] Waiting to acquire shared lock on daemon addresses registry.
2025-03-31T14:40:31.559+0700 [DEBUG] [org.gradle.cache.internal.DefaultFileLockManager] Lock acquired on daemon addresses registry.
2025-03-31T14:40:31.559+0700 [DEBUG] [org.gradle.cache.internal.DefaultFileLockManager] Releasing lock on daemon addresses registry.
2025-03-31T14:40:31.560+0700 [DEBUG] [org.gradle.cache.internal.DefaultFileLockManager] Waiting to acquire shared lock on daemon addresses registry.
2025-03-31T14:40:31.560+0700 [DEBUG] [org.gradle.cache.internal.DefaultFileLockManager] Lock acquired on daemon addresses registry.
2025-03-31T14:40:31.560+0700 [DEBUG] [org.gradle.cache.internal.DefaultFileLockManager] Releasing lock on daemon addresses registry.
2025-03-31T14:40:41.558+0700 [DEBUG] [org.gradle.cache.internal.DefaultFileLockManager] Waiting to acquire shared lock on daemon addresses registry.
2025-03-31T14:40:41.558+0700 [DEBUG] [org.gradle.cache.internal.DefaultFileLockManager] Lock acquired on daemon addresses registry.
2025-03-31T14:40:41.558+0700 [DEBUG] [org.gradle.cache.internal.DefaultFileLockManager] Releasing lock on daemon addresses registry.
2025-03-31T14:40:41.559+0700 [DEBUG] [org.gradle.cache.internal.DefaultFileLockManager] Waiting to acquire shared lock on daemon addresses registry.
2025-03-31T14:40:41.559+0700 [DEBUG] [org.gradle.cache.internal.DefaultFileLockManager] Lock acquired on daemon addresses registry.
2025-03-31T14:40:41.559+0700 [DEBUG] [org.gradle.cache.internal.DefaultFileLockManager] Releasing lock on daemon addresses registry.
2025-03-31T14:40:41.559+0700 [DEBUG] [org.gradle.cache.internal.DefaultFileLockManager] Waiting to acquire shared lock on daemon addresses registry.
2025-03-31T14:40:41.560+0700 [DEBUG] [org.gradle.cache.internal.DefaultFileLockManager] Lock acquired on daemon addresses registry.
2025-03-31T14:40:41.560+0700 [DEBUG] [org.gradle.cache.internal.DefaultFileLockManager] Releasing lock on daemon addresses registry.
2025-03-31T14:40:51.566+0700 [DEBUG] [org.gradle.cache.internal.DefaultFileLockManager] Waiting to acquire shared lock on daemon addresses registry.
2025-03-31T14:40:51.566+0700 [DEBUG] [org.gradle.cache.internal.DefaultFileLockManager] Lock acquired on daemon addresses registry.
2025-03-31T14:40:51.566+0700 [DEBUG] [org.gradle.cache.internal.DefaultFileLockManager] Releasing lock on daemon addresses registry.
2025-03-31T14:40:51.567+0700 [DEBUG] [org.gradle.cache.internal.DefaultFileLockManager] Waiting to acquire shared lock on daemon addresses registry.
2025-03-31T14:40:51.567+0700 [DEBUG] [org.gradle.cache.internal.DefaultFileLockManager] Lock acquired on daemon addresses registry.
2025-03-31T14:40:51.567+0700 [DEBUG] [org.gradle.cache.internal.DefaultFileLockManager] Releasing lock on daemon addresses registry.
2025-03-31T14:40:51.568+0700 [DEBUG] [org.gradle.cache.internal.DefaultFileLockManager] Waiting to acquire shared lock on daemon addresses registry.
2025-03-31T14:40:51.568+0700 [DEBUG] [org.gradle.cache.internal.DefaultFileLockManager] Lock acquired on daemon addresses registry.
2025-03-31T14:40:51.568+0700 [DEBUG] [org.gradle.cache.internal.DefaultFileLockManager] Releasing lock on daemon addresses registry.
2025-03-31T14:41:01.564+0700 [DEBUG] [org.gradle.cache.internal.DefaultFileLockManager] Waiting to acquire shared lock on daemon addresses registry.
2025-03-31T14:41:01.565+0700 [DEBUG] [org.gradle.cache.internal.DefaultFileLockManager] Lock acquired on daemon addresses registry.
2025-03-31T14:41:01.565+0700 [DEBUG] [org.gradle.cache.internal.DefaultFileLockManager] Releasing lock on daemon addresses registry.
2025-03-31T14:41:01.566+0700 [DEBUG] [org.gradle.cache.internal.DefaultFileLockManager] Waiting to acquire shared lock on daemon addresses registry.
2025-03-31T14:41:01.566+0700 [DEBUG] [org.gradle.cache.internal.DefaultFileLockManager] Lock acquired on daemon addresses registry.
2025-03-31T14:41:01.566+0700 [DEBUG] [org.gradle.cache.internal.DefaultFileLockManager] Releasing lock on daemon addresses registry.
2025-03-31T14:41:01.567+0700 [DEBUG] [org.gradle.cache.internal.DefaultFileLockManager] Waiting to acquire shared lock on daemon addresses registry.
2025-03-31T14:41:01.567+0700 [DEBUG] [org.gradle.cache.internal.DefaultFileLockManager] Lock acquired on daemon addresses registry.
2025-03-31T14:41:01.567+0700 [DEBUG] [org.gradle.cache.internal.DefaultFileLockManager] Releasing lock on daemon addresses registry.
2025-03-31T14:41:02.585+0700 [DEBUG] [org.gradle.internal.watch.vfs.impl.WatchingVirtualFileSystem] Handling VFS change CREATED C:\Users\Administrator\AndroidStudioProjects\PrescriptionManagementApp\app\src\main\res\layout\activity_statistics.xml~
2025-03-31T14:41:02.586+0700 [DEBUG] [org.gradle.internal.watch.vfs.impl.WatchingVirtualFileSystem] Handling VFS change MODIFIED C:\Users\Administrator\AndroidStudioProjects\PrescriptionManagementApp\app\src\main\res\layout\activity_statistics.xml
2025-03-31T14:41:02.612+0700 [DEBUG] [org.gradle.internal.remote.internal.inet.TcpIncomingConnector] Accepted connection from /127.0.0.1:58002 to /127.0.0.1:57449.
2025-03-31T14:41:02.616+0700 [DEBUG] [org.gradle.launcher.daemon.server.SynchronizedDispatchConnection] thread 554: received class org.gradle.launcher.daemon.protocol.Build
2025-03-31T14:41:02.616+0700 [DEBUG] [org.gradle.launcher.daemon.server.DefaultDaemonConnection] thread 554: Received non-IO message from client: Build{id=044f5b73-1c1f-495e-aea2-35fae8adb8a8, currentDir=C:\Users\Administrator\AndroidStudioProjects\PrescriptionManagementApp}
2025-03-31T14:41:02.616+0700 [INFO] [org.gradle.launcher.daemon.server.DefaultIncomingConnectionHandler] Received command: Build{id=044f5b73-1c1f-495e-aea2-35fae8adb8a8, currentDir=C:\Users\Administrator\AndroidStudioProjects\PrescriptionManagementApp}.
2025-03-31T14:41:02.616+0700 [DEBUG] [org.gradle.launcher.daemon.server.DefaultIncomingConnectionHandler] Starting executing command: Build{id=044f5b73-1c1f-495e-aea2-35fae8adb8a8, currentDir=C:\Users\Administrator\AndroidStudioProjects\PrescriptionManagementApp} with connection: socket connection from /127.0.0.1:57449 to /127.0.0.1:58002.
2025-03-31T14:41:02.616+0700 [DEBUG] [org.gradle.launcher.daemon.server.DaemonStateCoordinator] Command execution: started DaemonCommandExecution[command = Build{id=044f5b73-1c1f-495e-aea2-35fae8adb8a8, currentDir=C:\Users\Administrator\AndroidStudioProjects\PrescriptionManagementApp}, connection = DefaultDaemonConnection: socket connection from /127.0.0.1:57449 to /127.0.0.1:58002] after 0.8413 minutes of idle
2025-03-31T14:41:02.616+0700 [INFO] [org.gradle.launcher.daemon.server.DaemonRegistryUpdater] Marking the daemon as busy, address: [89355165-53aa-4cdd-8d6e-dd9456d8bfd5 port:57449, addresses:[localhost/127.0.0.1]]
2025-03-31T14:41:02.616+0700 [DEBUG] [org.gradle.launcher.daemon.registry.PersistentDaemonRegistry] Marking busy by address: [89355165-53aa-4cdd-8d6e-dd9456d8bfd5 port:57449, addresses:[localhost/127.0.0.1]]
2025-03-31T14:41:02.617+0700 [DEBUG] [org.gradle.cache.internal.DefaultFileLockManager] Waiting to acquire exclusive lock on daemon addresses registry.
2025-03-31T14:41:02.618+0700 [DEBUG] [org.gradle.cache.internal.DefaultFileLockManager] Lock acquired on daemon addresses registry.
2025-03-31T14:41:02.619+0700 [DEBUG] [org.gradle.cache.internal.DefaultFileLockManager] Releasing lock on daemon addresses registry.
2025-03-31T14:41:02.619+0700 [DEBUG] [org.gradle.launcher.daemon.server.DaemonStateCoordinator] resetting idle timer
2025-03-31T14:41:02.619+0700 [DEBUG] [org.gradle.launcher.daemon.server.DaemonStateCoordinator] daemon is running. Sleeping until state changes.
2025-03-31T14:41:02.619+0700 [INFO] [org.gradle.launcher.daemon.server.exec.StartBuildOrRespondWithBusy] Daemon is about to start building Build{id=044f5b73-1c1f-495e-aea2-35fae8adb8a8, currentDir=C:\Users\Administrator\AndroidStudioProjects\PrescriptionManagementApp}. Dispatching build started information...
2025-03-31T14:41:02.619+0700 [DEBUG] [org.gradle.launcher.daemon.server.SynchronizedDispatchConnection] thread 478: dispatching org.gradle.launcher.daemon.protocol.BuildStarted@42be4d7a
2025-03-31T14:41:02.620+0700 [DEBUG] [org.gradle.launcher.daemon.server.exec.EstablishBuildEnvironment] Configuring env variables: [USERDOMAIN_ROAMINGPROFILE, LOCALAPPDATA, PROCESSOR_LEVEL, USERDOMAIN, LOGONSERVER, FPS_BROWSER_APP_PROFILE_STRING, SESSIONNAME, ALLUSERSPROFILE, PROCESSOR_ARCHITECTURE, PSModulePath, SystemDrive, EFC_3896, OneDrive, MAVEN_HOME, APPDATA, NODEJS, USERNAME, ProgramFiles(x86), CommonProgramFiles, Path, FPS_BROWSER_USER_PROFILE_STRING, PATHEXT, DriverData, OS, COMPUTERNAME, PROCESSOR_REVISION, CommonProgramW6432, ComSpec, ProgramData, ProgramW6432, TEMP, HOMEPATH, SystemRoot, PROCESSOR_IDENTIFIER, HOMEDRIVE, USERPROFILE, TMP, CommonProgramFiles(x86), ProgramFiles, PUBLIC, windir, NUMBER_OF_PROCESSORS, Java17, =::]
2025-03-31T14:41:02.620+0700 [DEBUG] [org.gradle.launcher.daemon.server.exec.LogToClient] About to start relaying all logs to the client via the connection.
2025-03-31T14:41:02.621+0700 [INFO] [org.gradle.launcher.daemon.server.exec.LogToClient] The client will now receive all logging from the daemon (pid: 5332). The daemon log file: C:\Users\Administrator\AndroidStudioProjects\PrescriptionManagementApp\daemon\8.10.2\daemon-5332.out.log
2025-03-31T14:41:02.621+0700 [INFO] [org.gradle.launcher.daemon.server.exec.LogAndCheckHealth] Starting 6th build in daemon [uptime: 11 mins 51.432 secs, performance: 99%, GC rate: 0.00/s, heap usage: 0% of 2 GiB]
2025-03-31T14:41:02.621+0700 [DEBUG] [org.gradle.launcher.daemon.server.exec.ExecuteBuild] The daemon has started executing the build.
2025-03-31T14:41:02.621+0700 [DEBUG] [org.gradle.launcher.daemon.server.exec.ExecuteBuild] Executing build with daemon context: DefaultDaemonContext[uid=22b66b4b-6c8e-40f2-8527-532d682a827d,javaHome=C:\Program Files\Android\Android Studio\jbr,javaVersion=21,javaVendor=JetBrains s.r.o.,daemonRegistryDir=C:\Users\Administrator\AndroidStudioProjects\PrescriptionManagementApp\daemon,pid=5332,idleTimeout=10800000,priority=NORMAL,applyInstrumentationAgent=true,nativeServicesMode=ENABLED,daemonOpts=--add-opens=java.base/java.util=ALL-UNNAMED,--add-opens=java.base/java.lang=ALL-UNNAMED,--add-opens=java.base/java.lang.invoke=ALL-UNNAMED,--add-opens=java.prefs/java.util.prefs=ALL-UNNAMED,--add-exports=jdk.compiler/com.sun.tools.javac.api=ALL-UNNAMED,--add-exports=jdk.compiler/com.sun.tools.javac.util=ALL-UNNAMED,--add-opens=java.base/java.nio.charset=ALL-UNNAMED,--add-opens=java.base/java.net=ALL-UNNAMED,--add-opens=java.base/java.util.concurrent.atomic=ALL-UNNAMED,-Xmx2048m,-Dfile.encoding=UTF-8,-Duser.country=US,-Duser.language=en,-Duser.variant]
[Fatal Error] activity_statistics.xml:196:3: The markup in the document following the root element must be well-formed.

FAILURE: Build failed with an exception.

* What went wrong:
Execution failed for task ':app:parseDebugLocalResources'.
> A failure occurred while executing com.android.build.gradle.internal.res.ParseLibraryResourcesTask$ParseResourcesRunnable
   > Failed to parse XML file 'C:\Users\Administrator\AndroidStudioProjects\PrescriptionManagementApp\app\build\intermediates\packaged_res\debug\packageDebugResources\layout\activity_statistics.xml'

* Try:
> Run with --info or --debug option to get more log output.
> Run with --scan to get full insights.
> Get more help at https://help.gradle.org.

* Exception is:
org.gradle.api.tasks.TaskExecutionException: Execution failed for task ':app:parseDebugLocalResources'.
	at org.gradle.api.internal.tasks.execution.ExecuteActionsTaskExecuter.lambda$executeIfValid$1(ExecuteActionsTaskExecuter.java:130)
	at org.gradle.internal.Try$Failure.ifSuccessfulOrElse(Try.java:293)
	at org.gradle.api.internal.tasks.execution.ExecuteActionsTaskExecuter.executeIfValid(ExecuteActionsTaskExecuter.java:128)
	at org.gradle.api.internal.tasks.execution.ExecuteActionsTaskExecuter.execute(ExecuteActionsTaskExecuter.java:116)
	at org.gradle.api.internal.tasks.execution.FinalizePropertiesTaskExecuter.execute(FinalizePropertiesTaskExecuter.java:46)
	at org.gradle.api.internal.tasks.execution.ResolveTaskExecutionModeExecuter.execute(ResolveTaskExecutionModeExecuter.java:51)
	at org.gradle.api.internal.tasks.execution.SkipTaskWithNoActionsExecuter.execute(SkipTaskWithNoActionsExecuter.java:57)
	at org.gradle.api.internal.tasks.execution.SkipOnlyIfTaskExecuter.execute(SkipOnlyIfTaskExecuter.java:74)
	at org.gradle.api.internal.tasks.execution.CatchExceptionTaskExecuter.execute(CatchExceptionTaskExecuter.java:36)
	at org.gradle.api.internal.tasks.execution.EventFiringTaskExecuter$1.executeTask(EventFiringTaskExecuter.java:77)
	at org.gradle.api.internal.tasks.execution.EventFiringTaskExecuter$1.call(EventFiringTaskExecuter.java:55)
	at org.gradle.api.internal.tasks.execution.EventFiringTaskExecuter$1.call(EventFiringTaskExecuter.java:52)
	at org.gradle.internal.operations.DefaultBuildOperationRunner$CallableBuildOperationWorker.execute(DefaultBuildOperationRunner.java:209)
	at org.gradle.internal.operations.DefaultBuildOperationRunner$CallableBuildOperationWorker.execute(DefaultBuildOperationRunner.java:204)
	at org.gradle.internal.operations.DefaultBuildOperationRunner$2.execute(DefaultBuildOperationRunner.java:66)
	at org.gradle.internal.operations.DefaultBuildOperationRunner$2.execute(DefaultBuildOperationRunner.java:59)
	at org.gradle.internal.operations.DefaultBuildOperationRunner.execute(DefaultBuildOperationRunner.java:166)
	at org.gradle.internal.operations.DefaultBuildOperationRunner.execute(DefaultBuildOperationRunner.java:59)
	at org.gradle.internal.operations.DefaultBuildOperationRunner.call(DefaultBuildOperationRunner.java:53)
	at org.gradle.api.internal.tasks.execution.EventFiringTaskExecuter.execute(EventFiringTaskExecuter.java:52)
	at org.gradle.execution.plan.LocalTaskNodeExecutor.execute(LocalTaskNodeExecutor.java:42)
	at org.gradle.execution.taskgraph.DefaultTaskExecutionGraph$InvokeNodeExecutorsAction.execute(DefaultTaskExecutionGraph.java:331)
	at org.gradle.execution.taskgraph.DefaultTaskExecutionGraph$InvokeNodeExecutorsAction.execute(DefaultTaskExecutionGraph.java:318)
	at org.gradle.execution.taskgraph.DefaultTaskExecutionGraph$BuildOperationAwareExecutionAction.lambda$execute$0(DefaultTaskExecutionGraph.java:314)
	at org.gradle.internal.operations.CurrentBuildOperationRef.with(CurrentBuildOperationRef.java:85)
	at org.gradle.execution.taskgraph.DefaultTaskExecutionGraph$BuildOperationAwareExecutionAction.execute(DefaultTaskExecutionGraph.java:314)
	at org.gradle.execution.taskgraph.DefaultTaskExecutionGraph$BuildOperationAwareExecutionAction.execute(DefaultTaskExecutionGraph.java:303)
	at org.gradle.execution.plan.DefaultPlanExecutor$ExecutorWorker.execute(DefaultPlanExecutor.java:459)
	at org.gradle.execution.plan.DefaultPlanExecutor$ExecutorWorker.run(DefaultPlanExecutor.java:376)
	at org.gradle.internal.concurrent.ExecutorPolicy$CatchAndRecordFailures.onExecute(ExecutorPolicy.java:64)
	at org.gradle.internal.concurrent.AbstractManagedExecutor$1.run(AbstractManagedExecutor.java:48)
Caused by: org.gradle.workers.internal.DefaultWorkerExecutor$WorkExecutionException: A failure occurred while executing com.android.build.gradle.internal.res.ParseLibraryResourcesTask$ParseResourcesRunnable
	at org.gradle.workers.internal.DefaultWorkerExecutor$WorkItemExecution.waitForCompletion(DefaultWorkerExecutor.java:287)
	at org.gradle.internal.work.DefaultAsyncWorkTracker.lambda$waitForItemsAndGatherFailures$2(DefaultAsyncWorkTracker.java:130)
	at org.gradle.internal.Factories$1.create(Factories.java:31)
	at org.gradle.internal.work.DefaultWorkerLeaseService.withoutLocks(DefaultWorkerLeaseService.java:335)
	at org.gradle.internal.work.DefaultWorkerLeaseService.withoutLocks(DefaultWorkerLeaseService.java:318)
	at org.gradle.internal.work.DefaultWorkerLeaseService.withoutLock(DefaultWorkerLeaseService.java:323)
	at org.gradle.internal.work.DefaultAsyncWorkTracker.waitForItemsAndGatherFailures(DefaultAsyncWorkTracker.java:126)
	at org.gradle.internal.work.DefaultAsyncWorkTracker.waitForItemsAndGatherFailures(DefaultAsyncWorkTracker.java:92)
	at org.gradle.internal.work.DefaultAsyncWorkTracker.waitForAll(DefaultAsyncWorkTracker.java:78)
	at org.gradle.internal.work.DefaultAsyncWorkTracker.waitForCompletion(DefaultAsyncWorkTracker.java:66)
	at org.gradle.api.internal.tasks.execution.TaskExecution$3.run(TaskExecution.java:252)
	at org.gradle.internal.operations.DefaultBuildOperationRunner$1.execute(DefaultBuildOperationRunner.java:29)
	at org.gradle.internal.operations.DefaultBuildOperationRunner$1.execute(DefaultBuildOperationRunner.java:26)
	at org.gradle.internal.operations.DefaultBuildOperationRunner$2.execute(DefaultBuildOperationRunner.java:66)
	at org.gradle.internal.operations.DefaultBuildOperationRunner$2.execute(DefaultBuildOperationRunner.java:59)
	at org.gradle.internal.operations.DefaultBuildOperationRunner.execute(DefaultBuildOperationRunner.java:166)
	at org.gradle.internal.operations.DefaultBuildOperationRunner.execute(DefaultBuildOperationRunner.java:59)
	at org.gradle.internal.operations.DefaultBuildOperationRunner.run(DefaultBuildOperationRunner.java:47)
	at org.gradle.api.internal.tasks.execution.TaskExecution.executeAction(TaskExecution.java:229)
	at org.gradle.api.internal.tasks.execution.TaskExecution.executeActions(TaskExecution.java:212)
	at org.gradle.api.internal.tasks.execution.TaskExecution.executeWithPreviousOutputFiles(TaskExecution.java:195)
	at org.gradle.api.internal.tasks.execution.TaskExecution.execute(TaskExecution.java:162)
	at org.gradle.internal.execution.steps.ExecuteStep.executeInternal(ExecuteStep.java:105)
	at org.gradle.internal.execution.steps.ExecuteStep.access$000(ExecuteStep.java:44)
	at org.gradle.internal.execution.steps.ExecuteStep$1.call(ExecuteStep.java:59)
	at org.gradle.internal.execution.steps.ExecuteStep$1.call(ExecuteStep.java:56)
	at org.gradle.internal.operations.DefaultBuildOperationRunner$CallableBuildOperationWorker.execute(DefaultBuildOperationRunner.java:209)
	at org.gradle.internal.operations.DefaultBuildOperationRunner$CallableBuildOperationWorker.execute(DefaultBuildOperationRunner.java:204)
	at org.gradle.internal.operations.DefaultBuildOperationRunner$2.execute(DefaultBuildOperationRunner.java:66)
	at org.gradle.internal.operations.DefaultBuildOperationRunner$2.execute(DefaultBuildOperationRunner.java:59)
	at org.gradle.internal.operations.DefaultBuildOperationRunner.execute(DefaultBuildOperationRunner.java:166)
	at org.gradle.internal.operations.DefaultBuildOperationRunner.execute(DefaultBuildOperationRunner.java:59)
	at org.gradle.internal.operations.DefaultBuildOperationRunner.call(DefaultBuildOperationRunner.java:53)
	at org.gradle.internal.execution.steps.ExecuteStep.execute(ExecuteStep.java:56)
	at org.gradle.internal.execution.steps.ExecuteStep.execute(ExecuteStep.java:44)
	at org.gradle.internal.execution.steps.CancelExecutionStep.execute(CancelExecutionStep.java:42)
	at org.gradle.internal.execution.steps.TimeoutStep.executeWithoutTimeout(TimeoutStep.java:75)
	at org.gradle.internal.execution.steps.TimeoutStep.execute(TimeoutStep.java:55)
	at org.gradle.internal.execution.steps.PreCreateOutputParentsStep.execute(PreCreateOutputParentsStep.java:50)
	at org.gradle.internal.execution.steps.PreCreateOutputParentsStep.execute(PreCreateOutputParentsStep.java:28)
	at org.gradle.internal.execution.steps.RemovePreviousOutputsStep.execute(RemovePreviousOutputsStep.java:67)
	at org.gradle.internal.execution.steps.RemovePreviousOutputsStep.execute(RemovePreviousOutputsStep.java:37)
	at org.gradle.internal.execution.steps.BroadcastChangingOutputsStep.execute(BroadcastChangingOutputsStep.java:61)
	at org.gradle.internal.execution.steps.BroadcastChangingOutputsStep.execute(BroadcastChangingOutputsStep.java:26)
	at org.gradle.internal.execution.steps.CaptureOutputsAfterExecutionStep.execute(CaptureOutputsAfterExecutionStep.java:69)
	at org.gradle.internal.execution.steps.CaptureOutputsAfterExecutionStep.execute(CaptureOutputsAfterExecutionStep.java:46)
	at org.gradle.internal.execution.steps.ResolveInputChangesStep.execute(ResolveInputChangesStep.java:40)
	at org.gradle.internal.execution.steps.ResolveInputChangesStep.execute(ResolveInputChangesStep.java:29)
	at org.gradle.internal.execution.steps.BuildCacheStep.executeWithoutCache(BuildCacheStep.java:189)
	at org.gradle.internal.execution.steps.BuildCacheStep.lambda$execute$1(BuildCacheStep.java:75)
	at org.gradle.internal.Either$Right.fold(Either.java:175)
	at org.gradle.internal.execution.caching.CachingState.fold(CachingState.java:62)
	at org.gradle.internal.execution.steps.BuildCacheStep.execute(BuildCacheStep.java:73)
	at org.gradle.internal.execution.steps.BuildCacheStep.execute(BuildCacheStep.java:48)
	at org.gradle.internal.execution.steps.StoreExecutionStateStep.execute(StoreExecutionStateStep.java:46)
	at org.gradle.internal.execution.steps.StoreExecutionStateStep.execute(StoreExecutionStateStep.java:35)
	at org.gradle.internal.execution.steps.SkipUpToDateStep.executeBecause(SkipUpToDateStep.java:75)
	at org.gradle.internal.execution.steps.SkipUpToDateStep.lambda$execute$2(SkipUpToDateStep.java:53)
	at org.gradle.internal.execution.steps.SkipUpToDateStep.execute(SkipUpToDateStep.java:53)
	at org.gradle.internal.execution.steps.SkipUpToDateStep.execute(SkipUpToDateStep.java:35)
	at org.gradle.internal.execution.steps.legacy.MarkSnapshottingInputsFinishedStep.execute(MarkSnapshottingInputsFinishedStep.java:37)
	at org.gradle.internal.execution.steps.legacy.MarkSnapshottingInputsFinishedStep.execute(MarkSnapshottingInputsFinishedStep.java:27)
	at org.gradle.internal.execution.steps.ResolveIncrementalCachingStateStep.executeDelegate(ResolveIncrementalCachingStateStep.java:49)
	at org.gradle.internal.execution.steps.ResolveIncrementalCachingStateStep.executeDelegate(ResolveIncrementalCachingStateStep.java:27)
	at org.gradle.internal.execution.steps.AbstractResolveCachingStateStep.execute(AbstractResolveCachingStateStep.java:71)
	at org.gradle.internal.execution.steps.AbstractResolveCachingStateStep.execute(AbstractResolveCachingStateStep.java:39)
	at org.gradle.internal.execution.steps.ResolveChangesStep.execute(ResolveChangesStep.java:65)
	at org.gradle.internal.execution.steps.ResolveChangesStep.execute(ResolveChangesStep.java:36)
	at org.gradle.internal.execution.steps.ValidateStep.execute(ValidateStep.java:107)
	at org.gradle.internal.execution.steps.ValidateStep.execute(ValidateStep.java:56)
	at org.gradle.internal.execution.steps.AbstractCaptureStateBeforeExecutionStep.execute(AbstractCaptureStateBeforeExecutionStep.java:64)
	at org.gradle.internal.execution.steps.AbstractCaptureStateBeforeExecutionStep.execute(AbstractCaptureStateBeforeExecutionStep.java:43)
	at org.gradle.internal.execution.steps.AbstractSkipEmptyWorkStep.executeWithNonEmptySources(AbstractSkipEmptyWorkStep.java:125)
	at org.gradle.internal.execution.steps.AbstractSkipEmptyWorkStep.execute(AbstractSkipEmptyWorkStep.java:56)
	at org.gradle.internal.execution.steps.AbstractSkipEmptyWorkStep.execute(AbstractSkipEmptyWorkStep.java:36)
	at org.gradle.internal.execution.steps.legacy.MarkSnapshottingInputsStartedStep.execute(MarkSnapshottingInputsStartedStep.java:38)
	at org.gradle.internal.execution.steps.LoadPreviousExecutionStateStep.execute(LoadPreviousExecutionStateStep.java:36)
	at org.gradle.internal.execution.steps.LoadPreviousExecutionStateStep.execute(LoadPreviousExecutionStateStep.java:23)
	at org.gradle.internal.execution.steps.HandleStaleOutputsStep.execute(HandleStaleOutputsStep.java:75)
	at org.gradle.internal.execution.steps.HandleStaleOutputsStep.execute(HandleStaleOutputsStep.java:41)
	at org.gradle.internal.execution.steps.AssignMutableWorkspaceStep.lambda$execute$0(AssignMutableWorkspaceStep.java:35)
	at org.gradle.api.internal.tasks.execution.TaskExecution$4.withWorkspace(TaskExecution.java:289)
	at org.gradle.internal.execution.steps.AssignMutableWorkspaceStep.execute(AssignMutableWorkspaceStep.java:31)
	at org.gradle.internal.execution.steps.AssignMutableWorkspaceStep.execute(AssignMutableWorkspaceStep.java:22)
	at org.gradle.internal.execution.steps.ChoosePipelineStep.execute(ChoosePipelineStep.java:40)
	at org.gradle.internal.execution.steps.ChoosePipelineStep.execute(ChoosePipelineStep.java:23)
	at org.gradle.internal.execution.steps.ExecuteWorkBuildOperationFiringStep.lambda$execute$2(ExecuteWorkBuildOperationFiringStep.java:67)
	at org.gradle.internal.execution.steps.ExecuteWorkBuildOperationFiringStep.execute(ExecuteWorkBuildOperationFiringStep.java:67)
	at org.gradle.internal.execution.steps.ExecuteWorkBuildOperationFiringStep.execute(ExecuteWorkBuildOperationFiringStep.java:39)
	at org.gradle.internal.execution.steps.IdentityCacheStep.execute(IdentityCacheStep.java:46)
	at org.gradle.internal.execution.steps.IdentityCacheStep.execute(IdentityCacheStep.java:34)
	at org.gradle.internal.execution.steps.IdentifyStep.execute(IdentifyStep.java:48)
	at org.gradle.internal.execution.steps.IdentifyStep.execute(IdentifyStep.java:35)
	at org.gradle.internal.execution.impl.DefaultExecutionEngine$1.execute(DefaultExecutionEngine.java:61)
	at org.gradle.api.internal.tasks.execution.ExecuteActionsTaskExecuter.executeIfValid(ExecuteActionsTaskExecuter.java:127)
	at org.gradle.api.internal.tasks.execution.ExecuteActionsTaskExecuter.execute(ExecuteActionsTaskExecuter.java:116)
	at org.gradle.api.internal.tasks.execution.FinalizePropertiesTaskExecuter.execute(FinalizePropertiesTaskExecuter.java:46)
	at org.gradle.api.internal.tasks.execution.ResolveTaskExecutionModeExecuter.execute(ResolveTaskExecutionModeExecuter.java:51)
	at org.gradle.api.internal.tasks.execution.SkipTaskWithNoActionsExecuter.execute(SkipTaskWithNoActionsExecuter.java:57)
	at org.gradle.api.internal.tasks.execution.SkipOnlyIfTaskExecuter.execute(SkipOnlyIfTaskExecuter.java:74)
	at org.gradle.api.internal.tasks.execution.CatchExceptionTaskExecuter.execute(CatchExceptionTaskExecuter.java:36)
	at org.gradle.api.internal.tasks.execution.EventFiringTaskExecuter$1.executeTask(EventFiringTaskExecuter.java:77)
	at org.gradle.api.internal.tasks.execution.EventFiringTaskExecuter$1.call(EventFiringTaskExecuter.java:55)
	at org.gradle.api.internal.tasks.execution.EventFiringTaskExecuter$1.call(EventFiringTaskExecuter.java:52)
	at org.gradle.internal.operations.DefaultBuildOperationRunner$CallableBuildOperationWorker.execute(DefaultBuildOperationRunner.java:209)
	at org.gradle.internal.operations.DefaultBuildOperationRunner$CallableBuildOperationWorker.execute(DefaultBuildOperationRunner.java:204)
	at org.gradle.internal.operations.DefaultBuildOperationRunner$2.execute(DefaultBuildOperationRunner.java:66)
	at org.gradle.internal.operations.DefaultBuildOperationRunner$2.execute(DefaultBuildOperationRunner.java:59)
	at org.gradle.internal.operations.DefaultBuildOperationRunner.execute(DefaultBuildOperationRunner.java:166)
	at org.gradle.internal.operations.DefaultBuildOperationRunner.execute(DefaultBuildOperationRunner.java:59)
	at org.gradle.internal.operations.DefaultBuildOperationRunner.call(DefaultBuildOperationRunner.java:53)
	at org.gradle.api.internal.tasks.execution.EventFiringTaskExecuter.execute(EventFiringTaskExecuter.java:52)
	at org.gradle.execution.plan.LocalTaskNodeExecutor.execute(LocalTaskNodeExecutor.java:42)
	at org.gradle.execution.taskgraph.DefaultTaskExecutionGraph$InvokeNodeExecutorsAction.execute(DefaultTaskExecutionGraph.java:331)
	at org.gradle.execution.taskgraph.DefaultTaskExecutionGraph$InvokeNodeExecutorsAction.execute(DefaultTaskExecutionGraph.java:318)
	at org.gradle.execution.taskgraph.DefaultTaskExecutionGraph$BuildOperationAwareExecutionAction.lambda$execute$0(DefaultTaskExecutionGraph.java:314)
	at org.gradle.internal.operations.CurrentBuildOperationRef.with(CurrentBuildOperationRef.java:85)
	at org.gradle.execution.taskgraph.DefaultTaskExecutionGraph$BuildOperationAwareExecutionAction.execute(DefaultTaskExecutionGraph.java:314)
	at org.gradle.execution.taskgraph.DefaultTaskExecutionGraph$BuildOperationAwareExecutionAction.execute(DefaultTaskExecutionGraph.java:303)
	at org.gradle.execution.plan.DefaultPlanExecutor$ExecutorWorker.execute(DefaultPlanExecutor.java:459)
	at org.gradle.execution.plan.DefaultPlanExecutor$ExecutorWorker.run(DefaultPlanExecutor.java:376)
	at org.gradle.internal.concurrent.ExecutorPolicy$CatchAndRecordFailures.onExecute(ExecutorPolicy.java:64)
	at org.gradle.internal.concurrent.AbstractManagedExecutor$1.run(AbstractManagedExecutor.java:48)
Caused by: com.android.ide.common.symbols.ResourceDirectoryParseException: Failed to parse XML file 'C:\Users\Administrator\AndroidStudioProjects\PrescriptionManagementApp\app\build\intermediates\packaged_res\debug\packageDebugResources\layout\activity_statistics.xml'
	at com.android.ide.common.symbols.ResourceDirectoryParser.parseResourceFile(ResourceDirectoryParser.kt:230)
	at com.android.ide.common.symbols.ResourceDirectoryParser.parseResourceDirectory(ResourceDirectoryParser.kt:151)
	at com.android.ide.common.symbols.ResourceDirectoryParser.parseResourceSourceSetDirectory(ResourceDirectoryParser.kt:102)
	at com.android.build.gradle.internal.res.ParseLibraryResourcesTaskKt.doFullTaskAction(ParseLibraryResourcesTask.kt:228)
	at com.android.build.gradle.internal.res.ParseLibraryResourcesTask$ParseResourcesRunnable.run(ParseLibraryResourcesTask.kt:147)
	at com.android.build.gradle.internal.profile.ProfileAwareWorkAction.execute(ProfileAwareWorkAction.kt:74)
	at org.gradle.workers.internal.DefaultWorkerServer.execute(DefaultWorkerServer.java:63)
	at org.gradle.workers.internal.NoIsolationWorkerFactory$1$1.create(NoIsolationWorkerFactory.java:66)
	at org.gradle.workers.internal.NoIsolationWorkerFactory$1$1.create(NoIsolationWorkerFactory.java:62)
	at org.gradle.internal.classloader.ClassLoaderUtils.executeInClassloader(ClassLoaderUtils.java:100)
	at org.gradle.workers.internal.NoIsolationWorkerFactory$1.lambda$execute$0(NoIsolationWorkerFactory.java:62)
	at org.gradle.workers.internal.AbstractWorker$1.call(AbstractWorker.java:44)
	at org.gradle.workers.internal.AbstractWorker$1.call(AbstractWorker.java:41)
	at org.gradle.internal.operations.DefaultBuildOperationRunner$CallableBuildOperationWorker.execute(DefaultBuildOperationRunner.java:209)
	at org.gradle.internal.operations.DefaultBuildOperationRunner$CallableBuildOperationWorker.execute(DefaultBuildOperationRunner.java:204)
	at org.gradle.internal.operations.DefaultBuildOperationRunner$2.execute(DefaultBuildOperationRunner.java:66)
	at org.gradle.internal.operations.DefaultBuildOperationRunner$2.execute(DefaultBuildOperationRunner.java:59)
	at org.gradle.internal.operations.DefaultBuildOperationRunner.execute(DefaultBuildOperationRunner.java:166)
	at org.gradle.internal.operations.DefaultBuildOperationRunner.execute(DefaultBuildOperationRunner.java:59)
	at org.gradle.internal.operations.DefaultBuildOperationRunner.call(DefaultBuildOperationRunner.java:53)
	at org.gradle.workers.internal.AbstractWorker.executeWrappedInBuildOperation(AbstractWorker.java:41)
	at org.gradle.workers.internal.NoIsolationWorkerFactory$1.execute(NoIsolationWorkerFactory.java:59)
	at org.gradle.workers.internal.DefaultWorkerExecutor.lambda$submitWork$0(DefaultWorkerExecutor.java:174)
	at org.gradle.internal.work.DefaultConditionalExecutionQueue$ExecutionRunner.runExecution(DefaultConditionalExecutionQueue.java:194)
	at org.gradle.internal.work.DefaultConditionalExecutionQueue$ExecutionRunner.access$700(DefaultConditionalExecutionQueue.java:127)
	at org.gradle.internal.work.DefaultConditionalExecutionQueue$ExecutionRunner$1.run(DefaultConditionalExecutionQueue.java:169)
	at org.gradle.internal.Factories$1.create(Factories.java:31)
	at org.gradle.internal.work.DefaultWorkerLeaseService.withLocks(DefaultWorkerLeaseService.java:263)
	at org.gradle.internal.work.DefaultWorkerLeaseService.runAsWorkerThread(DefaultWorkerLeaseService.java:127)
	at org.gradle.internal.work.DefaultWorkerLeaseService.runAsWorkerThread(DefaultWorkerLeaseService.java:132)
	at org.gradle.internal.work.DefaultConditionalExecutionQueue$ExecutionRunner.runBatch(DefaultConditionalExecutionQueue.java:164)
	at org.gradle.internal.work.DefaultConditionalExecutionQueue$ExecutionRunner.run(DefaultConditionalExecutionQueue.java:133)
	... 2 more
Caused by: org.xml.sax.SAXParseException; systemId: file:/C:/Users/Administrator/AndroidStudioProjects/PrescriptionManagementApp/app/build/intermediates/packaged_res/debug/packageDebugResources/layout/activity_statistics.xml; lineNumber: 196; columnNumber: 3; The markup in the document following the root element must be well-formed.
	at java.xml/com.sun.org.apache.xerces.internal.parsers.DOMParser.parse(Unknown Source)
	at java.xml/com.sun.org.apache.xerces.internal.jaxp.DocumentBuilderImpl.parse(Unknown Source)
	at com.android.ide.common.symbols.ResourceDirectoryParser.parseResourceFile(ResourceDirectoryParser.kt:225)
	... 33 more


BUILD FAILED in 692ms
25 actionable tasks: 5 executed, 20 up-to-date
2025-03-31T14:41:03.320+0700 [DEBUG] [org.gradle.launcher.daemon.server.exec.ExecuteBuild] The daemon has finished executing the build.
2025-03-31T14:41:03.337+0700 [DEBUG] [org.gradle.launcher.daemon.server.DaemonStateCoordinator] daemon is running. Sleeping until state changes.
2025-03-31T14:41:03.337+0700 [DEBUG] [org.gradle.launcher.daemon.server.DaemonStateCoordinator] Command execution: finished waiting for DaemonCommandExecution[command = Build{id=044f5b73-1c1f-495e-aea2-35fae8adb8a8, currentDir=C:\Users\Administrator\AndroidStudioProjects\PrescriptionManagementApp}, connection = DefaultDaemonConnection: socket connection from /127.0.0.1:57449 to /127.0.0.1:58002]. Result org.gradle.launcher.daemon.server.DaemonStateCoordinator@5482f580 with state Busy
2025-03-31T14:41:03.337+0700 [DEBUG] [org.gradle.launcher.daemon.server.DaemonStateCoordinator] Command execution: completed DaemonCommandExecution[command = Build{id=044f5b73-1c1f-495e-aea2-35fae8adb8a8, currentDir=C:\Users\Administrator\AndroidStudioProjects\PrescriptionManagementApp}, connection = DefaultDaemonConnection: socket connection from /127.0.0.1:57449 to /127.0.0.1:58002]
2025-03-31T14:41:03.337+0700 [DEBUG] [org.gradle.launcher.daemon.server.DaemonStateCoordinator] resetting idle timer
2025-03-31T14:41:03.337+0700 [INFO] [org.gradle.launcher.daemon.server.DaemonRegistryUpdater] Marking the daemon as idle, address: [89355165-53aa-4cdd-8d6e-dd9456d8bfd5 port:57449, addresses:[localhost/127.0.0.1]]
2025-03-31T14:41:03.337+0700 [DEBUG] [org.gradle.launcher.daemon.registry.PersistentDaemonRegistry] Marking busy by address: [89355165-53aa-4cdd-8d6e-dd9456d8bfd5 port:57449, addresses:[localhost/127.0.0.1]]
2025-03-31T14:41:03.338+0700 [DEBUG] [org.gradle.cache.internal.DefaultFileLockManager] Waiting to acquire exclusive lock on daemon addresses registry.
2025-03-31T14:41:03.338+0700 [DEBUG] [org.gradle.cache.internal.DefaultFileLockManager] Lock acquired on daemon addresses registry.
2025-03-31T14:41:03.339+0700 [DEBUG] [org.gradle.cache.internal.DefaultFileLockManager] Releasing lock on daemon addresses registry.
2025-03-31T14:41:03.339+0700 [DEBUG] [org.gradle.launcher.daemon.server.DaemonStateCoordinator] daemon is running. Sleeping until state changes.
2025-03-31T14:41:03.339+0700 [DEBUG] [org.gradle.launcher.daemon.server.exec.ReturnResult] Daemon is dispatching the build result: Success[value=org.gradle.launcher.exec.BuildActionResult@7e6be33a]
2025-03-31T14:41:03.340+0700 [DEBUG] [org.gradle.launcher.daemon.server.SynchronizedDispatchConnection] thread 475: dispatching Success[value=org.gradle.launcher.exec.BuildActionResult@7e6be33a]
2025-03-31T14:41:03.341+0700 [DEBUG] [org.gradle.launcher.daemon.server.exec.CleanUpVirtualFileSystemAfterBuild] Cleaning virtual file system after build finished
2025-03-31T14:41:03.341+0700 [DEBUG] [org.gradle.launcher.daemon.server.DefaultIncomingConnectionHandler] Finishing executing command: Build{id=044f5b73-1c1f-495e-aea2-35fae8adb8a8, currentDir=C:\Users\Administrator\AndroidStudioProjects\PrescriptionManagementApp}
2025-03-31T14:41:03.343+0700 [DEBUG] [org.gradle.launcher.daemon.server.SynchronizedDispatchConnection] thread 554: received class org.gradle.launcher.daemon.protocol.CloseInput
2025-03-31T14:41:03.343+0700 [DEBUG] [org.gradle.launcher.daemon.server.DefaultDaemonConnection] thread 554: Received IO message from client: org.gradle.launcher.daemon.protocol.CloseInput@4bb360b3
2025-03-31T14:41:03.343+0700 [DEBUG] [org.gradle.launcher.daemon.server.SynchronizedDispatchConnection] thread 554: received class org.gradle.launcher.daemon.protocol.Finished
2025-03-31T14:41:03.343+0700 [DEBUG] [org.gradle.launcher.daemon.server.DefaultDaemonConnection] thread 554: Received non-IO message from client: org.gradle.launcher.daemon.protocol.Finished@457497b5
2025-03-31T14:41:03.344+0700 [DEBUG] [org.gradle.launcher.daemon.server.DefaultIncomingConnectionHandler] Received finished message: org.gradle.launcher.daemon.protocol.Finished@457497b5
2025-03-31T14:41:03.344+0700 [DEBUG] [org.gradle.internal.remote.internal.inet.SocketConnection] Discarding EOFException: java.io.EOFException
2025-03-31T14:41:03.344+0700 [DEBUG] [org.gradle.launcher.daemon.server.SynchronizedDispatchConnection] thread 554: received null
2025-03-31T14:41:03.344+0700 [DEBUG] [org.gradle.launcher.daemon.server.DefaultDaemonConnection] thread 554: Received end-of-input from client.
2025-03-31T14:41:03.344+0700 [DEBUG] [org.gradle.launcher.daemon.server.SynchronizedDispatchConnection] thread 475: stopping connection
2025-03-31T14:41:03.344+0700 [DEBUG] [org.gradle.launcher.daemon.server.SynchronizedDispatchConnection] thread 475: stopping connection
2025-03-31T14:41:11.572+0700 [DEBUG] [org.gradle.cache.internal.DefaultFileLockManager] Waiting to acquire shared lock on daemon addresses registry.
2025-03-31T14:41:11.572+0700 [DEBUG] [org.gradle.cache.internal.DefaultFileLockManager] Lock acquired on daemon addresses registry.
2025-03-31T14:41:11.572+0700 [DEBUG] [org.gradle.cache.internal.DefaultFileLockManager] Releasing lock on daemon addresses registry.
2025-03-31T14:41:11.574+0700 [DEBUG] [org.gradle.cache.internal.DefaultFileLockManager] Waiting to acquire shared lock on daemon addresses registry.
2025-03-31T14:41:11.574+0700 [DEBUG] [org.gradle.cache.internal.DefaultFileLockManager] Lock acquired on daemon addresses registry.
2025-03-31T14:41:11.575+0700 [DEBUG] [org.gradle.cache.internal.DefaultFileLockManager] Releasing lock on daemon addresses registry.
2025-03-31T14:41:21.564+0700 [DEBUG] [org.gradle.cache.internal.DefaultFileLockManager] Waiting to acquire shared lock on daemon addresses registry.
2025-03-31T14:41:21.564+0700 [DEBUG] [org.gradle.cache.internal.DefaultFileLockManager] Lock acquired on daemon addresses registry.
2025-03-31T14:41:21.564+0700 [DEBUG] [org.gradle.cache.internal.DefaultFileLockManager] Releasing lock on daemon addresses registry.
2025-03-31T14:41:21.565+0700 [DEBUG] [org.gradle.cache.internal.DefaultFileLockManager] Waiting to acquire shared lock on daemon addresses registry.
2025-03-31T14:41:21.565+0700 [DEBUG] [org.gradle.cache.internal.DefaultFileLockManager] Lock acquired on daemon addresses registry.
2025-03-31T14:41:21.565+0700 [DEBUG] [org.gradle.cache.internal.DefaultFileLockManager] Releasing lock on daemon addresses registry.
2025-03-31T14:41:21.566+0700 [DEBUG] [org.gradle.cache.internal.DefaultFileLockManager] Waiting to acquire shared lock on daemon addresses registry.
2025-03-31T14:41:21.566+0700 [DEBUG] [org.gradle.cache.internal.DefaultFileLockManager] Lock acquired on daemon addresses registry.
2025-03-31T14:41:21.566+0700 [DEBUG] [org.gradle.cache.internal.DefaultFileLockManager] Releasing lock on daemon addresses registry.
2025-03-31T14:41:31.561+0700 [DEBUG] [org.gradle.cache.internal.DefaultFileLockManager] Waiting to acquire shared lock on daemon addresses registry.
2025-03-31T14:41:31.561+0700 [DEBUG] [org.gradle.cache.internal.DefaultFileLockManager] Lock acquired on daemon addresses registry.
2025-03-31T14:41:31.561+0700 [DEBUG] [org.gradle.cache.internal.DefaultFileLockManager] Releasing lock on daemon addresses registry.
2025-03-31T14:41:31.562+0700 [DEBUG] [org.gradle.cache.internal.DefaultFileLockManager] Waiting to acquire shared lock on daemon addresses registry.
2025-03-31T14:41:31.562+0700 [DEBUG] [org.gradle.cache.internal.DefaultFileLockManager] Lock acquired on daemon addresses registry.
2025-03-31T14:41:31.562+0700 [DEBUG] [org.gradle.cache.internal.DefaultFileLockManager] Releasing lock on daemon addresses registry.
2025-03-31T14:41:31.563+0700 [DEBUG] [org.gradle.cache.internal.DefaultFileLockManager] Waiting to acquire shared lock on daemon addresses registry.
2025-03-31T14:41:31.563+0700 [DEBUG] [org.gradle.cache.internal.DefaultFileLockManager] Lock acquired on daemon addresses registry.
2025-03-31T14:41:31.563+0700 [DEBUG] [org.gradle.cache.internal.DefaultFileLockManager] Releasing lock on daemon addresses registry.
2025-03-31T14:41:41.567+0700 [DEBUG] [org.gradle.cache.internal.DefaultFileLockManager] Waiting to acquire shared lock on daemon addresses registry.
2025-03-31T14:41:41.567+0700 [DEBUG] [org.gradle.cache.internal.DefaultFileLockManager] Lock acquired on daemon addresses registry.
2025-03-31T14:41:41.567+0700 [DEBUG] [org.gradle.cache.internal.DefaultFileLockManager] Releasing lock on daemon addresses registry.
2025-03-31T14:41:41.568+0700 [DEBUG] [org.gradle.cache.internal.DefaultFileLockManager] Waiting to acquire shared lock on daemon addresses registry.
2025-03-31T14:41:41.568+0700 [DEBUG] [org.gradle.cache.internal.DefaultFileLockManager] Lock acquired on daemon addresses registry.
2025-03-31T14:41:41.568+0700 [DEBUG] [org.gradle.cache.internal.DefaultFileLockManager] Releasing lock on daemon addresses registry.
2025-03-31T14:41:41.569+0700 [DEBUG] [org.gradle.cache.internal.DefaultFileLockManager] Waiting to acquire shared lock on daemon addresses registry.
2025-03-31T14:41:41.569+0700 [DEBUG] [org.gradle.cache.internal.DefaultFileLockManager] Lock acquired on daemon addresses registry.
2025-03-31T14:41:41.569+0700 [DEBUG] [org.gradle.cache.internal.DefaultFileLockManager] Releasing lock on daemon addresses registry.
2025-03-31T14:41:43.278+0700 [DEBUG] [org.gradle.internal.watch.vfs.impl.WatchingVirtualFileSystem] Handling VFS change CREATED C:\Users\Administrator\AndroidStudioProjects\PrescriptionManagementApp\app\src\main\res\layout\activity_statistics.xml~
2025-03-31T14:41:43.279+0700 [DEBUG] [org.gradle.internal.watch.vfs.impl.WatchingVirtualFileSystem] Handling VFS change MODIFIED C:\Users\Administrator\AndroidStudioProjects\PrescriptionManagementApp\app\src\main\res\layout\activity_statistics.xml
2025-03-31T14:41:43.302+0700 [DEBUG] [org.gradle.internal.remote.internal.inet.TcpIncomingConnector] Accepted connection from /127.0.0.1:58028 to /127.0.0.1:57449.
2025-03-31T14:41:43.306+0700 [DEBUG] [org.gradle.launcher.daemon.server.SynchronizedDispatchConnection] thread 624: received class org.gradle.launcher.daemon.protocol.Build
2025-03-31T14:41:43.306+0700 [DEBUG] [org.gradle.launcher.daemon.server.DefaultDaemonConnection] thread 624: Received non-IO message from client: Build{id=51e9798e-69ee-46a0-89f7-55f301881d62, currentDir=C:\Users\Administrator\AndroidStudioProjects\PrescriptionManagementApp}
2025-03-31T14:41:43.306+0700 [INFO] [org.gradle.launcher.daemon.server.DefaultIncomingConnectionHandler] Received command: Build{id=51e9798e-69ee-46a0-89f7-55f301881d62, currentDir=C:\Users\Administrator\AndroidStudioProjects\PrescriptionManagementApp}.
2025-03-31T14:41:43.306+0700 [DEBUG] [org.gradle.launcher.daemon.server.DefaultIncomingConnectionHandler] Starting executing command: Build{id=51e9798e-69ee-46a0-89f7-55f301881d62, currentDir=C:\Users\Administrator\AndroidStudioProjects\PrescriptionManagementApp} with connection: socket connection from /127.0.0.1:57449 to /127.0.0.1:58028.
2025-03-31T14:41:43.306+0700 [DEBUG] [org.gradle.launcher.daemon.server.DaemonStateCoordinator] Command execution: started DaemonCommandExecution[command = Build{id=51e9798e-69ee-46a0-89f7-55f301881d62, currentDir=C:\Users\Administrator\AndroidStudioProjects\PrescriptionManagementApp}, connection = DefaultDaemonConnection: socket connection from /127.0.0.1:57449 to /127.0.0.1:58028] after 0.66615 minutes of idle
2025-03-31T14:41:43.306+0700 [INFO] [org.gradle.launcher.daemon.server.DaemonRegistryUpdater] Marking the daemon as busy, address: [89355165-53aa-4cdd-8d6e-dd9456d8bfd5 port:57449, addresses:[localhost/127.0.0.1]]
2025-03-31T14:41:43.306+0700 [DEBUG] [org.gradle.launcher.daemon.registry.PersistentDaemonRegistry] Marking busy by address: [89355165-53aa-4cdd-8d6e-dd9456d8bfd5 port:57449, addresses:[localhost/127.0.0.1]]
2025-03-31T14:41:43.307+0700 [DEBUG] [org.gradle.cache.internal.DefaultFileLockManager] Waiting to acquire exclusive lock on daemon addresses registry.
2025-03-31T14:41:43.308+0700 [DEBUG] [org.gradle.cache.internal.DefaultFileLockManager] Lock acquired on daemon addresses registry.
2025-03-31T14:41:43.309+0700 [DEBUG] [org.gradle.cache.internal.DefaultFileLockManager] Releasing lock on daemon addresses registry.
2025-03-31T14:41:43.309+0700 [DEBUG] [org.gradle.launcher.daemon.server.DaemonStateCoordinator] resetting idle timer
2025-03-31T14:41:43.309+0700 [DEBUG] [org.gradle.launcher.daemon.server.DaemonStateCoordinator] daemon is running. Sleeping until state changes.
2025-03-31T14:41:43.309+0700 [INFO] [org.gradle.launcher.daemon.server.exec.StartBuildOrRespondWithBusy] Daemon is about to start building Build{id=51e9798e-69ee-46a0-89f7-55f301881d62, currentDir=C:\Users\Administrator\AndroidStudioProjects\PrescriptionManagementApp}. Dispatching build started information...
2025-03-31T14:41:43.309+0700 [DEBUG] [org.gradle.launcher.daemon.server.SynchronizedDispatchConnection] thread 478: dispatching org.gradle.launcher.daemon.protocol.BuildStarted@374b2419
2025-03-31T14:41:43.310+0700 [DEBUG] [org.gradle.launcher.daemon.server.exec.EstablishBuildEnvironment] Configuring env variables: [USERDOMAIN_ROAMINGPROFILE, LOCALAPPDATA, PROCESSOR_LEVEL, USERDOMAIN, LOGONSERVER, FPS_BROWSER_APP_PROFILE_STRING, SESSIONNAME, ALLUSERSPROFILE, PROCESSOR_ARCHITECTURE, PSModulePath, SystemDrive, EFC_3896, OneDrive, MAVEN_HOME, APPDATA, NODEJS, USERNAME, ProgramFiles(x86), CommonProgramFiles, Path, FPS_BROWSER_USER_PROFILE_STRING, PATHEXT, DriverData, OS, COMPUTERNAME, PROCESSOR_REVISION, CommonProgramW6432, ComSpec, ProgramData, ProgramW6432, TEMP, HOMEPATH, SystemRoot, PROCESSOR_IDENTIFIER, HOMEDRIVE, USERPROFILE, TMP, CommonProgramFiles(x86), ProgramFiles, PUBLIC, windir, NUMBER_OF_PROCESSORS, Java17, =::]
2025-03-31T14:41:43.310+0700 [DEBUG] [org.gradle.launcher.daemon.server.exec.LogToClient] About to start relaying all logs to the client via the connection.
2025-03-31T14:41:43.310+0700 [INFO] [org.gradle.launcher.daemon.server.exec.LogToClient] The client will now receive all logging from the daemon (pid: 5332). The daemon log file: C:\Users\Administrator\AndroidStudioProjects\PrescriptionManagementApp\daemon\8.10.2\daemon-5332.out.log
2025-03-31T14:41:43.311+0700 [INFO] [org.gradle.launcher.daemon.server.exec.LogAndCheckHealth] Starting 7th build in daemon [uptime: 12 mins 32.123 secs, performance: 99%, GC rate: 0.00/s, heap usage: 0% of 2 GiB]
2025-03-31T14:41:43.311+0700 [DEBUG] [org.gradle.launcher.daemon.server.exec.ExecuteBuild] The daemon has started executing the build.
2025-03-31T14:41:43.311+0700 [DEBUG] [org.gradle.launcher.daemon.server.exec.ExecuteBuild] Executing build with daemon context: DefaultDaemonContext[uid=22b66b4b-6c8e-40f2-8527-532d682a827d,javaHome=C:\Program Files\Android\Android Studio\jbr,javaVersion=21,javaVendor=JetBrains s.r.o.,daemonRegistryDir=C:\Users\Administrator\AndroidStudioProjects\PrescriptionManagementApp\daemon,pid=5332,idleTimeout=10800000,priority=NORMAL,applyInstrumentationAgent=true,nativeServicesMode=ENABLED,daemonOpts=--add-opens=java.base/java.util=ALL-UNNAMED,--add-opens=java.base/java.lang=ALL-UNNAMED,--add-opens=java.base/java.lang.invoke=ALL-UNNAMED,--add-opens=java.prefs/java.util.prefs=ALL-UNNAMED,--add-exports=jdk.compiler/com.sun.tools.javac.api=ALL-UNNAMED,--add-exports=jdk.compiler/com.sun.tools.javac.util=ALL-UNNAMED,--add-opens=java.base/java.nio.charset=ALL-UNNAMED,--add-opens=java.base/java.net=ALL-UNNAMED,--add-opens=java.base/java.util.concurrent.atomic=ALL-UNNAMED,-Xmx2048m,-Dfile.encoding=UTF-8,-Duser.country=US,-Duser.language=en,-Duser.variant]
[Fatal Error] activity_statistics.xml:195:3: The markup in the document following the root element must be well-formed.

FAILURE: Build failed with an exception.

* What went wrong:
Execution failed for task ':app:parseDebugLocalResources'.
> A failure occurred while executing com.android.build.gradle.internal.res.ParseLibraryResourcesTask$ParseResourcesRunnable
   > Failed to parse XML file 'C:\Users\Administrator\AndroidStudioProjects\PrescriptionManagementApp\app\build\intermediates\packaged_res\debug\packageDebugResources\layout\activity_statistics.xml'

* Try:
> Run with --info or --debug option to get more log output.
> Run with --scan to get full insights.
> Get more help at https://help.gradle.org.

* Exception is:
org.gradle.api.tasks.TaskExecutionException: Execution failed for task ':app:parseDebugLocalResources'.
	at org.gradle.api.internal.tasks.execution.ExecuteActionsTaskExecuter.lambda$executeIfValid$1(ExecuteActionsTaskExecuter.java:130)
	at org.gradle.internal.Try$Failure.ifSuccessfulOrElse(Try.java:293)
	at org.gradle.api.internal.tasks.execution.ExecuteActionsTaskExecuter.executeIfValid(ExecuteActionsTaskExecuter.java:128)
	at org.gradle.api.internal.tasks.execution.ExecuteActionsTaskExecuter.execute(ExecuteActionsTaskExecuter.java:116)
	at org.gradle.api.internal.tasks.execution.FinalizePropertiesTaskExecuter.execute(FinalizePropertiesTaskExecuter.java:46)
	at org.gradle.api.internal.tasks.execution.ResolveTaskExecutionModeExecuter.execute(ResolveTaskExecutionModeExecuter.java:51)
	at org.gradle.api.internal.tasks.execution.SkipTaskWithNoActionsExecuter.execute(SkipTaskWithNoActionsExecuter.java:57)
	at org.gradle.api.internal.tasks.execution.SkipOnlyIfTaskExecuter.execute(SkipOnlyIfTaskExecuter.java:74)
	at org.gradle.api.internal.tasks.execution.CatchExceptionTaskExecuter.execute(CatchExceptionTaskExecuter.java:36)
	at org.gradle.api.internal.tasks.execution.EventFiringTaskExecuter$1.executeTask(EventFiringTaskExecuter.java:77)
	at org.gradle.api.internal.tasks.execution.EventFiringTaskExecuter$1.call(EventFiringTaskExecuter.java:55)
	at org.gradle.api.internal.tasks.execution.EventFiringTaskExecuter$1.call(EventFiringTaskExecuter.java:52)
	at org.gradle.internal.operations.DefaultBuildOperationRunner$CallableBuildOperationWorker.execute(DefaultBuildOperationRunner.java:209)
	at org.gradle.internal.operations.DefaultBuildOperationRunner$CallableBuildOperationWorker.execute(DefaultBuildOperationRunner.java:204)
	at org.gradle.internal.operations.DefaultBuildOperationRunner$2.execute(DefaultBuildOperationRunner.java:66)
	at org.gradle.internal.operations.DefaultBuildOperationRunner$2.execute(DefaultBuildOperationRunner.java:59)
	at org.gradle.internal.operations.DefaultBuildOperationRunner.execute(DefaultBuildOperationRunner.java:166)
	at org.gradle.internal.operations.DefaultBuildOperationRunner.execute(DefaultBuildOperationRunner.java:59)
	at org.gradle.internal.operations.DefaultBuildOperationRunner.call(DefaultBuildOperationRunner.java:53)
	at org.gradle.api.internal.tasks.execution.EventFiringTaskExecuter.execute(EventFiringTaskExecuter.java:52)
	at org.gradle.execution.plan.LocalTaskNodeExecutor.execute(LocalTaskNodeExecutor.java:42)
	at org.gradle.execution.taskgraph.DefaultTaskExecutionGraph$InvokeNodeExecutorsAction.execute(DefaultTaskExecutionGraph.java:331)
	at org.gradle.execution.taskgraph.DefaultTaskExecutionGraph$InvokeNodeExecutorsAction.execute(DefaultTaskExecutionGraph.java:318)
	at org.gradle.execution.taskgraph.DefaultTaskExecutionGraph$BuildOperationAwareExecutionAction.lambda$execute$0(DefaultTaskExecutionGraph.java:314)
	at org.gradle.internal.operations.CurrentBuildOperationRef.with(CurrentBuildOperationRef.java:85)
	at org.gradle.execution.taskgraph.DefaultTaskExecutionGraph$BuildOperationAwareExecutionAction.execute(DefaultTaskExecutionGraph.java:314)
	at org.gradle.execution.taskgraph.DefaultTaskExecutionGraph$BuildOperationAwareExecutionAction.execute(DefaultTaskExecutionGraph.java:303)
	at org.gradle.execution.plan.DefaultPlanExecutor$ExecutorWorker.execute(DefaultPlanExecutor.java:459)
	at org.gradle.execution.plan.DefaultPlanExecutor$ExecutorWorker.run(DefaultPlanExecutor.java:376)
	at org.gradle.internal.concurrent.ExecutorPolicy$CatchAndRecordFailures.onExecute(ExecutorPolicy.java:64)
	at org.gradle.internal.concurrent.AbstractManagedExecutor$1.run(AbstractManagedExecutor.java:48)
Caused by: org.gradle.workers.internal.DefaultWorkerExecutor$WorkExecutionException: A failure occurred while executing com.android.build.gradle.internal.res.ParseLibraryResourcesTask$ParseResourcesRunnable
	at org.gradle.workers.internal.DefaultWorkerExecutor$WorkItemExecution.waitForCompletion(DefaultWorkerExecutor.java:287)
	at org.gradle.internal.work.DefaultAsyncWorkTracker.lambda$waitForItemsAndGatherFailures$2(DefaultAsyncWorkTracker.java:130)
	at org.gradle.internal.Factories$1.create(Factories.java:31)
	at org.gradle.internal.work.DefaultWorkerLeaseService.withoutLocks(DefaultWorkerLeaseService.java:335)
	at org.gradle.internal.work.DefaultWorkerLeaseService.withoutLocks(DefaultWorkerLeaseService.java:318)
	at org.gradle.internal.work.DefaultWorkerLeaseService.withoutLock(DefaultWorkerLeaseService.java:323)
	at org.gradle.internal.work.DefaultAsyncWorkTracker.waitForItemsAndGatherFailures(DefaultAsyncWorkTracker.java:126)
	at org.gradle.internal.work.DefaultAsyncWorkTracker.waitForItemsAndGatherFailures(DefaultAsyncWorkTracker.java:92)
	at org.gradle.internal.work.DefaultAsyncWorkTracker.waitForAll(DefaultAsyncWorkTracker.java:78)
	at org.gradle.internal.work.DefaultAsyncWorkTracker.waitForCompletion(DefaultAsyncWorkTracker.java:66)
	at org.gradle.api.internal.tasks.execution.TaskExecution$3.run(TaskExecution.java:252)
	at org.gradle.internal.operations.DefaultBuildOperationRunner$1.execute(DefaultBuildOperationRunner.java:29)
	at org.gradle.internal.operations.DefaultBuildOperationRunner$1.execute(DefaultBuildOperationRunner.java:26)
	at org.gradle.internal.operations.DefaultBuildOperationRunner$2.execute(DefaultBuildOperationRunner.java:66)
	at org.gradle.internal.operations.DefaultBuildOperationRunner$2.execute(DefaultBuildOperationRunner.java:59)
	at org.gradle.internal.operations.DefaultBuildOperationRunner.execute(DefaultBuildOperationRunner.java:166)
	at org.gradle.internal.operations.DefaultBuildOperationRunner.execute(DefaultBuildOperationRunner.java:59)
	at org.gradle.internal.operations.DefaultBuildOperationRunner.run(DefaultBuildOperationRunner.java:47)
	at org.gradle.api.internal.tasks.execution.TaskExecution.executeAction(TaskExecution.java:229)
	at org.gradle.api.internal.tasks.execution.TaskExecution.executeActions(TaskExecution.java:212)
	at org.gradle.api.internal.tasks.execution.TaskExecution.executeWithPreviousOutputFiles(TaskExecution.java:195)
	at org.gradle.api.internal.tasks.execution.TaskExecution.execute(TaskExecution.java:162)
	at org.gradle.internal.execution.steps.ExecuteStep.executeInternal(ExecuteStep.java:105)
	at org.gradle.internal.execution.steps.ExecuteStep.access$000(ExecuteStep.java:44)
	at org.gradle.internal.execution.steps.ExecuteStep$1.call(ExecuteStep.java:59)
	at org.gradle.internal.execution.steps.ExecuteStep$1.call(ExecuteStep.java:56)
	at org.gradle.internal.operations.DefaultBuildOperationRunner$CallableBuildOperationWorker.execute(DefaultBuildOperationRunner.java:209)
	at org.gradle.internal.operations.DefaultBuildOperationRunner$CallableBuildOperationWorker.execute(DefaultBuildOperationRunner.java:204)
	at org.gradle.internal.operations.DefaultBuildOperationRunner$2.execute(DefaultBuildOperationRunner.java:66)
	at org.gradle.internal.operations.DefaultBuildOperationRunner$2.execute(DefaultBuildOperationRunner.java:59)
	at org.gradle.internal.operations.DefaultBuildOperationRunner.execute(DefaultBuildOperationRunner.java:166)
	at org.gradle.internal.operations.DefaultBuildOperationRunner.execute(DefaultBuildOperationRunner.java:59)
	at org.gradle.internal.operations.DefaultBuildOperationRunner.call(DefaultBuildOperationRunner.java:53)
	at org.gradle.internal.execution.steps.ExecuteStep.execute(ExecuteStep.java:56)
	at org.gradle.internal.execution.steps.ExecuteStep.execute(ExecuteStep.java:44)
	at org.gradle.internal.execution.steps.CancelExecutionStep.execute(CancelExecutionStep.java:42)
	at org.gradle.internal.execution.steps.TimeoutStep.executeWithoutTimeout(TimeoutStep.java:75)
	at org.gradle.internal.execution.steps.TimeoutStep.execute(TimeoutStep.java:55)
	at org.gradle.internal.execution.steps.PreCreateOutputParentsStep.execute(PreCreateOutputParentsStep.java:50)
	at org.gradle.internal.execution.steps.PreCreateOutputParentsStep.execute(PreCreateOutputParentsStep.java:28)
	at org.gradle.internal.execution.steps.RemovePreviousOutputsStep.execute(RemovePreviousOutputsStep.java:67)
	at org.gradle.internal.execution.steps.RemovePreviousOutputsStep.execute(RemovePreviousOutputsStep.java:37)
	at org.gradle.internal.execution.steps.BroadcastChangingOutputsStep.execute(BroadcastChangingOutputsStep.java:61)
	at org.gradle.internal.execution.steps.BroadcastChangingOutputsStep.execute(BroadcastChangingOutputsStep.java:26)
	at org.gradle.internal.execution.steps.CaptureOutputsAfterExecutionStep.execute(CaptureOutputsAfterExecutionStep.java:69)
	at org.gradle.internal.execution.steps.CaptureOutputsAfterExecutionStep.execute(CaptureOutputsAfterExecutionStep.java:46)
	at org.gradle.internal.execution.steps.ResolveInputChangesStep.execute(ResolveInputChangesStep.java:40)
	at org.gradle.internal.execution.steps.ResolveInputChangesStep.execute(ResolveInputChangesStep.java:29)
	at org.gradle.internal.execution.steps.BuildCacheStep.executeWithoutCache(BuildCacheStep.java:189)
	at org.gradle.internal.execution.steps.BuildCacheStep.lambda$execute$1(BuildCacheStep.java:75)
	at org.gradle.internal.Either$Right.fold(Either.java:175)
	at org.gradle.internal.execution.caching.CachingState.fold(CachingState.java:62)
	at org.gradle.internal.execution.steps.BuildCacheStep.execute(BuildCacheStep.java:73)
	at org.gradle.internal.execution.steps.BuildCacheStep.execute(BuildCacheStep.java:48)
	at org.gradle.internal.execution.steps.StoreExecutionStateStep.execute(StoreExecutionStateStep.java:46)
	at org.gradle.internal.execution.steps.StoreExecutionStateStep.execute(StoreExecutionStateStep.java:35)
	at org.gradle.internal.execution.steps.SkipUpToDateStep.executeBecause(SkipUpToDateStep.java:75)
	at org.gradle.internal.execution.steps.SkipUpToDateStep.lambda$execute$2(SkipUpToDateStep.java:53)
	at org.gradle.internal.execution.steps.SkipUpToDateStep.execute(SkipUpToDateStep.java:53)
	at org.gradle.internal.execution.steps.SkipUpToDateStep.execute(SkipUpToDateStep.java:35)
	at org.gradle.internal.execution.steps.legacy.MarkSnapshottingInputsFinishedStep.execute(MarkSnapshottingInputsFinishedStep.java:37)
	at org.gradle.internal.execution.steps.legacy.MarkSnapshottingInputsFinishedStep.execute(MarkSnapshottingInputsFinishedStep.java:27)
	at org.gradle.internal.execution.steps.ResolveIncrementalCachingStateStep.executeDelegate(ResolveIncrementalCachingStateStep.java:49)
	at org.gradle.internal.execution.steps.ResolveIncrementalCachingStateStep.executeDelegate(ResolveIncrementalCachingStateStep.java:27)
	at org.gradle.internal.execution.steps.AbstractResolveCachingStateStep.execute(AbstractResolveCachingStateStep.java:71)
	at org.gradle.internal.execution.steps.AbstractResolveCachingStateStep.execute(AbstractResolveCachingStateStep.java:39)
	at org.gradle.internal.execution.steps.ResolveChangesStep.execute(ResolveChangesStep.java:65)
	at org.gradle.internal.execution.steps.ResolveChangesStep.execute(ResolveChangesStep.java:36)
	at org.gradle.internal.execution.steps.ValidateStep.execute(ValidateStep.java:107)
	at org.gradle.internal.execution.steps.ValidateStep.execute(ValidateStep.java:56)
	at org.gradle.internal.execution.steps.AbstractCaptureStateBeforeExecutionStep.execute(AbstractCaptureStateBeforeExecutionStep.java:64)
	at org.gradle.internal.execution.steps.AbstractCaptureStateBeforeExecutionStep.execute(AbstractCaptureStateBeforeExecutionStep.java:43)
	at org.gradle.internal.execution.steps.AbstractSkipEmptyWorkStep.executeWithNonEmptySources(AbstractSkipEmptyWorkStep.java:125)
	at org.gradle.internal.execution.steps.AbstractSkipEmptyWorkStep.execute(AbstractSkipEmptyWorkStep.java:56)
	at org.gradle.internal.execution.steps.AbstractSkipEmptyWorkStep.execute(AbstractSkipEmptyWorkStep.java:36)
	at org.gradle.internal.execution.steps.legacy.MarkSnapshottingInputsStartedStep.execute(MarkSnapshottingInputsStartedStep.java:38)
	at org.gradle.internal.execution.steps.LoadPreviousExecutionStateStep.execute(LoadPreviousExecutionStateStep.java:36)
	at org.gradle.internal.execution.steps.LoadPreviousExecutionStateStep.execute(LoadPreviousExecutionStateStep.java:23)
	at org.gradle.internal.execution.steps.HandleStaleOutputsStep.execute(HandleStaleOutputsStep.java:75)
	at org.gradle.internal.execution.steps.HandleStaleOutputsStep.execute(HandleStaleOutputsStep.java:41)
	at org.gradle.internal.execution.steps.AssignMutableWorkspaceStep.lambda$execute$0(AssignMutableWorkspaceStep.java:35)
	at org.gradle.api.internal.tasks.execution.TaskExecution$4.withWorkspace(TaskExecution.java:289)
	at org.gradle.internal.execution.steps.AssignMutableWorkspaceStep.execute(AssignMutableWorkspaceStep.java:31)
	at org.gradle.internal.execution.steps.AssignMutableWorkspaceStep.execute(AssignMutableWorkspaceStep.java:22)
	at org.gradle.internal.execution.steps.ChoosePipelineStep.execute(ChoosePipelineStep.java:40)
	at org.gradle.internal.execution.steps.ChoosePipelineStep.execute(ChoosePipelineStep.java:23)
	at org.gradle.internal.execution.steps.ExecuteWorkBuildOperationFiringStep.lambda$execute$2(ExecuteWorkBuildOperationFiringStep.java:67)
	at org.gradle.internal.execution.steps.ExecuteWorkBuildOperationFiringStep.execute(ExecuteWorkBuildOperationFiringStep.java:67)
	at org.gradle.internal.execution.steps.ExecuteWorkBuildOperationFiringStep.execute(ExecuteWorkBuildOperationFiringStep.java:39)
	at org.gradle.internal.execution.steps.IdentityCacheStep.execute(IdentityCacheStep.java:46)
	at org.gradle.internal.execution.steps.IdentityCacheStep.execute(IdentityCacheStep.java:34)
	at org.gradle.internal.execution.steps.IdentifyStep.execute(IdentifyStep.java:48)
	at org.gradle.internal.execution.steps.IdentifyStep.execute(IdentifyStep.java:35)
	at org.gradle.internal.execution.impl.DefaultExecutionEngine$1.execute(DefaultExecutionEngine.java:61)
	at org.gradle.api.internal.tasks.execution.ExecuteActionsTaskExecuter.executeIfValid(ExecuteActionsTaskExecuter.java:127)
	at org.gradle.api.internal.tasks.execution.ExecuteActionsTaskExecuter.execute(ExecuteActionsTaskExecuter.java:116)
	at org.gradle.api.internal.tasks.execution.FinalizePropertiesTaskExecuter.execute(FinalizePropertiesTaskExecuter.java:46)
	at org.gradle.api.internal.tasks.execution.ResolveTaskExecutionModeExecuter.execute(ResolveTaskExecutionModeExecuter.java:51)
	at org.gradle.api.internal.tasks.execution.SkipTaskWithNoActionsExecuter.execute(SkipTaskWithNoActionsExecuter.java:57)
	at org.gradle.api.internal.tasks.execution.SkipOnlyIfTaskExecuter.execute(SkipOnlyIfTaskExecuter.java:74)
	at org.gradle.api.internal.tasks.execution.CatchExceptionTaskExecuter.execute(CatchExceptionTaskExecuter.java:36)
	at org.gradle.api.internal.tasks.execution.EventFiringTaskExecuter$1.executeTask(EventFiringTaskExecuter.java:77)
	at org.gradle.api.internal.tasks.execution.EventFiringTaskExecuter$1.call(EventFiringTaskExecuter.java:55)
	at org.gradle.api.internal.tasks.execution.EventFiringTaskExecuter$1.call(EventFiringTaskExecuter.java:52)
	at org.gradle.internal.operations.DefaultBuildOperationRunner$CallableBuildOperationWorker.execute(DefaultBuildOperationRunner.java:209)
	at org.gradle.internal.operations.DefaultBuildOperationRunner$CallableBuildOperationWorker.execute(DefaultBuildOperationRunner.java:204)
	at org.gradle.internal.operations.DefaultBuildOperationRunner$2.execute(DefaultBuildOperationRunner.java:66)
	at org.gradle.internal.operations.DefaultBuildOperationRunner$2.execute(DefaultBuildOperationRunner.java:59)
	at org.gradle.internal.operations.DefaultBuildOperationRunner.execute(DefaultBuildOperationRunner.java:166)
	at org.gradle.internal.operations.DefaultBuildOperationRunner.execute(DefaultBuildOperationRunner.java:59)
	at org.gradle.internal.operations.DefaultBuildOperationRunner.call(DefaultBuildOperationRunner.java:53)
	at org.gradle.api.internal.tasks.execution.EventFiringTaskExecuter.execute(EventFiringTaskExecuter.java:52)
	at org.gradle.execution.plan.LocalTaskNodeExecutor.execute(LocalTaskNodeExecutor.java:42)
	at org.gradle.execution.taskgraph.DefaultTaskExecutionGraph$InvokeNodeExecutorsAction.execute(DefaultTaskExecutionGraph.java:331)
	at org.gradle.execution.taskgraph.DefaultTaskExecutionGraph$InvokeNodeExecutorsAction.execute(DefaultTaskExecutionGraph.java:318)
	at org.gradle.execution.taskgraph.DefaultTaskExecutionGraph$BuildOperationAwareExecutionAction.lambda$execute$0(DefaultTaskExecutionGraph.java:314)
	at org.gradle.internal.operations.CurrentBuildOperationRef.with(CurrentBuildOperationRef.java:85)
	at org.gradle.execution.taskgraph.DefaultTaskExecutionGraph$BuildOperationAwareExecutionAction.execute(DefaultTaskExecutionGraph.java:314)
	at org.gradle.execution.taskgraph.DefaultTaskExecutionGraph$BuildOperationAwareExecutionAction.execute(DefaultTaskExecutionGraph.java:303)
	at org.gradle.execution.plan.DefaultPlanExecutor$ExecutorWorker.execute(DefaultPlanExecutor.java:459)
	at org.gradle.execution.plan.DefaultPlanExecutor$ExecutorWorker.run(DefaultPlanExecutor.java:376)
	at org.gradle.internal.concurrent.ExecutorPolicy$CatchAndRecordFailures.onExecute(ExecutorPolicy.java:64)
	at org.gradle.internal.concurrent.AbstractManagedExecutor$1.run(AbstractManagedExecutor.java:48)
Caused by: com.android.ide.common.symbols.ResourceDirectoryParseException: Failed to parse XML file 'C:\Users\Administrator\AndroidStudioProjects\PrescriptionManagementApp\app\build\intermediates\packaged_res\debug\packageDebugResources\layout\activity_statistics.xml'
	at com.android.ide.common.symbols.ResourceDirectoryParser.parseResourceFile(ResourceDirectoryParser.kt:230)
	at com.android.ide.common.symbols.ResourceDirectoryParser.parseResourceDirectory(ResourceDirectoryParser.kt:151)
	at com.android.ide.common.symbols.ResourceDirectoryParser.parseResourceSourceSetDirectory(ResourceDirectoryParser.kt:102)
	at com.android.build.gradle.internal.res.ParseLibraryResourcesTaskKt.doFullTaskAction(ParseLibraryResourcesTask.kt:228)
	at com.android.build.gradle.internal.res.ParseLibraryResourcesTask$ParseResourcesRunnable.run(ParseLibraryResourcesTask.kt:147)
	at com.android.build.gradle.internal.profile.ProfileAwareWorkAction.execute(ProfileAwareWorkAction.kt:74)
	at org.gradle.workers.internal.DefaultWorkerServer.execute(DefaultWorkerServer.java:63)
	at org.gradle.workers.internal.NoIsolationWorkerFactory$1$1.create(NoIsolationWorkerFactory.java:66)
	at org.gradle.workers.internal.NoIsolationWorkerFactory$1$1.create(NoIsolationWorkerFactory.java:62)
	at org.gradle.internal.classloader.ClassLoaderUtils.executeInClassloader(ClassLoaderUtils.java:100)
	at org.gradle.workers.internal.NoIsolationWorkerFactory$1.lambda$execute$0(NoIsolationWorkerFactory.java:62)
	at org.gradle.workers.internal.AbstractWorker$1.call(AbstractWorker.java:44)
	at org.gradle.workers.internal.AbstractWorker$1.call(AbstractWorker.java:41)
	at org.gradle.internal.operations.DefaultBuildOperationRunner$CallableBuildOperationWorker.execute(DefaultBuildOperationRunner.java:209)
	at org.gradle.internal.operations.DefaultBuildOperationRunner$CallableBuildOperationWorker.execute(DefaultBuildOperationRunner.java:204)
	at org.gradle.internal.operations.DefaultBuildOperationRunner$2.execute(DefaultBuildOperationRunner.java:66)
	at org.gradle.internal.operations.DefaultBuildOperationRunner$2.execute(DefaultBuildOperationRunner.java:59)
	at org.gradle.internal.operations.DefaultBuildOperationRunner.execute(DefaultBuildOperationRunner.java:166)
	at org.gradle.internal.operations.DefaultBuildOperationRunner.execute(DefaultBuildOperationRunner.java:59)
	at org.gradle.internal.operations.DefaultBuildOperationRunner.call(DefaultBuildOperationRunner.java:53)
	at org.gradle.workers.internal.AbstractWorker.executeWrappedInBuildOperation(AbstractWorker.java:41)
	at org.gradle.workers.internal.NoIsolationWorkerFactory$1.execute(NoIsolationWorkerFactory.java:59)
	at org.gradle.workers.internal.DefaultWorkerExecutor.lambda$submitWork$0(DefaultWorkerExecutor.java:174)
	at org.gradle.internal.work.DefaultConditionalExecutionQueue$ExecutionRunner.runExecution(DefaultConditionalExecutionQueue.java:194)
	at org.gradle.internal.work.DefaultConditionalExecutionQueue$ExecutionRunner.access$700(DefaultConditionalExecutionQueue.java:127)
	at org.gradle.internal.work.DefaultConditionalExecutionQueue$ExecutionRunner$1.run(DefaultConditionalExecutionQueue.java:169)
	at org.gradle.internal.Factories$1.create(Factories.java:31)
	at org.gradle.internal.work.DefaultWorkerLeaseService.withLocks(DefaultWorkerLeaseService.java:263)
	at org.gradle.internal.work.DefaultWorkerLeaseService.runAsWorkerThread(DefaultWorkerLeaseService.java:127)
	at org.gradle.internal.work.DefaultWorkerLeaseService.runAsWorkerThread(DefaultWorkerLeaseService.java:132)
	at org.gradle.internal.work.DefaultConditionalExecutionQueue$ExecutionRunner.runBatch(DefaultConditionalExecutionQueue.java:164)
	at org.gradle.internal.work.DefaultConditionalExecutionQueue$ExecutionRunner.run(DefaultConditionalExecutionQueue.java:133)
	... 2 more
Caused by: org.xml.sax.SAXParseException; systemId: file:/C:/Users/Administrator/AndroidStudioProjects/PrescriptionManagementApp/app/build/intermediates/packaged_res/debug/packageDebugResources/layout/activity_statistics.xml; lineNumber: 195; columnNumber: 3; The markup in the document following the root element must be well-formed.
	at java.xml/com.sun.org.apache.xerces.internal.parsers.DOMParser.parse(Unknown Source)
	at java.xml/com.sun.org.apache.xerces.internal.jaxp.DocumentBuilderImpl.parse(Unknown Source)
	at com.android.ide.common.symbols.ResourceDirectoryParser.parseResourceFile(ResourceDirectoryParser.kt:225)
	... 33 more


BUILD FAILED in 680ms
25 actionable tasks: 5 executed, 20 up-to-date
2025-03-31T14:41:44.013+0700 [DEBUG] [org.gradle.launcher.daemon.server.exec.ExecuteBuild] The daemon has finished executing the build.
2025-03-31T14:41:44.029+0700 [DEBUG] [org.gradle.launcher.daemon.server.DaemonStateCoordinator] Command execution: finished waiting for DaemonCommandExecution[command = Build{id=51e9798e-69ee-46a0-89f7-55f301881d62, currentDir=C:\Users\Administrator\AndroidStudioProjects\PrescriptionManagementApp}, connection = DefaultDaemonConnection: socket connection from /127.0.0.1:57449 to /127.0.0.1:58028]. Result org.gradle.launcher.daemon.server.DaemonStateCoordinator@5482f580 with state Busy
2025-03-31T14:41:44.029+0700 [DEBUG] [org.gradle.launcher.daemon.server.DaemonStateCoordinator] Command execution: completed DaemonCommandExecution[command = Build{id=51e9798e-69ee-46a0-89f7-55f301881d62, currentDir=C:\Users\Administrator\AndroidStudioProjects\PrescriptionManagementApp}, connection = DefaultDaemonConnection: socket connection from /127.0.0.1:57449 to /127.0.0.1:58028]
2025-03-31T14:41:44.029+0700 [DEBUG] [org.gradle.launcher.daemon.server.DaemonStateCoordinator] resetting idle timer
2025-03-31T14:41:44.029+0700 [INFO] [org.gradle.launcher.daemon.server.DaemonRegistryUpdater] Marking the daemon as idle, address: [89355165-53aa-4cdd-8d6e-dd9456d8bfd5 port:57449, addresses:[localhost/127.0.0.1]]
2025-03-31T14:41:44.029+0700 [DEBUG] [org.gradle.launcher.daemon.registry.PersistentDaemonRegistry] Marking busy by address: [89355165-53aa-4cdd-8d6e-dd9456d8bfd5 port:57449, addresses:[localhost/127.0.0.1]]
2025-03-31T14:41:44.030+0700 [DEBUG] [org.gradle.cache.internal.DefaultFileLockManager] Waiting to acquire exclusive lock on daemon addresses registry.
2025-03-31T14:41:44.031+0700 [DEBUG] [org.gradle.cache.internal.DefaultFileLockManager] Lock acquired on daemon addresses registry.
2025-03-31T14:41:44.032+0700 [DEBUG] [org.gradle.cache.internal.DefaultFileLockManager] Releasing lock on daemon addresses registry.
2025-03-31T14:41:44.033+0700 [DEBUG] [org.gradle.launcher.daemon.server.DaemonStateCoordinator] daemon is running. Sleeping until state changes.
2025-03-31T14:41:44.033+0700 [DEBUG] [org.gradle.launcher.daemon.server.exec.ReturnResult] Daemon is dispatching the build result: Success[value=org.gradle.launcher.exec.BuildActionResult@31956ec4]
2025-03-31T14:41:44.033+0700 [DEBUG] [org.gradle.launcher.daemon.server.SynchronizedDispatchConnection] thread 475: dispatching Success[value=org.gradle.launcher.exec.BuildActionResult@31956ec4]
2025-03-31T14:41:44.034+0700 [DEBUG] [org.gradle.launcher.daemon.server.exec.CleanUpVirtualFileSystemAfterBuild] Cleaning virtual file system after build finished
2025-03-31T14:41:44.034+0700 [DEBUG] [org.gradle.launcher.daemon.server.DefaultIncomingConnectionHandler] Finishing executing command: Build{id=51e9798e-69ee-46a0-89f7-55f301881d62, currentDir=C:\Users\Administrator\AndroidStudioProjects\PrescriptionManagementApp}
2025-03-31T14:41:44.037+0700 [DEBUG] [org.gradle.launcher.daemon.server.SynchronizedDispatchConnection] thread 624: received class org.gradle.launcher.daemon.protocol.CloseInput
2025-03-31T14:41:44.037+0700 [DEBUG] [org.gradle.launcher.daemon.server.DefaultDaemonConnection] thread 624: Received IO message from client: org.gradle.launcher.daemon.protocol.CloseInput@70052eb5
2025-03-31T14:41:44.037+0700 [DEBUG] [org.gradle.launcher.daemon.server.SynchronizedDispatchConnection] thread 624: received class org.gradle.launcher.daemon.protocol.Finished
2025-03-31T14:41:44.037+0700 [DEBUG] [org.gradle.launcher.daemon.server.DefaultDaemonConnection] thread 624: Received non-IO message from client: org.gradle.launcher.daemon.protocol.Finished@7ec2cec5
2025-03-31T14:41:44.037+0700 [DEBUG] [org.gradle.launcher.daemon.server.DefaultIncomingConnectionHandler] Received finished message: org.gradle.launcher.daemon.protocol.Finished@7ec2cec5
2025-03-31T14:41:44.037+0700 [DEBUG] [org.gradle.internal.remote.internal.inet.SocketConnection] Discarding EOFException: java.io.EOFException
2025-03-31T14:41:44.037+0700 [DEBUG] [org.gradle.launcher.daemon.server.SynchronizedDispatchConnection] thread 475: stopping connection
2025-03-31T14:41:44.037+0700 [DEBUG] [org.gradle.launcher.daemon.server.SynchronizedDispatchConnection] thread 624: received null
2025-03-31T14:41:44.037+0700 [DEBUG] [org.gradle.launcher.daemon.server.DefaultDaemonConnection] thread 624: Received end-of-input from client.
2025-03-31T14:41:44.038+0700 [DEBUG] [org.gradle.launcher.daemon.server.SynchronizedDispatchConnection] thread 475: stopping connection
2025-03-31T14:41:51.563+0700 [DEBUG] [org.gradle.cache.internal.DefaultFileLockManager] Waiting to acquire shared lock on daemon addresses registry.
2025-03-31T14:41:51.563+0700 [DEBUG] [org.gradle.cache.internal.DefaultFileLockManager] Lock acquired on daemon addresses registry.
2025-03-31T14:41:51.563+0700 [DEBUG] [org.gradle.cache.internal.DefaultFileLockManager] Releasing lock on daemon addresses registry.
2025-03-31T14:41:51.564+0700 [DEBUG] [org.gradle.cache.internal.DefaultFileLockManager] Waiting to acquire shared lock on daemon addresses registry.
2025-03-31T14:41:51.564+0700 [DEBUG] [org.gradle.cache.internal.DefaultFileLockManager] Lock acquired on daemon addresses registry.
2025-03-31T14:41:51.565+0700 [DEBUG] [org.gradle.cache.internal.DefaultFileLockManager] Releasing lock on daemon addresses registry.
2025-03-31T14:42:01.559+0700 [DEBUG] [org.gradle.cache.internal.DefaultFileLockManager] Waiting to acquire shared lock on daemon addresses registry.
2025-03-31T14:42:01.559+0700 [DEBUG] [org.gradle.cache.internal.DefaultFileLockManager] Lock acquired on daemon addresses registry.
2025-03-31T14:42:01.559+0700 [DEBUG] [org.gradle.cache.internal.DefaultFileLockManager] Releasing lock on daemon addresses registry.
2025-03-31T14:42:01.560+0700 [DEBUG] [org.gradle.cache.internal.DefaultFileLockManager] Waiting to acquire shared lock on daemon addresses registry.
2025-03-31T14:42:01.560+0700 [DEBUG] [org.gradle.cache.internal.DefaultFileLockManager] Lock acquired on daemon addresses registry.
2025-03-31T14:42:01.560+0700 [DEBUG] [org.gradle.cache.internal.DefaultFileLockManager] Releasing lock on daemon addresses registry.
2025-03-31T14:42:01.561+0700 [DEBUG] [org.gradle.cache.internal.DefaultFileLockManager] Waiting to acquire shared lock on daemon addresses registry.
2025-03-31T14:42:01.561+0700 [DEBUG] [org.gradle.cache.internal.DefaultFileLockManager] Lock acquired on daemon addresses registry.
2025-03-31T14:42:01.561+0700 [DEBUG] [org.gradle.cache.internal.DefaultFileLockManager] Releasing lock on daemon addresses registry.
2025-03-31T14:42:11.561+0700 [DEBUG] [org.gradle.cache.internal.DefaultFileLockManager] Waiting to acquire shared lock on daemon addresses registry.
2025-03-31T14:42:11.561+0700 [DEBUG] [org.gradle.cache.internal.DefaultFileLockManager] Lock acquired on daemon addresses registry.
2025-03-31T14:42:11.561+0700 [DEBUG] [org.gradle.cache.internal.DefaultFileLockManager] Releasing lock on daemon addresses registry.
2025-03-31T14:42:11.562+0700 [DEBUG] [org.gradle.cache.internal.DefaultFileLockManager] Waiting to acquire shared lock on daemon addresses registry.
2025-03-31T14:42:11.562+0700 [DEBUG] [org.gradle.cache.internal.DefaultFileLockManager] Lock acquired on daemon addresses registry.
2025-03-31T14:42:11.562+0700 [DEBUG] [org.gradle.cache.internal.DefaultFileLockManager] Releasing lock on daemon addresses registry.
2025-03-31T14:42:11.563+0700 [DEBUG] [org.gradle.cache.internal.DefaultFileLockManager] Waiting to acquire shared lock on daemon addresses registry.
2025-03-31T14:42:11.563+0700 [DEBUG] [org.gradle.cache.internal.DefaultFileLockManager] Lock acquired on daemon addresses registry.
2025-03-31T14:42:11.563+0700 [DEBUG] [org.gradle.cache.internal.DefaultFileLockManager] Releasing lock on daemon addresses registry.
2025-03-31T14:42:21.569+0700 [DEBUG] [org.gradle.cache.internal.DefaultFileLockManager] Waiting to acquire shared lock on daemon addresses registry.
2025-03-31T14:42:21.570+0700 [DEBUG] [org.gradle.cache.internal.DefaultFileLockManager] Lock acquired on daemon addresses registry.
2025-03-31T14:42:21.570+0700 [DEBUG] [org.gradle.cache.internal.DefaultFileLockManager] Releasing lock on daemon addresses registry.
2025-03-31T14:42:21.570+0700 [DEBUG] [org.gradle.cache.internal.DefaultFileLockManager] Waiting to acquire shared lock on daemon addresses registry.
2025-03-31T14:42:21.571+0700 [DEBUG] [org.gradle.cache.internal.DefaultFileLockManager] Lock acquired on daemon addresses registry.
2025-03-31T14:42:21.571+0700 [DEBUG] [org.gradle.cache.internal.DefaultFileLockManager] Releasing lock on daemon addresses registry.
2025-03-31T14:42:21.571+0700 [DEBUG] [org.gradle.cache.internal.DefaultFileLockManager] Waiting to acquire shared lock on daemon addresses registry.
2025-03-31T14:42:21.571+0700 [DEBUG] [org.gradle.cache.internal.DefaultFileLockManager] Lock acquired on daemon addresses registry.
2025-03-31T14:42:21.572+0700 [DEBUG] [org.gradle.cache.internal.DefaultFileLockManager] Releasing lock on daemon addresses registry.
2025-03-31T14:42:31.557+0700 [DEBUG] [org.gradle.cache.internal.DefaultFileLockManager] Waiting to acquire shared lock on daemon addresses registry.
2025-03-31T14:42:31.557+0700 [DEBUG] [org.gradle.cache.internal.DefaultFileLockManager] Lock acquired on daemon addresses registry.
2025-03-31T14:42:31.558+0700 [DEBUG] [org.gradle.cache.internal.DefaultFileLockManager] Releasing lock on daemon addresses registry.
2025-03-31T14:42:31.558+0700 [DEBUG] [org.gradle.cache.internal.DefaultFileLockManager] Waiting to acquire shared lock on daemon addresses registry.
2025-03-31T14:42:31.559+0700 [DEBUG] [org.gradle.cache.internal.DefaultFileLockManager] Lock acquired on daemon addresses registry.
2025-03-31T14:42:31.559+0700 [DEBUG] [org.gradle.cache.internal.DefaultFileLockManager] Releasing lock on daemon addresses registry.
2025-03-31T14:42:31.560+0700 [DEBUG] [org.gradle.cache.internal.DefaultFileLockManager] Waiting to acquire shared lock on daemon addresses registry.
2025-03-31T14:42:31.560+0700 [DEBUG] [org.gradle.cache.internal.DefaultFileLockManager] Lock acquired on daemon addresses registry.
2025-03-31T14:42:31.560+0700 [DEBUG] [org.gradle.cache.internal.DefaultFileLockManager] Releasing lock on daemon addresses registry.
2025-03-31T14:42:41.558+0700 [DEBUG] [org.gradle.cache.internal.DefaultFileLockManager] Waiting to acquire shared lock on daemon addresses registry.
2025-03-31T14:42:41.558+0700 [DEBUG] [org.gradle.cache.internal.DefaultFileLockManager] Lock acquired on daemon addresses registry.
2025-03-31T14:42:41.558+0700 [DEBUG] [org.gradle.cache.internal.DefaultFileLockManager] Releasing lock on daemon addresses registry.
2025-03-31T14:42:41.559+0700 [DEBUG] [org.gradle.cache.internal.DefaultFileLockManager] Waiting to acquire shared lock on daemon addresses registry.
2025-03-31T14:42:41.559+0700 [DEBUG] [org.gradle.cache.internal.DefaultFileLockManager] Lock acquired on daemon addresses registry.
2025-03-31T14:42:41.559+0700 [DEBUG] [org.gradle.cache.internal.DefaultFileLockManager] Releasing lock on daemon addresses registry.
2025-03-31T14:42:41.560+0700 [DEBUG] [org.gradle.cache.internal.DefaultFileLockManager] Waiting to acquire shared lock on daemon addresses registry.
2025-03-31T14:42:41.560+0700 [DEBUG] [org.gradle.cache.internal.DefaultFileLockManager] Lock acquired on daemon addresses registry.
2025-03-31T14:42:41.560+0700 [DEBUG] [org.gradle.cache.internal.DefaultFileLockManager] Releasing lock on daemon addresses registry.
2025-03-31T14:42:51.563+0700 [DEBUG] [org.gradle.cache.internal.DefaultFileLockManager] Waiting to acquire shared lock on daemon addresses registry.
2025-03-31T14:42:51.563+0700 [DEBUG] [org.gradle.cache.internal.DefaultFileLockManager] Lock acquired on daemon addresses registry.
2025-03-31T14:42:51.563+0700 [DEBUG] [org.gradle.cache.internal.DefaultFileLockManager] Releasing lock on daemon addresses registry.
2025-03-31T14:42:51.564+0700 [DEBUG] [org.gradle.cache.internal.DefaultFileLockManager] Waiting to acquire shared lock on daemon addresses registry.
2025-03-31T14:42:51.564+0700 [DEBUG] [org.gradle.cache.internal.DefaultFileLockManager] Lock acquired on daemon addresses registry.
2025-03-31T14:42:51.564+0700 [DEBUG] [org.gradle.cache.internal.DefaultFileLockManager] Releasing lock on daemon addresses registry.
2025-03-31T14:42:51.564+0700 [DEBUG] [org.gradle.cache.internal.DefaultFileLockManager] Waiting to acquire shared lock on daemon addresses registry.
2025-03-31T14:42:51.564+0700 [DEBUG] [org.gradle.cache.internal.DefaultFileLockManager] Lock acquired on daemon addresses registry.
2025-03-31T14:42:51.565+0700 [DEBUG] [org.gradle.cache.internal.DefaultFileLockManager] Releasing lock on daemon addresses registry.
2025-03-31T14:43:01.563+0700 [DEBUG] [org.gradle.cache.internal.DefaultFileLockManager] Waiting to acquire shared lock on daemon addresses registry.
2025-03-31T14:43:01.563+0700 [DEBUG] [org.gradle.cache.internal.DefaultFileLockManager] Lock acquired on daemon addresses registry.
2025-03-31T14:43:01.564+0700 [DEBUG] [org.gradle.cache.internal.DefaultFileLockManager] Releasing lock on daemon addresses registry.
2025-03-31T14:43:01.564+0700 [DEBUG] [org.gradle.cache.internal.DefaultFileLockManager] Waiting to acquire shared lock on daemon addresses registry.
2025-03-31T14:43:01.564+0700 [DEBUG] [org.gradle.cache.internal.DefaultFileLockManager] Lock acquired on daemon addresses registry.
2025-03-31T14:43:01.565+0700 [DEBUG] [org.gradle.cache.internal.DefaultFileLockManager] Releasing lock on daemon addresses registry.
2025-03-31T14:43:01.565+0700 [DEBUG] [org.gradle.cache.internal.DefaultFileLockManager] Waiting to acquire shared lock on daemon addresses registry.
2025-03-31T14:43:01.565+0700 [DEBUG] [org.gradle.cache.internal.DefaultFileLockManager] Lock acquired on daemon addresses registry.
2025-03-31T14:43:01.565+0700 [DEBUG] [org.gradle.cache.internal.DefaultFileLockManager] Releasing lock on daemon addresses registry.
2025-03-31T14:43:11.565+0700 [DEBUG] [org.gradle.cache.internal.DefaultFileLockManager] Waiting to acquire shared lock on daemon addresses registry.
2025-03-31T14:43:11.566+0700 [DEBUG] [org.gradle.cache.internal.DefaultFileLockManager] Lock acquired on daemon addresses registry.
2025-03-31T14:43:11.566+0700 [DEBUG] [org.gradle.cache.internal.DefaultFileLockManager] Releasing lock on daemon addresses registry.
2025-03-31T14:43:11.567+0700 [DEBUG] [org.gradle.cache.internal.DefaultFileLockManager] Waiting to acquire shared lock on daemon addresses registry.
2025-03-31T14:43:11.567+0700 [DEBUG] [org.gradle.cache.internal.DefaultFileLockManager] Lock acquired on daemon addresses registry.
2025-03-31T14:43:11.567+0700 [DEBUG] [org.gradle.cache.internal.DefaultFileLockManager] Releasing lock on daemon addresses registry.
2025-03-31T14:43:11.567+0700 [DEBUG] [org.gradle.cache.internal.DefaultFileLockManager] Waiting to acquire shared lock on daemon addresses registry.
2025-03-31T14:43:11.568+0700 [DEBUG] [org.gradle.cache.internal.DefaultFileLockManager] Lock acquired on daemon addresses registry.
2025-03-31T14:43:11.568+0700 [DEBUG] [org.gradle.cache.internal.DefaultFileLockManager] Releasing lock on daemon addresses registry.
2025-03-31T14:43:21.560+0700 [DEBUG] [org.gradle.cache.internal.DefaultFileLockManager] Waiting to acquire shared lock on daemon addresses registry.
2025-03-31T14:43:21.560+0700 [DEBUG] [org.gradle.cache.internal.DefaultFileLockManager] Lock acquired on daemon addresses registry.
2025-03-31T14:43:21.560+0700 [DEBUG] [org.gradle.cache.internal.DefaultFileLockManager] Releasing lock on daemon addresses registry.
2025-03-31T14:43:21.561+0700 [DEBUG] [org.gradle.cache.internal.DefaultFileLockManager] Waiting to acquire shared lock on daemon addresses registry.
2025-03-31T14:43:21.561+0700 [DEBUG] [org.gradle.cache.internal.DefaultFileLockManager] Lock acquired on daemon addresses registry.
2025-03-31T14:43:21.561+0700 [DEBUG] [org.gradle.cache.internal.DefaultFileLockManager] Releasing lock on daemon addresses registry.
2025-03-31T14:43:21.561+0700 [DEBUG] [org.gradle.cache.internal.DefaultFileLockManager] Waiting to acquire shared lock on daemon addresses registry.
2025-03-31T14:43:21.562+0700 [DEBUG] [org.gradle.cache.internal.DefaultFileLockManager] Lock acquired on daemon addresses registry.
2025-03-31T14:43:21.562+0700 [DEBUG] [org.gradle.cache.internal.DefaultFileLockManager] Releasing lock on daemon addresses registry.
2025-03-31T14:43:31.567+0700 [DEBUG] [org.gradle.cache.internal.DefaultFileLockManager] Waiting to acquire shared lock on daemon addresses registry.
2025-03-31T14:43:31.567+0700 [DEBUG] [org.gradle.cache.internal.DefaultFileLockManager] Lock acquired on daemon addresses registry.
2025-03-31T14:43:31.568+0700 [DEBUG] [org.gradle.cache.internal.DefaultFileLockManager] Releasing lock on daemon addresses registry.
2025-03-31T14:43:31.568+0700 [DEBUG] [org.gradle.cache.internal.DefaultFileLockManager] Waiting to acquire shared lock on daemon addresses registry.
2025-03-31T14:43:31.568+0700 [DEBUG] [org.gradle.cache.internal.DefaultFileLockManager] Lock acquired on daemon addresses registry.
2025-03-31T14:43:31.569+0700 [DEBUG] [org.gradle.cache.internal.DefaultFileLockManager] Releasing lock on daemon addresses registry.
2025-03-31T14:43:31.569+0700 [DEBUG] [org.gradle.cache.internal.DefaultFileLockManager] Waiting to acquire shared lock on daemon addresses registry.
2025-03-31T14:43:31.569+0700 [DEBUG] [org.gradle.cache.internal.DefaultFileLockManager] Lock acquired on daemon addresses registry.
2025-03-31T14:43:31.569+0700 [DEBUG] [org.gradle.cache.internal.DefaultFileLockManager] Releasing lock on daemon addresses registry.
2025-03-31T14:43:37.602+0700 [DEBUG] [org.gradle.internal.watch.vfs.impl.WatchingVirtualFileSystem] Handling VFS change CREATED C:\Users\Administrator\AndroidStudioProjects\PrescriptionManagementApp\app\src\main\res\layout\activity_statistics.xml~
2025-03-31T14:43:37.604+0700 [DEBUG] [org.gradle.internal.watch.vfs.impl.WatchingVirtualFileSystem] Handling VFS change MODIFIED C:\Users\Administrator\AndroidStudioProjects\PrescriptionManagementApp\app\src\main\res\layout\activity_statistics.xml
2025-03-31T14:43:37.871+0700 [DEBUG] [org.gradle.internal.remote.internal.inet.TcpIncomingConnector] Accepted connection from /127.0.0.1:58107 to /127.0.0.1:57449.
2025-03-31T14:43:37.877+0700 [DEBUG] [org.gradle.launcher.daemon.server.SynchronizedDispatchConnection] thread 695: received class org.gradle.launcher.daemon.protocol.StopWhenIdle
2025-03-31T14:43:37.878+0700 [DEBUG] [org.gradle.launcher.daemon.server.DefaultDaemonConnection] thread 695: Received non-IO message from client: StopWhenIdle[id=810d71ad-604b-4a1e-86fd-8503a982f349]
2025-03-31T14:43:37.878+0700 [INFO] [org.gradle.launcher.daemon.server.DefaultIncomingConnectionHandler] Received command: StopWhenIdle[id=810d71ad-604b-4a1e-86fd-8503a982f349].
2025-03-31T14:43:37.878+0700 [DEBUG] [org.gradle.launcher.daemon.server.DefaultIncomingConnectionHandler] Starting executing command: StopWhenIdle[id=810d71ad-604b-4a1e-86fd-8503a982f349] with connection: socket connection from /127.0.0.1:57449 to /127.0.0.1:58107.
2025-03-31T14:43:37.878+0700 [DEBUG] [org.gradle.launcher.daemon.server.DaemonRegistryUpdater] Storing daemon stop event: stop command received
2025-03-31T14:43:37.879+0700 [DEBUG] [org.gradle.launcher.daemon.registry.PersistentDaemonRegistry] Storing daemon stop event with timestamp 1743407017878
2025-03-31T14:43:37.880+0700 [DEBUG] [org.gradle.cache.internal.DefaultFileLockManager] Waiting to acquire exclusive lock on daemon addresses registry.
2025-03-31T14:43:37.881+0700 [DEBUG] [org.gradle.cache.internal.DefaultFileLockManager] Lock acquired on daemon addresses registry.
2025-03-31T14:43:37.882+0700 [DEBUG] [org.gradle.cache.internal.DefaultFileLockManager] Releasing lock on daemon addresses registry.
2025-03-31T14:43:37.883+0700 [LIFECYCLE] [org.gradle.launcher.daemon.server.DaemonStateCoordinator] Daemon will be stopped at the end of the build stop command received
2025-03-31T14:43:37.883+0700 [DEBUG] [org.gradle.launcher.daemon.server.DaemonStateCoordinator] Marking daemon stopped due to stop command received. The daemon is not running a build
2025-03-31T14:43:37.883+0700 [DEBUG] [org.gradle.launcher.daemon.server.DaemonStateCoordinator] daemon has stopped.
2025-03-31T14:43:37.883+0700 [DEBUG] [org.gradle.launcher.daemon.server.SynchronizedDispatchConnection] thread 694: dispatching Success[value=null]
2025-03-31T14:43:37.883+0700 [DEBUG] [org.gradle.launcher.daemon.server.DefaultIncomingConnectionHandler] Finishing executing command: StopWhenIdle[id=810d71ad-604b-4a1e-86fd-8503a982f349]
2025-03-31T14:43:37.883+0700 [DEBUG] [org.gradle.launcher.daemon.server.SynchronizedDispatchConnection] thread 695: received class org.gradle.launcher.daemon.protocol.Finished
2025-03-31T14:43:37.883+0700 [DEBUG] [org.gradle.launcher.daemon.server.Daemon] stop() called on daemon
2025-03-31T14:43:37.883+0700 [DEBUG] [org.gradle.launcher.daemon.server.DefaultDaemonConnection] thread 695: Received non-IO message from client: org.gradle.launcher.daemon.protocol.Finished@370fb832
2025-03-31T14:43:37.884+0700 [INFO] [org.gradle.launcher.daemon.server.Daemon] Stop requested. Daemon is removing its presence from the registry...
2025-03-31T14:43:37.884+0700 [DEBUG] [org.gradle.launcher.daemon.server.DefaultIncomingConnectionHandler] Received finished message: org.gradle.launcher.daemon.protocol.Finished@370fb832
2025-03-31T14:43:37.884+0700 [DEBUG] [org.gradle.launcher.daemon.server.SynchronizedDispatchConnection] thread 694: stopping connection
2025-03-31T14:43:37.884+0700 [DEBUG] [org.gradle.launcher.daemon.server.DaemonRegistryUpdater] Removing our presence to clients, eg. removing this address from the registry: [89355165-53aa-4cdd-8d6e-dd9456d8bfd5 port:57449, addresses:[localhost/127.0.0.1]]
2025-03-31T14:43:37.884+0700 [DEBUG] [org.gradle.internal.remote.internal.inet.SocketConnection] Discarding EOFException: java.io.EOFException
2025-03-31T14:43:37.884+0700 [DEBUG] [org.gradle.launcher.daemon.server.SynchronizedDispatchConnection] thread 695: received null
2025-03-31T14:43:37.884+0700 [DEBUG] [org.gradle.launcher.daemon.server.DefaultDaemonConnection] thread 695: Received end-of-input from client.
2025-03-31T14:43:37.884+0700 [DEBUG] [org.gradle.launcher.daemon.registry.PersistentDaemonRegistry] Removing daemon address: [89355165-53aa-4cdd-8d6e-dd9456d8bfd5 port:57449, addresses:[localhost/127.0.0.1]]
2025-03-31T14:43:37.884+0700 [DEBUG] [org.gradle.launcher.daemon.server.SynchronizedDispatchConnection] thread 694: stopping connection
2025-03-31T14:43:37.885+0700 [DEBUG] [org.gradle.cache.internal.DefaultFileLockManager] Waiting to acquire exclusive lock on daemon addresses registry.
2025-03-31T14:43:37.886+0700 [DEBUG] [org.gradle.cache.internal.DefaultFileLockManager] Lock acquired on daemon addresses registry.
2025-03-31T14:43:37.887+0700 [DEBUG] [org.gradle.cache.internal.DefaultFileLockManager] Releasing lock on daemon addresses registry.
2025-03-31T14:43:37.887+0700 [DEBUG] [org.gradle.launcher.daemon.server.DaemonRegistryUpdater] Address removed from registry.
2025-03-31T14:43:37.895+0700 [DEBUG] [org.gradle.cache.internal.DefaultCacheCleanupExecutor] jars (C:\Users\Administrator\AndroidStudioProjects\PrescriptionManagementApp\caches\jars-9) has last been fully cleaned up 15 hours ago
2025-03-31T14:43:37.895+0700 [DEBUG] [org.gradle.cache.internal.DefaultCacheCleanupExecutor] Skipping cleanup for jars (C:\Users\Administrator\AndroidStudioProjects\PrescriptionManagementApp\caches\jars-9) as it is not yet due
2025-03-31T14:43:37.895+0700 [DEBUG] [org.gradle.cache.internal.DefaultCacheCoordinator] Cache jars (C:\Users\Administrator\AndroidStudioProjects\PrescriptionManagementApp\caches\jars-9) was closed 0 times.
2025-03-31T14:43:37.896+0700 [DEBUG] [org.gradle.cache.internal.LockOnDemandCrossProcessCacheAccess] Releasing file lock for file content cache (C:\Users\Administrator\AndroidStudioProjects\PrescriptionManagementApp\caches\8.10.2\fileContent)
2025-03-31T14:43:37.896+0700 [DEBUG] [org.gradle.cache.internal.DefaultFileLockManager] Releasing lock on file content cache (C:\Users\Administrator\AndroidStudioProjects\PrescriptionManagementApp\caches\8.10.2\fileContent).
2025-03-31T14:43:37.897+0700 [DEBUG] [org.gradle.internal.watch.vfs.impl.WatchingVirtualFileSystem] Closing VFS, dropping state
2025-03-31T14:43:37.898+0700 [DEBUG] [org.gradle.cache.internal.LockOnDemandCrossProcessCacheAccess] Releasing file lock for Generated Gradle JARs cache (C:\Users\Administrator\AndroidStudioProjects\PrescriptionManagementApp\caches\8.10.2\generated-gradle-jars)
2025-03-31T14:43:37.898+0700 [DEBUG] [org.gradle.internal.watch.registry.impl.DefaultFileWatcherRegistry] Finished listening to file system change events
2025-03-31T14:43:37.898+0700 [DEBUG] [org.gradle.cache.internal.DefaultFileLockManager] Releasing lock on Generated Gradle JARs cache (C:\Users\Administrator\AndroidStudioProjects\PrescriptionManagementApp\caches\8.10.2\generated-gradle-jars).
2025-03-31T14:43:37.899+0700 [DEBUG] [org.gradle.cache.internal.LockOnDemandCrossProcessCacheAccess] Releasing file lock for artifact cache (C:\Users\Administrator\AndroidStudioProjects\PrescriptionManagementApp\caches\modules-2)
2025-03-31T14:43:37.899+0700 [DEBUG] [org.gradle.cache.internal.btree.BTreePersistentIndexedCache] Closing cache module-artifact.bin (C:\Users\Administrator\AndroidStudioProjects\PrescriptionManagementApp\caches\modules-2\metadata-2.106\module-artifact.bin)
2025-03-31T14:43:37.899+0700 [DEBUG] [org.gradle.cache.internal.btree.BTreePersistentIndexedCache] Closing cache module-metadata.bin (C:\Users\Administrator\AndroidStudioProjects\PrescriptionManagementApp\caches\modules-2\metadata-2.106\module-metadata.bin)
2025-03-31T14:43:37.900+0700 [DEBUG] [org.gradle.cache.internal.DefaultFileLockManager] Releasing lock on artifact cache (C:\Users\Administrator\AndroidStudioProjects\PrescriptionManagementApp\caches\modules-2).
2025-03-31T14:43:37.901+0700 [DEBUG] [org.gradle.cache.internal.DefaultCacheCleanupExecutor] artifact cache (C:\Users\Administrator\AndroidStudioProjects\PrescriptionManagementApp\caches\modules-2) has last been fully cleaned up 15 hours ago
2025-03-31T14:43:37.901+0700 [DEBUG] [org.gradle.cache.internal.DefaultCacheCleanupExecutor] Skipping cleanup for artifact cache (C:\Users\Administrator\AndroidStudioProjects\PrescriptionManagementApp\caches\modules-2) as it is not yet due
2025-03-31T14:43:37.901+0700 [DEBUG] [org.gradle.cache.internal.DefaultCacheCleanupExecutor] groovy-dsl (C:\Users\Administrator\AndroidStudioProjects\PrescriptionManagementApp\caches\8.10.2\groovy-dsl) has last been fully cleaned up 15 hours ago
2025-03-31T14:43:37.901+0700 [DEBUG] [org.gradle.cache.internal.DefaultCacheCleanupExecutor] Skipping cleanup for groovy-dsl (C:\Users\Administrator\AndroidStudioProjects\PrescriptionManagementApp\caches\8.10.2\groovy-dsl) as it is not yet due
2025-03-31T14:43:37.901+0700 [DEBUG] [org.gradle.cache.internal.DefaultCacheCoordinator] Cache groovy-dsl (C:\Users\Administrator\AndroidStudioProjects\PrescriptionManagementApp\caches\8.10.2\groovy-dsl) was closed 0 times.
2025-03-31T14:43:37.902+0700 [DEBUG] [org.gradle.cache.internal.DefaultCacheCleanupExecutor] Artifact transforms cache (C:\Users\Administrator\AndroidStudioProjects\PrescriptionManagementApp\caches\8.10.2\transforms) has last been fully cleaned up 15 hours ago
2025-03-31T14:43:37.902+0700 [DEBUG] [org.gradle.cache.internal.DefaultCacheCleanupExecutor] Skipping cleanup for Artifact transforms cache (C:\Users\Administrator\AndroidStudioProjects\PrescriptionManagementApp\caches\8.10.2\transforms) as it is not yet due
2025-03-31T14:43:37.902+0700 [DEBUG] [org.gradle.cache.internal.DefaultCacheCoordinator] Cache Artifact transforms cache (C:\Users\Administrator\AndroidStudioProjects\PrescriptionManagementApp\caches\8.10.2\transforms) was closed 0 times.
2025-03-31T14:43:37.902+0700 [DEBUG] [org.gradle.cache.internal.DefaultCacheCleanupExecutor] kotlin-dsl (C:\Users\Administrator\AndroidStudioProjects\PrescriptionManagementApp\caches\8.10.2\kotlin-dsl) has last been fully cleaned up 15 hours ago
2025-03-31T14:43:37.902+0700 [DEBUG] [org.gradle.cache.internal.DefaultCacheCleanupExecutor] Skipping cleanup for kotlin-dsl (C:\Users\Administrator\AndroidStudioProjects\PrescriptionManagementApp\caches\8.10.2\kotlin-dsl) as it is not yet due
2025-03-31T14:43:37.902+0700 [DEBUG] [org.gradle.cache.internal.DefaultCacheCoordinator] Cache kotlin-dsl (C:\Users\Administrator\AndroidStudioProjects\PrescriptionManagementApp\caches\8.10.2\kotlin-dsl) was closed 0 times.
2025-03-31T14:43:37.902+0700 [DEBUG] [org.gradle.cache.internal.LockOnDemandCrossProcessCacheAccess] Releasing file lock for journal cache (C:\Users\Administrator\AndroidStudioProjects\PrescriptionManagementApp\caches\journal-1)
2025-03-31T14:43:37.902+0700 [DEBUG] [org.gradle.cache.internal.btree.BTreePersistentIndexedCache] Closing cache file-access.bin (C:\Users\Administrator\AndroidStudioProjects\PrescriptionManagementApp\caches\journal-1\file-access.bin)
2025-03-31T14:43:37.903+0700 [DEBUG] [org.gradle.cache.internal.DefaultFileLockManager] Releasing lock on journal cache (C:\Users\Administrator\AndroidStudioProjects\PrescriptionManagementApp\caches\journal-1).
2025-03-31T14:43:37.903+0700 [DEBUG] [org.gradle.cache.internal.LockOnDemandCrossProcessCacheAccess] Releasing file lock for file hash cache (C:\Users\Administrator\AndroidStudioProjects\PrescriptionManagementApp\caches\8.10.2\fileHashes)
2025-03-31T14:43:37.904+0700 [DEBUG] [org.gradle.cache.internal.btree.BTreePersistentIndexedCache] Closing cache fileHashes.bin (C:\Users\Administrator\AndroidStudioProjects\PrescriptionManagementApp\caches\8.10.2\fileHashes\fileHashes.bin)
2025-03-31T14:43:37.904+0700 [DEBUG] [org.gradle.cache.internal.btree.BTreePersistentIndexedCache] Closing cache resourceHashesCache.bin (C:\Users\Administrator\AndroidStudioProjects\PrescriptionManagementApp\caches\8.10.2\fileHashes\resourceHashesCache.bin)
2025-03-31T14:43:37.904+0700 [DEBUG] [org.gradle.cache.internal.DefaultFileLockManager] Releasing lock on file hash cache (C:\Users\Administrator\AndroidStudioProjects\PrescriptionManagementApp\caches\8.10.2\fileHashes).
2025-03-31T14:43:37.905+0700 [DEBUG] [org.gradle.cache.internal.LockOnDemandCrossProcessCacheAccess] Releasing file lock for Java compile cache (C:\Users\Administrator\AndroidStudioProjects\PrescriptionManagementApp\caches\8.10.2\javaCompile)
2025-03-31T14:43:37.905+0700 [DEBUG] [org.gradle.cache.internal.btree.BTreePersistentIndexedCache] Closing cache jarAnalysis.bin (C:\Users\Administrator\AndroidStudioProjects\PrescriptionManagementApp\caches\8.10.2\javaCompile\jarAnalysis.bin)
2025-03-31T14:43:37.905+0700 [DEBUG] [org.gradle.cache.internal.btree.BTreePersistentIndexedCache] Closing cache classAnalysis.bin (C:\Users\Administrator\AndroidStudioProjects\PrescriptionManagementApp\caches\8.10.2\javaCompile\classAnalysis.bin)
2025-03-31T14:43:37.905+0700 [DEBUG] [org.gradle.cache.internal.DefaultFileLockManager] Releasing lock on Java compile cache (C:\Users\Administrator\AndroidStudioProjects\PrescriptionManagementApp\caches\8.10.2\javaCompile).
2025-03-31T14:43:37.907+0700 [DEBUG] [org.gradle.internal.operations.DefaultBuildOperationRunner] Build operation 'Deleting unused version-specific caches in C:\Users\Administrator\AndroidStudioProjects\PrescriptionManagementApp\caches' started
2025-03-31T14:43:37.907+0700 [DEBUG] [org.gradle.internal.operations.DefaultBuildOperationRunner] Completing Build operation 'Deleting unused version-specific caches in C:\Users\Administrator\AndroidStudioProjects\PrescriptionManagementApp\caches'
2025-03-31T14:43:37.907+0700 [DEBUG] [org.gradle.internal.operations.DefaultBuildOperationRunner] Build operation 'Deleting unused version-specific caches in C:\Users\Administrator\AndroidStudioProjects\PrescriptionManagementApp\caches' completed
2025-03-31T14:43:37.907+0700 [DEBUG] [org.gradle.launcher.daemon.server.Daemon] stop() called on daemon
2025-03-31T14:43:37.907+0700 [INFO] [org.gradle.launcher.daemon.server.Daemon] Stop requested. Daemon is removing its presence from the registry...
2025-03-31T14:43:37.908+0700 [DEBUG] [org.gradle.launcher.daemon.server.DaemonRegistryUpdater] Removing our presence to clients, eg. removing this address from the registry: [89355165-53aa-4cdd-8d6e-dd9456d8bfd5 port:57449, addresses:[localhost/127.0.0.1]]
2025-03-31T14:43:37.908+0700 [DEBUG] [org.gradle.launcher.daemon.registry.PersistentDaemonRegistry] Removing daemon address: [89355165-53aa-4cdd-8d6e-dd9456d8bfd5 port:57449, addresses:[localhost/127.0.0.1]]
2025-03-31T14:43:37.908+0700 [DEBUG] [org.gradle.cache.internal.DefaultFileLockManager] Waiting to acquire exclusive lock on daemon addresses registry.
2025-03-31T14:43:37.909+0700 [DEBUG] [org.gradle.cache.internal.DefaultFileLockManager] Lock acquired on daemon addresses registry.
2025-03-31T14:43:37.910+0700 [DEBUG] [org.gradle.cache.internal.DefaultFileLockManager] Releasing lock on daemon addresses registry.
2025-03-31T14:43:37.910+0700 [DEBUG] [org.gradle.launcher.daemon.server.DaemonRegistryUpdater] Address removed from registry.
2025-03-31T14:43:37.913+0700 [DEBUG] [org.gradle.cache.internal.locklistener.DefaultFileLockContentionHandler] File lock listener thread completed.
2025-03-31T14:43:37.915+0700 [DEBUG] [java.lang.Runtime] Runtime.exit() called with status: 0
java.lang.Throwable: Runtime.exit(0)
	at java.base/java.lang.Shutdown.logRuntimeExit(Unknown Source)
	at java.base/java.lang.Shutdown.exit(Unknown Source)
	at java.base/java.lang.Runtime.exit(Unknown Source)
	at java.base/java.lang.System.exit(Unknown Source)
	at org.gradle.launcher.bootstrap.ProcessCompleter.complete(ProcessCompleter.java:21)
	at org.gradle.launcher.bootstrap.EntryPoint.run(EntryPoint.java:61)
	at java.base/jdk.internal.reflect.DirectMethodHandleAccessor.invoke(Unknown Source)
	at java.base/java.lang.reflect.Method.invoke(Unknown Source)
	at org.gradle.launcher.bootstrap.ProcessBootstrap.runNoExit(ProcessBootstrap.java:72)
	at org.gradle.launcher.bootstrap.ProcessBootstrap.run(ProcessBootstrap.java:39)
	at org.gradle.launcher.daemon.bootstrap.GradleDaemon.main(GradleDaemon.java:22)
Daemon vm is shutting down... The daemon has exited normally or was terminated in response to a user interrupt.
2025-03-31T14:43:37.915+0700 [DEBUG] [org.gradle.launcher.daemon.registry.PersistentDaemonRegistry] Removing daemon address: [89355165-53aa-4cdd-8d6e-dd9456d8bfd5 port:57449, addresses:[localhost/127.0.0.1]]
2025-03-31T14:43:37.916+0700 [DEBUG] [org.gradle.launcher.daemon.server.Daemon] VM shutdown hook was unable to remove the daemon address from the registry. It will be cleaned up later.
java.lang.IllegalStateException: Cannot start managing file contention because this handler has been closed.
	at org.gradle.cache.internal.locklistener.DefaultFileLockContentionHandler.assertNotStopped(DefaultFileLockContentionHandler.java:217)
	at org.gradle.cache.internal.locklistener.DefaultFileLockContentionHandler.getCommunicator(DefaultFileLockContentionHandler.java:260)
	at org.gradle.cache.internal.locklistener.DefaultFileLockContentionHandler.reservePort(DefaultFileLockContentionHandler.java:254)
	at org.gradle.cache.internal.DefaultFileLockManager.lock(DefaultFileLockManager.java:124)
	at org.gradle.cache.internal.DefaultFileLockManager.lock(DefaultFileLockManager.java:106)
	at org.gradle.cache.internal.DefaultFileLockManager.lock(DefaultFileLockManager.java:101)
	at org.gradle.cache.internal.OnDemandFileAccess.updateFile(OnDemandFileAccess.java:51)
	at org.gradle.cache.internal.FileBackedObjectHolder.update(FileBackedObjectHolder.java:77)
	at org.gradle.cache.internal.FileIntegrityViolationSuppressingObjectHolderDecorator.lambda$update$0(FileIntegrityViolationSuppressingObjectHolderDecorator.java:48)
	at org.gradle.cache.internal.FileIntegrityViolationSuppressingObjectHolderDecorator.doUpdate(FileIntegrityViolationSuppressingObjectHolderDecorator.java:58)
	at org.gradle.cache.internal.FileIntegrityViolationSuppressingObjectHolderDecorator.update(FileIntegrityViolationSuppressingObjectHolderDecorator.java:48)
	at org.gradle.launcher.daemon.registry.PersistentDaemonRegistry.remove(PersistentDaemonRegistry.java:133)
	at org.gradle.launcher.daemon.server.Daemon$1.run(Daemon.java:133)
	at java.base/java.lang.Thread.run(Unknown Source)
