2025-03-31T15:00:55.934+0700 [DEBUG] [org.gradle.launcher.daemon.bootstrap.DaemonMain] Assuming the daemon was started with following jvm opts: [--add-opens=java.base/java.util=ALL-UNNAMED, --add-opens=java.base/java.lang=ALL-UNNAMED, --add-opens=java.base/java.lang.invoke=ALL-UNNAMED, --add-opens=java.prefs/java.util.prefs=ALL-UNNAMED, --add-exports=jdk.compiler/com.sun.tools.javac.api=ALL-UNNAMED, --add-exports=jdk.compiler/com.sun.tools.javac.util=ALL-UNNAMED, --add-opens=java.base/java.nio.charset=ALL-UNNAMED, --add-opens=java.base/java.net=ALL-UNNAMED, --add-opens=java.base/java.util.concurrent.atomic=ALL-UNNAMED, -Xmx2048m, -Dfile.encoding=UTF-8, -Duser.country=US, -Duser.language=en, -Duser.variant]
2025-03-31T15:00:56.088+0700 [DEBUG] [org.gradle.internal.nativeintegration.services.NativeServices] Native-platform posix files integration is not available. Continuing with fallback.
2025-03-31T15:00:56.112+0700 [INFO] [org.gradle.launcher.daemon.server.Daemon] start() called on daemon - DefaultDaemonContext[uid=89614fa2-7840-4de0-b7e2-71cce844aa28,javaHome=C:\Program Files\Android\Android Studio\jbr,javaVersion=21,javaVendor=JetBrains s.r.o.,daemonRegistryDir=C:\Users\Administrator\AndroidStudioProjects\PrescriptionManagementApp\daemon,pid=17800,idleTimeout=10800000,priority=NORMAL,applyInstrumentationAgent=true,nativeServicesMode=ENABLED,daemonOpts=--add-opens=java.base/java.util=ALL-UNNAMED,--add-opens=java.base/java.lang=ALL-UNNAMED,--add-opens=java.base/java.lang.invoke=ALL-UNNAMED,--add-opens=java.prefs/java.util.prefs=ALL-UNNAMED,--add-exports=jdk.compiler/com.sun.tools.javac.api=ALL-UNNAMED,--add-exports=jdk.compiler/com.sun.tools.javac.util=ALL-UNNAMED,--add-opens=java.base/java.nio.charset=ALL-UNNAMED,--add-opens=java.base/java.net=ALL-UNNAMED,--add-opens=java.base/java.util.concurrent.atomic=ALL-UNNAMED,-Xmx2048m,-Dfile.encoding=UTF-8,-Duser.country=US,-Duser.language=en,-Duser.variant]
2025-03-31T15:00:56.247+0700 [DEBUG] [org.gradle.internal.remote.internal.inet.InetAddresses] Adding IP addresses for network interface Realtek PCIe GbE Family Controller-WFP Native MAC Layer LightWeight Filter-0000
2025-03-31T15:00:56.248+0700 [DEBUG] [org.gradle.internal.remote.internal.inet.InetAddresses] Is this a loopback interface? false
2025-03-31T15:00:56.248+0700 [DEBUG] [org.gradle.internal.remote.internal.inet.InetAddresses] Adding IP addresses for network interface Realtek PCIe GbE Family Controller-QoS Packet Scheduler-0000
2025-03-31T15:00:56.248+0700 [DEBUG] [org.gradle.internal.remote.internal.inet.InetAddresses] Is this a loopback interface? false
2025-03-31T15:00:56.248+0700 [DEBUG] [org.gradle.internal.remote.internal.inet.InetAddresses] Adding IP addresses for network interface Realtek PCIe GbE Family Controller-WFP 802.3 MAC Layer LightWeight Filter-0000
2025-03-31T15:00:56.248+0700 [DEBUG] [org.gradle.internal.remote.internal.inet.InetAddresses] Is this a loopback interface? false
2025-03-31T15:00:56.249+0700 [DEBUG] [org.gradle.internal.remote.internal.inet.InetAddresses] Adding IP addresses for network interface WAN Miniport (IP)-WFP Native MAC Layer LightWeight Filter-0000
2025-03-31T15:00:56.249+0700 [DEBUG] [org.gradle.internal.remote.internal.inet.InetAddresses] Is this a loopback interface? false
2025-03-31T15:00:56.249+0700 [DEBUG] [org.gradle.internal.remote.internal.inet.InetAddresses] Adding IP addresses for network interface WAN Miniport (IP)-QoS Packet Scheduler-0000
2025-03-31T15:00:56.249+0700 [DEBUG] [org.gradle.internal.remote.internal.inet.InetAddresses] Is this a loopback interface? false
2025-03-31T15:00:56.249+0700 [DEBUG] [org.gradle.internal.remote.internal.inet.InetAddresses] Adding IP addresses for network interface WAN Miniport (IPv6)-WFP Native MAC Layer LightWeight Filter-0000
2025-03-31T15:00:56.250+0700 [DEBUG] [org.gradle.internal.remote.internal.inet.InetAddresses] Is this a loopback interface? false
2025-03-31T15:00:56.250+0700 [DEBUG] [org.gradle.internal.remote.internal.inet.InetAddresses] Adding IP addresses for network interface WAN Miniport (IPv6)-QoS Packet Scheduler-0000
2025-03-31T15:00:56.250+0700 [DEBUG] [org.gradle.internal.remote.internal.inet.InetAddresses] Is this a loopback interface? false
2025-03-31T15:00:56.250+0700 [DEBUG] [org.gradle.internal.remote.internal.inet.InetAddresses] Adding IP addresses for network interface WAN Miniport (Network Monitor)-WFP Native MAC Layer LightWeight Filter-0000
2025-03-31T15:00:56.250+0700 [DEBUG] [org.gradle.internal.remote.internal.inet.InetAddresses] Is this a loopback interface? false
2025-03-31T15:00:56.251+0700 [DEBUG] [org.gradle.internal.remote.internal.inet.InetAddresses] Adding IP addresses for network interface WAN Miniport (Network Monitor)-QoS Packet Scheduler-0000
2025-03-31T15:00:56.251+0700 [DEBUG] [org.gradle.internal.remote.internal.inet.InetAddresses] Is this a loopback interface? false
2025-03-31T15:00:56.251+0700 [DEBUG] [org.gradle.internal.remote.internal.inet.InetAddresses] Adding IP addresses for network interface Hyper-V Virtual Switch Extension Adapter-Hyper-V Virtual Switch Extension Filter-0000
2025-03-31T15:00:56.251+0700 [DEBUG] [org.gradle.internal.remote.internal.inet.InetAddresses] Is this a loopback interface? false
2025-03-31T15:00:56.251+0700 [DEBUG] [org.gradle.internal.remote.internal.inet.InetAddresses] Adding IP addresses for network interface Hyper-V Virtual Switch Extension Adapter-Virtual Filtering Platform VMSwitch Extension-0000
2025-03-31T15:00:56.252+0700 [DEBUG] [org.gradle.internal.remote.internal.inet.InetAddresses] Is this a loopback interface? false
2025-03-31T15:00:56.252+0700 [DEBUG] [org.gradle.internal.remote.internal.inet.InetAddresses] Adding IP addresses for network interface Hyper-V Virtual Ethernet Adapter-WFP Native MAC Layer LightWeight Filter-0000
2025-03-31T15:00:56.252+0700 [DEBUG] [org.gradle.internal.remote.internal.inet.InetAddresses] Is this a loopback interface? false
2025-03-31T15:00:56.253+0700 [DEBUG] [org.gradle.internal.remote.internal.inet.InetAddresses] Adding IP addresses for network interface Hyper-V Virtual Ethernet Adapter-QoS Packet Scheduler-0000
2025-03-31T15:00:56.253+0700 [DEBUG] [org.gradle.internal.remote.internal.inet.InetAddresses] Is this a loopback interface? false
2025-03-31T15:00:56.253+0700 [DEBUG] [org.gradle.internal.remote.internal.inet.InetAddresses] Adding IP addresses for network interface Hyper-V Virtual Ethernet Adapter-WFP 802.3 MAC Layer LightWeight Filter-0000
2025-03-31T15:00:56.253+0700 [DEBUG] [org.gradle.internal.remote.internal.inet.InetAddresses] Is this a loopback interface? false
2025-03-31T15:00:56.254+0700 [DEBUG] [org.gradle.internal.remote.internal.inet.InetAddresses] Adding IP addresses for network interface Microsoft Kernel Debug Network Adapter
2025-03-31T15:00:56.254+0700 [DEBUG] [org.gradle.internal.remote.internal.inet.InetAddresses] Is this a loopback interface? false
2025-03-31T15:00:56.254+0700 [DEBUG] [org.gradle.internal.remote.internal.inet.InetAddresses] Adding IP addresses for network interface Intel(R) 82574L Gigabit Network Connection
2025-03-31T15:00:56.254+0700 [DEBUG] [org.gradle.internal.remote.internal.inet.InetAddresses] Is this a loopback interface? false
2025-03-31T15:00:56.254+0700 [DEBUG] [org.gradle.internal.remote.internal.inet.InetAddresses] Adding IP addresses for network interface WAN Miniport (IP)
2025-03-31T15:00:56.254+0700 [DEBUG] [org.gradle.internal.remote.internal.inet.InetAddresses] Is this a loopback interface? false
2025-03-31T15:00:56.255+0700 [DEBUG] [org.gradle.internal.remote.internal.inet.InetAddresses] Adding IP addresses for network interface WAN Miniport (IPv6)
2025-03-31T15:00:56.255+0700 [DEBUG] [org.gradle.internal.remote.internal.inet.InetAddresses] Is this a loopback interface? false
2025-03-31T15:00:56.255+0700 [DEBUG] [org.gradle.internal.remote.internal.inet.InetAddresses] Adding IP addresses for network interface WAN Miniport (Network Monitor)
2025-03-31T15:00:56.255+0700 [DEBUG] [org.gradle.internal.remote.internal.inet.InetAddresses] Is this a loopback interface? false
2025-03-31T15:00:56.255+0700 [DEBUG] [org.gradle.internal.remote.internal.inet.InetAddresses] Adding IP addresses for network interface Realtek PCIe GbE Family Controller
2025-03-31T15:00:56.256+0700 [DEBUG] [org.gradle.internal.remote.internal.inet.InetAddresses] Is this a loopback interface? false
2025-03-31T15:00:56.256+0700 [DEBUG] [org.gradle.internal.remote.internal.inet.InetAddresses] Adding remote address /fe80:0:0:0:31a7:5673:b523:bd11%ethernet_32773
2025-03-31T15:00:56.256+0700 [DEBUG] [org.gradle.internal.remote.internal.inet.InetAddresses] Adding remote address /2405:4802:4b0:8560:ffff:ffff:ffff:ffb1
2025-03-31T15:00:56.256+0700 [DEBUG] [org.gradle.internal.remote.internal.inet.InetAddresses] Adding remote address /2405:4802:4b0:8560:1dd4:c257:9444:39f0
2025-03-31T15:00:56.256+0700 [DEBUG] [org.gradle.internal.remote.internal.inet.InetAddresses] Adding remote address /2405:4802:4b0:8560:971:af19:412e:97d7
2025-03-31T15:00:56.257+0700 [DEBUG] [org.gradle.internal.remote.internal.inet.InetAddresses] Adding remote address /192.168.1.71
2025-03-31T15:00:56.257+0700 [DEBUG] [org.gradle.internal.remote.internal.inet.InetAddresses] Adding IP addresses for network interface Bluetooth Device (Personal Area Network)
2025-03-31T15:00:56.257+0700 [DEBUG] [org.gradle.internal.remote.internal.inet.InetAddresses] Is this a loopback interface? false
2025-03-31T15:00:56.257+0700 [DEBUG] [org.gradle.internal.remote.internal.inet.InetAddresses] Adding remote address /fe80:0:0:0:5b3b:13b2:27ae:559%ethernet_32774
2025-03-31T15:00:56.257+0700 [DEBUG] [org.gradle.internal.remote.internal.inet.InetAddresses] Adding IP addresses for network interface Hyper-V Virtual Switch Extension Adapter
2025-03-31T15:00:56.258+0700 [DEBUG] [org.gradle.internal.remote.internal.inet.InetAddresses] Is this a loopback interface? false
2025-03-31T15:00:56.258+0700 [DEBUG] [org.gradle.internal.remote.internal.inet.InetAddresses] Adding IP addresses for network interface Hyper-V Virtual Ethernet Adapter
2025-03-31T15:00:56.258+0700 [DEBUG] [org.gradle.internal.remote.internal.inet.InetAddresses] Is this a loopback interface? false
2025-03-31T15:00:56.258+0700 [DEBUG] [org.gradle.internal.remote.internal.inet.InetAddresses] Adding remote address /fe80:0:0:0:acde:e10f:1356:2292%ethernet_32776
2025-03-31T15:00:56.258+0700 [DEBUG] [org.gradle.internal.remote.internal.inet.InetAddresses] Adding remote address /172.20.112.1
2025-03-31T15:00:56.258+0700 [DEBUG] [org.gradle.internal.remote.internal.inet.InetAddresses] Adding IP addresses for network interface WAN Miniport (PPPOE)
2025-03-31T15:00:56.259+0700 [DEBUG] [org.gradle.internal.remote.internal.inet.InetAddresses] Is this a loopback interface? false
2025-03-31T15:00:56.259+0700 [DEBUG] [org.gradle.internal.remote.internal.inet.InetAddresses] Adding IP addresses for network interface RAS Async Adapter
2025-03-31T15:00:56.259+0700 [DEBUG] [org.gradle.internal.remote.internal.inet.InetAddresses] Is this a loopback interface? false
2025-03-31T15:00:56.259+0700 [DEBUG] [org.gradle.internal.remote.internal.inet.InetAddresses] Adding IP addresses for network interface Software Loopback Interface 1
2025-03-31T15:00:56.259+0700 [DEBUG] [org.gradle.internal.remote.internal.inet.InetAddresses] Is this a loopback interface? true
2025-03-31T15:00:56.260+0700 [DEBUG] [org.gradle.internal.remote.internal.inet.InetAddresses] Adding loopback address /0:0:0:0:0:0:0:1
2025-03-31T15:00:56.260+0700 [DEBUG] [org.gradle.internal.remote.internal.inet.InetAddresses] Adding loopback address /127.0.0.1
2025-03-31T15:00:56.260+0700 [DEBUG] [org.gradle.internal.remote.internal.inet.InetAddresses] Adding IP addresses for network interface Intel(R) Wi-Fi 6 AX200 160MHz-WFP Native MAC Layer LightWeight Filter-0000
2025-03-31T15:00:56.260+0700 [DEBUG] [org.gradle.internal.remote.internal.inet.InetAddresses] Is this a loopback interface? false
2025-03-31T15:00:56.260+0700 [DEBUG] [org.gradle.internal.remote.internal.inet.InetAddresses] Adding IP addresses for network interface Intel(R) Wi-Fi 6 AX200 160MHz-Virtual WiFi Filter Driver-0000
2025-03-31T15:00:56.261+0700 [DEBUG] [org.gradle.internal.remote.internal.inet.InetAddresses] Is this a loopback interface? false
2025-03-31T15:00:56.261+0700 [DEBUG] [org.gradle.internal.remote.internal.inet.InetAddresses] Adding IP addresses for network interface Intel(R) Wi-Fi 6 AX200 160MHz-Native WiFi Filter Driver-0000
2025-03-31T15:00:56.261+0700 [DEBUG] [org.gradle.internal.remote.internal.inet.InetAddresses] Is this a loopback interface? false
2025-03-31T15:00:56.261+0700 [DEBUG] [org.gradle.internal.remote.internal.inet.InetAddresses] Adding IP addresses for network interface Intel(R) Wi-Fi 6 AX200 160MHz-QoS Packet Scheduler-0000
2025-03-31T15:00:56.262+0700 [DEBUG] [org.gradle.internal.remote.internal.inet.InetAddresses] Is this a loopback interface? false
2025-03-31T15:00:56.262+0700 [DEBUG] [org.gradle.internal.remote.internal.inet.InetAddresses] Adding IP addresses for network interface Intel(R) Wi-Fi 6 AX200 160MHz-WFP 802.3 MAC Layer LightWeight Filter-0000
2025-03-31T15:00:56.262+0700 [DEBUG] [org.gradle.internal.remote.internal.inet.InetAddresses] Is this a loopback interface? false
2025-03-31T15:00:56.262+0700 [DEBUG] [org.gradle.internal.remote.internal.inet.InetAddresses] Adding IP addresses for network interface Microsoft Wi-Fi Direct Virtual Adapter-WFP Native MAC Layer LightWeight Filter-0000
2025-03-31T15:00:56.262+0700 [DEBUG] [org.gradle.internal.remote.internal.inet.InetAddresses] Is this a loopback interface? false
2025-03-31T15:00:56.263+0700 [DEBUG] [org.gradle.internal.remote.internal.inet.InetAddresses] Adding IP addresses for network interface Microsoft Wi-Fi Direct Virtual Adapter-Native WiFi Filter Driver-0000
2025-03-31T15:00:56.263+0700 [DEBUG] [org.gradle.internal.remote.internal.inet.InetAddresses] Is this a loopback interface? false
2025-03-31T15:00:56.263+0700 [DEBUG] [org.gradle.internal.remote.internal.inet.InetAddresses] Adding IP addresses for network interface Microsoft Wi-Fi Direct Virtual Adapter-QoS Packet Scheduler-0000
2025-03-31T15:00:56.263+0700 [DEBUG] [org.gradle.internal.remote.internal.inet.InetAddresses] Is this a loopback interface? false
2025-03-31T15:00:56.263+0700 [DEBUG] [org.gradle.internal.remote.internal.inet.InetAddresses] Adding IP addresses for network interface Microsoft Wi-Fi Direct Virtual Adapter-WFP 802.3 MAC Layer LightWeight Filter-0000
2025-03-31T15:00:56.263+0700 [DEBUG] [org.gradle.internal.remote.internal.inet.InetAddresses] Is this a loopback interface? false
2025-03-31T15:00:56.264+0700 [DEBUG] [org.gradle.internal.remote.internal.inet.InetAddresses] Adding IP addresses for network interface Microsoft Wi-Fi Direct Virtual Adapter #2-WFP Native MAC Layer LightWeight Filter-0000
2025-03-31T15:00:56.264+0700 [DEBUG] [org.gradle.internal.remote.internal.inet.InetAddresses] Is this a loopback interface? false
2025-03-31T15:00:56.264+0700 [DEBUG] [org.gradle.internal.remote.internal.inet.InetAddresses] Adding IP addresses for network interface Microsoft Wi-Fi Direct Virtual Adapter #2-Native WiFi Filter Driver-0000
2025-03-31T15:00:56.264+0700 [DEBUG] [org.gradle.internal.remote.internal.inet.InetAddresses] Is this a loopback interface? false
2025-03-31T15:00:56.264+0700 [DEBUG] [org.gradle.internal.remote.internal.inet.InetAddresses] Adding IP addresses for network interface Microsoft Wi-Fi Direct Virtual Adapter #2-QoS Packet Scheduler-0000
2025-03-31T15:00:56.265+0700 [DEBUG] [org.gradle.internal.remote.internal.inet.InetAddresses] Is this a loopback interface? false
2025-03-31T15:00:56.265+0700 [DEBUG] [org.gradle.internal.remote.internal.inet.InetAddresses] Adding IP addresses for network interface Microsoft Wi-Fi Direct Virtual Adapter #2-WFP 802.3 MAC Layer LightWeight Filter-0000
2025-03-31T15:00:56.265+0700 [DEBUG] [org.gradle.internal.remote.internal.inet.InetAddresses] Is this a loopback interface? false
2025-03-31T15:00:56.265+0700 [DEBUG] [org.gradle.internal.remote.internal.inet.InetAddresses] Adding IP addresses for network interface Intel(R) Wi-Fi 6 AX200 160MHz
2025-03-31T15:00:56.265+0700 [DEBUG] [org.gradle.internal.remote.internal.inet.InetAddresses] Is this a loopback interface? false
2025-03-31T15:00:56.266+0700 [DEBUG] [org.gradle.internal.remote.internal.inet.InetAddresses] Adding remote address /fe80:0:0:0:d556:332:3c3f:ddc5%wireless_32768
2025-03-31T15:00:56.266+0700 [DEBUG] [org.gradle.internal.remote.internal.inet.InetAddresses] Adding remote address /2405:4802:4b0:8560:60a6:bbfc:4b09:2ba6
2025-03-31T15:00:56.266+0700 [DEBUG] [org.gradle.internal.remote.internal.inet.InetAddresses] Adding remote address /2405:4802:4b0:8560:5b83:2248:ce10:9299
2025-03-31T15:00:56.266+0700 [DEBUG] [org.gradle.internal.remote.internal.inet.InetAddresses] Adding remote address /192.168.1.95
2025-03-31T15:00:56.266+0700 [DEBUG] [org.gradle.internal.remote.internal.inet.InetAddresses] Adding IP addresses for network interface Microsoft Wi-Fi Direct Virtual Adapter
2025-03-31T15:00:56.266+0700 [DEBUG] [org.gradle.internal.remote.internal.inet.InetAddresses] Is this a loopback interface? false
2025-03-31T15:00:56.266+0700 [DEBUG] [org.gradle.internal.remote.internal.inet.InetAddresses] Adding remote address /fe80:0:0:0:f88b:95ca:2924:519d%wireless_32769
2025-03-31T15:00:56.267+0700 [DEBUG] [org.gradle.internal.remote.internal.inet.InetAddresses] Adding IP addresses for network interface Microsoft Wi-Fi Direct Virtual Adapter #2
2025-03-31T15:00:56.267+0700 [DEBUG] [org.gradle.internal.remote.internal.inet.InetAddresses] Is this a loopback interface? false
2025-03-31T15:00:56.267+0700 [DEBUG] [org.gradle.internal.remote.internal.inet.InetAddresses] Adding remote address /fe80:0:0:0:c381:97d7:a45c:6d6f%wireless_32770
2025-03-31T15:00:56.267+0700 [DEBUG] [org.gradle.internal.remote.internal.inet.InetAddresses] Adding IP addresses for network interface Microsoft Teredo Tunneling Adapter
2025-03-31T15:00:56.267+0700 [DEBUG] [org.gradle.internal.remote.internal.inet.InetAddresses] Is this a loopback interface? false
2025-03-31T15:00:56.267+0700 [DEBUG] [org.gradle.internal.remote.internal.inet.InetAddresses] Adding IP addresses for network interface Microsoft IP-HTTPS Platform Adapter
2025-03-31T15:00:56.268+0700 [DEBUG] [org.gradle.internal.remote.internal.inet.InetAddresses] Is this a loopback interface? false
2025-03-31T15:00:56.268+0700 [DEBUG] [org.gradle.internal.remote.internal.inet.InetAddresses] Adding IP addresses for network interface Microsoft 6to4 Adapter
2025-03-31T15:00:56.268+0700 [DEBUG] [org.gradle.internal.remote.internal.inet.InetAddresses] Is this a loopback interface? false
2025-03-31T15:00:56.268+0700 [DEBUG] [org.gradle.internal.remote.internal.inet.InetAddresses] Adding IP addresses for network interface WAN Miniport (SSTP)
2025-03-31T15:00:56.268+0700 [DEBUG] [org.gradle.internal.remote.internal.inet.InetAddresses] Is this a loopback interface? false
2025-03-31T15:00:56.268+0700 [DEBUG] [org.gradle.internal.remote.internal.inet.InetAddresses] Adding IP addresses for network interface WAN Miniport (IKEv2)
2025-03-31T15:00:56.268+0700 [DEBUG] [org.gradle.internal.remote.internal.inet.InetAddresses] Is this a loopback interface? false
2025-03-31T15:00:56.269+0700 [DEBUG] [org.gradle.internal.remote.internal.inet.InetAddresses] Adding IP addresses for network interface WAN Miniport (L2TP)
2025-03-31T15:00:56.269+0700 [DEBUG] [org.gradle.internal.remote.internal.inet.InetAddresses] Is this a loopback interface? false
2025-03-31T15:00:56.269+0700 [DEBUG] [org.gradle.internal.remote.internal.inet.InetAddresses] Adding IP addresses for network interface WAN Miniport (PPTP)
2025-03-31T15:00:56.269+0700 [DEBUG] [org.gradle.internal.remote.internal.inet.InetAddresses] Is this a loopback interface? false
2025-03-31T15:00:56.271+0700 [DEBUG] [org.gradle.internal.remote.internal.inet.TcpIncomingConnector] Listening on [585f90fc-9774-45e1-96e1-e03717c9af97 port:58883, addresses:[localhost/127.0.0.1]].
2025-03-31T15:00:56.290+0700 [DEBUG] [org.gradle.launcher.daemon.server.Daemon] Daemon starting at: Mon Mar 31 15:00:56 ICT 2025, with address: [585f90fc-9774-45e1-96e1-e03717c9af97 port:58883, addresses:[localhost/127.0.0.1]]
2025-03-31T15:00:56.290+0700 [INFO] [org.gradle.launcher.daemon.server.DaemonRegistryUpdater] Advertising the daemon address to the clients: [585f90fc-9774-45e1-96e1-e03717c9af97 port:58883, addresses:[localhost/127.0.0.1]]
2025-03-31T15:00:56.290+0700 [DEBUG] [org.gradle.launcher.daemon.server.DaemonRegistryUpdater] Advertised daemon context: DefaultDaemonContext[uid=89614fa2-7840-4de0-b7e2-71cce844aa28,javaHome=C:\Program Files\Android\Android Studio\jbr,javaVersion=21,javaVendor=JetBrains s.r.o.,daemonRegistryDir=C:\Users\Administrator\AndroidStudioProjects\PrescriptionManagementApp\daemon,pid=17800,idleTimeout=10800000,priority=NORMAL,applyInstrumentationAgent=true,nativeServicesMode=ENABLED,daemonOpts=--add-opens=java.base/java.util=ALL-UNNAMED,--add-opens=java.base/java.lang=ALL-UNNAMED,--add-opens=java.base/java.lang.invoke=ALL-UNNAMED,--add-opens=java.prefs/java.util.prefs=ALL-UNNAMED,--add-exports=jdk.compiler/com.sun.tools.javac.api=ALL-UNNAMED,--add-exports=jdk.compiler/com.sun.tools.javac.util=ALL-UNNAMED,--add-opens=java.base/java.nio.charset=ALL-UNNAMED,--add-opens=java.base/java.net=ALL-UNNAMED,--add-opens=java.base/java.util.concurrent.atomic=ALL-UNNAMED,-Xmx2048m,-Dfile.encoding=UTF-8,-Duser.country=US,-Duser.language=en,-Duser.variant]
2025-03-31T15:00:56.291+0700 [DEBUG] [org.gradle.launcher.daemon.registry.PersistentDaemonRegistry] Storing daemon address: [585f90fc-9774-45e1-96e1-e03717c9af97 port:58883, addresses:[localhost/127.0.0.1]], context: DefaultDaemonContext[uid=89614fa2-7840-4de0-b7e2-71cce844aa28,javaHome=C:\Program Files\Android\Android Studio\jbr,javaVersion=21,javaVendor=JetBrains s.r.o.,daemonRegistryDir=C:\Users\Administrator\AndroidStudioProjects\PrescriptionManagementApp\daemon,pid=17800,idleTimeout=10800000,priority=NORMAL,applyInstrumentationAgent=true,nativeServicesMode=ENABLED,daemonOpts=--add-opens=java.base/java.util=ALL-UNNAMED,--add-opens=java.base/java.lang=ALL-UNNAMED,--add-opens=java.base/java.lang.invoke=ALL-UNNAMED,--add-opens=java.prefs/java.util.prefs=ALL-UNNAMED,--add-exports=jdk.compiler/com.sun.tools.javac.api=ALL-UNNAMED,--add-exports=jdk.compiler/com.sun.tools.javac.util=ALL-UNNAMED,--add-opens=java.base/java.nio.charset=ALL-UNNAMED,--add-opens=java.base/java.net=ALL-UNNAMED,--add-opens=java.base/java.util.concurrent.atomic=ALL-UNNAMED,-Xmx2048m,-Dfile.encoding=UTF-8,-Duser.country=US,-Duser.language=en,-Duser.variant]
2025-03-31T15:00:56.305+0700 [DEBUG] [org.gradle.cache.internal.DefaultFileLockManager] Waiting to acquire exclusive lock on daemon addresses registry.
2025-03-31T15:00:56.309+0700 [DEBUG] [org.gradle.cache.internal.DefaultFileLockManager] Lock acquired on daemon addresses registry.
2025-03-31T15:00:56.315+0700 [DEBUG] [org.gradle.cache.internal.DefaultFileLockManager] Releasing lock on daemon addresses registry.
2025-03-31T15:00:56.315+0700 [LIFECYCLE] [org.gradle.launcher.daemon.server.Daemon] Daemon server started.
2025-03-31T15:00:56.316+0700 [DEBUG] [org.gradle.launcher.daemon.bootstrap.DaemonStartupCommunication] Completed writing the daemon greeting. Closing streams...
2025-03-31T15:00:56.320+0700 [DEBUG] [org.gradle.internal.remote.internal.inet.TcpIncomingConnector] Accepted connection from /127.0.0.1:58884 to /127.0.0.1:58883.
2025-03-31T15:00:56.327+0700 [DEBUG] [org.gradle.launcher.daemon.server.Daemon] stopOnExpiration() called on daemon
2025-03-31T15:00:56.328+0700 [DEBUG] [org.gradle.launcher.daemon.server.Daemon] awaitExpiration() called on daemon
2025-03-31T15:00:56.329+0700 [DEBUG] [org.gradle.launcher.daemon.server.DaemonStateCoordinator] daemon is running. Sleeping until state changes.
2025-03-31T15:00:56.382+0700 [DEBUG] [org.gradle.launcher.daemon.server.SynchronizedDispatchConnection] thread 33: received class org.gradle.launcher.daemon.protocol.Build
2025-03-31T15:00:56.382+0700 [DEBUG] [org.gradle.launcher.daemon.server.DefaultDaemonConnection] thread 33: Received non-IO message from client: Build{id=5caf24cd-1b7d-4d32-8540-31d51a2edd86, currentDir=C:\Users\Administrator\AndroidStudioProjects\PrescriptionManagementApp}
2025-03-31T15:00:56.383+0700 [INFO] [org.gradle.launcher.daemon.server.DefaultIncomingConnectionHandler] Received command: Build{id=5caf24cd-1b7d-4d32-8540-31d51a2edd86, currentDir=C:\Users\Administrator\AndroidStudioProjects\PrescriptionManagementApp}.
2025-03-31T15:00:56.383+0700 [DEBUG] [org.gradle.launcher.daemon.server.DefaultIncomingConnectionHandler] Starting executing command: Build{id=5caf24cd-1b7d-4d32-8540-31d51a2edd86, currentDir=C:\Users\Administrator\AndroidStudioProjects\PrescriptionManagementApp} with connection: socket connection from /127.0.0.1:58883 to /127.0.0.1:58884.
2025-03-31T15:00:56.386+0700 [DEBUG] [org.gradle.launcher.daemon.server.DaemonStateCoordinator] Command execution: started DaemonCommandExecution[command = Build{id=5caf24cd-1b7d-4d32-8540-31d51a2edd86, currentDir=C:\Users\Administrator\AndroidStudioProjects\PrescriptionManagementApp}, connection = DefaultDaemonConnection: socket connection from /127.0.0.1:58883 to /127.0.0.1:58884] after 0.0024666666666666665 minutes of idle
2025-03-31T15:00:56.387+0700 [INFO] [org.gradle.launcher.daemon.server.DaemonRegistryUpdater] Marking the daemon as busy, address: [585f90fc-9774-45e1-96e1-e03717c9af97 port:58883, addresses:[localhost/127.0.0.1]]
2025-03-31T15:00:56.387+0700 [DEBUG] [org.gradle.launcher.daemon.registry.PersistentDaemonRegistry] Marking busy by address: [585f90fc-9774-45e1-96e1-e03717c9af97 port:58883, addresses:[localhost/127.0.0.1]]
2025-03-31T15:00:56.388+0700 [DEBUG] [org.gradle.cache.internal.DefaultFileLockManager] Waiting to acquire exclusive lock on daemon addresses registry.
2025-03-31T15:00:56.389+0700 [DEBUG] [org.gradle.cache.internal.DefaultFileLockManager] Lock acquired on daemon addresses registry.
2025-03-31T15:00:56.390+0700 [DEBUG] [org.gradle.cache.internal.DefaultFileLockManager] Releasing lock on daemon addresses registry.
2025-03-31T15:00:56.390+0700 [DEBUG] [org.gradle.launcher.daemon.server.DaemonStateCoordinator] resetting idle timer
2025-03-31T15:00:56.390+0700 [DEBUG] [org.gradle.launcher.daemon.server.DaemonStateCoordinator] daemon is running. Sleeping until state changes.
2025-03-31T15:00:56.392+0700 [INFO] [org.gradle.launcher.daemon.server.exec.StartBuildOrRespondWithBusy] Daemon is about to start building Build{id=5caf24cd-1b7d-4d32-8540-31d51a2edd86, currentDir=C:\Users\Administrator\AndroidStudioProjects\PrescriptionManagementApp}. Dispatching build started information...
2025-03-31T15:00:56.392+0700 [DEBUG] [org.gradle.launcher.daemon.server.SynchronizedDispatchConnection] thread 35: dispatching org.gradle.launcher.daemon.protocol.BuildStarted@4720f998
2025-03-31T15:00:56.393+0700 [DEBUG] [org.gradle.launcher.daemon.server.exec.EstablishBuildEnvironment] Configuring env variables: [USERDOMAIN_ROAMINGPROFILE, LOCALAPPDATA, PROCESSOR_LEVEL, USERDOMAIN, LOGONSERVER, FPS_BROWSER_APP_PROFILE_STRING, SESSIONNAME, ALLUSERSPROFILE, PROCESSOR_ARCHITECTURE, PSModulePath, SystemDrive, EFC_3896, OneDrive, MAVEN_HOME, APPDATA, NODEJS, USERNAME, ProgramFiles(x86), CommonProgramFiles, Path, FPS_BROWSER_USER_PROFILE_STRING, PATHEXT, DriverData, OS, COMPUTERNAME, PROCESSOR_REVISION, CommonProgramW6432, ComSpec, ProgramData, ProgramW6432, TEMP, HOMEPATH, SystemRoot, PROCESSOR_IDENTIFIER, HOMEDRIVE, USERPROFILE, TMP, CommonProgramFiles(x86), ProgramFiles, PUBLIC, windir, NUMBER_OF_PROCESSORS, Java17, =::]
2025-03-31T15:00:56.398+0700 [DEBUG] [org.gradle.launcher.daemon.server.exec.LogToClient] About to start relaying all logs to the client via the connection.
2025-03-31T15:00:56.399+0700 [INFO] [org.gradle.launcher.daemon.server.exec.LogToClient] The client will now receive all logging from the daemon (pid: 17800). The daemon log file: C:\Users\Administrator\AndroidStudioProjects\PrescriptionManagementApp\daemon\8.10.2\daemon-17800.out.log
2025-03-31T15:00:56.401+0700 [INFO] [org.gradle.launcher.daemon.server.exec.LogAndCheckHealth] Starting build in new daemon [memory: 2 GiB]
2025-03-31T15:00:56.403+0700 [DEBUG] [org.gradle.launcher.daemon.server.exec.ExecuteBuild] The daemon has started executing the build.
2025-03-31T15:00:56.403+0700 [DEBUG] [org.gradle.launcher.daemon.server.exec.ExecuteBuild] Executing build with daemon context: DefaultDaemonContext[uid=89614fa2-7840-4de0-b7e2-71cce844aa28,javaHome=C:\Program Files\Android\Android Studio\jbr,javaVersion=21,javaVendor=JetBrains s.r.o.,daemonRegistryDir=C:\Users\Administrator\AndroidStudioProjects\PrescriptionManagementApp\daemon,pid=17800,idleTimeout=10800000,priority=NORMAL,applyInstrumentationAgent=true,nativeServicesMode=ENABLED,daemonOpts=--add-opens=java.base/java.util=ALL-UNNAMED,--add-opens=java.base/java.lang=ALL-UNNAMED,--add-opens=java.base/java.lang.invoke=ALL-UNNAMED,--add-opens=java.prefs/java.util.prefs=ALL-UNNAMED,--add-exports=jdk.compiler/com.sun.tools.javac.api=ALL-UNNAMED,--add-exports=jdk.compiler/com.sun.tools.javac.util=ALL-UNNAMED,--add-opens=java.base/java.nio.charset=ALL-UNNAMED,--add-opens=java.base/java.net=ALL-UNNAMED,--add-opens=java.base/java.util.concurrent.atomic=ALL-UNNAMED,-Xmx2048m,-Dfile.encoding=UTF-8,-Duser.country=US,-Duser.language=en,-Duser.variant]

BUILD SUCCESSFUL in 20s
31 actionable tasks: 10 executed, 21 up-to-date
2025-03-31T15:01:14.970+0700 [DEBUG] [org.gradle.launcher.daemon.server.exec.ExecuteBuild] The daemon has finished executing the build.
2025-03-31T15:01:14.987+0700 [DEBUG] [org.gradle.launcher.daemon.server.DaemonStateCoordinator] daemon is running. Sleeping until state changes.
2025-03-31T15:01:14.987+0700 [DEBUG] [org.gradle.launcher.daemon.server.DaemonStateCoordinator] Command execution: finished waiting for DaemonCommandExecution[command = Build{id=5caf24cd-1b7d-4d32-8540-31d51a2edd86, currentDir=C:\Users\Administrator\AndroidStudioProjects\PrescriptionManagementApp}, connection = DefaultDaemonConnection: socket connection from /127.0.0.1:58883 to /127.0.0.1:58884]. Result org.gradle.launcher.daemon.server.DaemonStateCoordinator@27b9b66 with state Busy
2025-03-31T15:01:14.988+0700 [DEBUG] [org.gradle.launcher.daemon.server.DaemonStateCoordinator] Command execution: completed DaemonCommandExecution[command = Build{id=5caf24cd-1b7d-4d32-8540-31d51a2edd86, currentDir=C:\Users\Administrator\AndroidStudioProjects\PrescriptionManagementApp}, connection = DefaultDaemonConnection: socket connection from /127.0.0.1:58883 to /127.0.0.1:58884]
2025-03-31T15:01:14.988+0700 [DEBUG] [org.gradle.launcher.daemon.server.DaemonStateCoordinator] resetting idle timer
2025-03-31T15:01:14.988+0700 [INFO] [org.gradle.launcher.daemon.server.DaemonRegistryUpdater] Marking the daemon as idle, address: [585f90fc-9774-45e1-96e1-e03717c9af97 port:58883, addresses:[localhost/127.0.0.1]]
2025-03-31T15:01:14.988+0700 [DEBUG] [org.gradle.launcher.daemon.registry.PersistentDaemonRegistry] Marking busy by address: [585f90fc-9774-45e1-96e1-e03717c9af97 port:58883, addresses:[localhost/127.0.0.1]]
2025-03-31T15:01:14.989+0700 [DEBUG] [org.gradle.cache.internal.DefaultFileLockManager] Waiting to acquire exclusive lock on daemon addresses registry.
2025-03-31T15:01:14.989+0700 [DEBUG] [org.gradle.cache.internal.DefaultFileLockManager] Lock acquired on daemon addresses registry.
2025-03-31T15:01:14.991+0700 [DEBUG] [org.gradle.cache.internal.DefaultFileLockManager] Releasing lock on daemon addresses registry.
2025-03-31T15:01:14.991+0700 [DEBUG] [org.gradle.launcher.daemon.server.DaemonStateCoordinator] daemon is running. Sleeping until state changes.
2025-03-31T15:01:14.991+0700 [DEBUG] [org.gradle.launcher.daemon.server.exec.ReturnResult] Daemon is dispatching the build result: Success[value=org.gradle.launcher.exec.BuildActionResult@39331b8d]
2025-03-31T15:01:14.991+0700 [DEBUG] [org.gradle.launcher.daemon.server.SynchronizedDispatchConnection] thread 32: dispatching Success[value=org.gradle.launcher.exec.BuildActionResult@39331b8d]
2025-03-31T15:01:14.992+0700 [DEBUG] [org.gradle.launcher.daemon.server.SynchronizedDispatchConnection] thread 33: received class org.gradle.launcher.daemon.protocol.CloseInput
2025-03-31T15:01:14.992+0700 [DEBUG] [org.gradle.launcher.daemon.server.DefaultDaemonConnection] thread 33: Received IO message from client: org.gradle.launcher.daemon.protocol.CloseInput@7207cdda
2025-03-31T15:01:14.992+0700 [DEBUG] [org.gradle.launcher.daemon.server.SynchronizedDispatchConnection] thread 33: received class org.gradle.launcher.daemon.protocol.Finished
2025-03-31T15:01:14.993+0700 [DEBUG] [org.gradle.launcher.daemon.server.DefaultDaemonConnection] thread 33: Received non-IO message from client: org.gradle.launcher.daemon.protocol.Finished@7bc749b7
2025-03-31T15:01:14.993+0700 [DEBUG] [org.gradle.launcher.daemon.server.exec.CleanUpVirtualFileSystemAfterBuild] Cleaning virtual file system after build finished
2025-03-31T15:01:14.993+0700 [DEBUG] [org.gradle.internal.remote.internal.inet.SocketConnection] Discarding EOFException: java.io.EOFException
2025-03-31T15:01:14.993+0700 [DEBUG] [org.gradle.launcher.daemon.server.SynchronizedDispatchConnection] thread 33: received null
2025-03-31T15:01:14.993+0700 [DEBUG] [org.gradle.launcher.daemon.server.DefaultIncomingConnectionHandler] Finishing executing command: Build{id=5caf24cd-1b7d-4d32-8540-31d51a2edd86, currentDir=C:\Users\Administrator\AndroidStudioProjects\PrescriptionManagementApp}
2025-03-31T15:01:14.993+0700 [DEBUG] [org.gradle.launcher.daemon.server.DefaultDaemonConnection] thread 33: Received end-of-input from client.
2025-03-31T15:01:14.993+0700 [DEBUG] [org.gradle.launcher.daemon.server.DefaultIncomingConnectionHandler] Received finished message: org.gradle.launcher.daemon.protocol.Finished@7bc749b7
2025-03-31T15:01:14.994+0700 [DEBUG] [org.gradle.launcher.daemon.server.SynchronizedDispatchConnection] thread 32: stopping connection
2025-03-31T15:01:14.995+0700 [DEBUG] [org.gradle.launcher.daemon.server.SynchronizedDispatchConnection] thread 32: stopping connection
2025-03-31T15:01:16.330+0700 [DEBUG] [org.gradle.cache.internal.DefaultFileLockManager] Waiting to acquire shared lock on daemon addresses registry.
2025-03-31T15:01:16.331+0700 [DEBUG] [org.gradle.cache.internal.DefaultFileLockManager] Lock acquired on daemon addresses registry.
2025-03-31T15:01:16.331+0700 [DEBUG] [org.gradle.cache.internal.DefaultFileLockManager] Releasing lock on daemon addresses registry.
2025-03-31T15:01:16.333+0700 [DEBUG] [org.gradle.cache.internal.DefaultFileLockManager] Waiting to acquire shared lock on daemon addresses registry.
2025-03-31T15:01:16.333+0700 [DEBUG] [org.gradle.cache.internal.DefaultFileLockManager] Lock acquired on daemon addresses registry.
2025-03-31T15:01:16.333+0700 [DEBUG] [org.gradle.cache.internal.DefaultFileLockManager] Releasing lock on daemon addresses registry.
2025-03-31T15:01:21.913+0700 [DEBUG] [org.gradle.internal.remote.internal.inet.TcpIncomingConnector] Accepted connection from /127.0.0.1:58903 to /127.0.0.1:58883.
2025-03-31T15:01:21.918+0700 [DEBUG] [org.gradle.launcher.daemon.server.SynchronizedDispatchConnection] thread 230: received class org.gradle.launcher.daemon.protocol.Build
2025-03-31T15:01:21.918+0700 [DEBUG] [org.gradle.launcher.daemon.server.DefaultDaemonConnection] thread 230: Received non-IO message from client: Build{id=a0cfe530-e3e1-4945-96de-e7287bf58c9d, currentDir=C:\Users\Administrator\AndroidStudioProjects\PrescriptionManagementApp}
2025-03-31T15:01:21.918+0700 [INFO] [org.gradle.launcher.daemon.server.DefaultIncomingConnectionHandler] Received command: Build{id=a0cfe530-e3e1-4945-96de-e7287bf58c9d, currentDir=C:\Users\Administrator\AndroidStudioProjects\PrescriptionManagementApp}.
2025-03-31T15:01:21.918+0700 [DEBUG] [org.gradle.launcher.daemon.server.DefaultIncomingConnectionHandler] Starting executing command: Build{id=a0cfe530-e3e1-4945-96de-e7287bf58c9d, currentDir=C:\Users\Administrator\AndroidStudioProjects\PrescriptionManagementApp} with connection: socket connection from /127.0.0.1:58883 to /127.0.0.1:58903.
2025-03-31T15:01:21.919+0700 [DEBUG] [org.gradle.launcher.daemon.server.DaemonStateCoordinator] Command execution: started DaemonCommandExecution[command = Build{id=a0cfe530-e3e1-4945-96de-e7287bf58c9d, currentDir=C:\Users\Administrator\AndroidStudioProjects\PrescriptionManagementApp}, connection = DefaultDaemonConnection: socket connection from /127.0.0.1:58883 to /127.0.0.1:58903] after 0.11551666666666667 minutes of idle
2025-03-31T15:01:21.919+0700 [INFO] [org.gradle.launcher.daemon.server.DaemonRegistryUpdater] Marking the daemon as busy, address: [585f90fc-9774-45e1-96e1-e03717c9af97 port:58883, addresses:[localhost/127.0.0.1]]
2025-03-31T15:01:21.919+0700 [DEBUG] [org.gradle.launcher.daemon.registry.PersistentDaemonRegistry] Marking busy by address: [585f90fc-9774-45e1-96e1-e03717c9af97 port:58883, addresses:[localhost/127.0.0.1]]
2025-03-31T15:01:21.920+0700 [DEBUG] [org.gradle.cache.internal.DefaultFileLockManager] Waiting to acquire exclusive lock on daemon addresses registry.
2025-03-31T15:01:21.920+0700 [DEBUG] [org.gradle.cache.internal.DefaultFileLockManager] Lock acquired on daemon addresses registry.
2025-03-31T15:01:21.921+0700 [DEBUG] [org.gradle.cache.internal.DefaultFileLockManager] Releasing lock on daemon addresses registry.
2025-03-31T15:01:21.922+0700 [DEBUG] [org.gradle.launcher.daemon.server.DaemonStateCoordinator] resetting idle timer
2025-03-31T15:01:21.922+0700 [DEBUG] [org.gradle.launcher.daemon.server.DaemonStateCoordinator] daemon is running. Sleeping until state changes.
2025-03-31T15:01:21.922+0700 [INFO] [org.gradle.launcher.daemon.server.exec.StartBuildOrRespondWithBusy] Daemon is about to start building Build{id=a0cfe530-e3e1-4945-96de-e7287bf58c9d, currentDir=C:\Users\Administrator\AndroidStudioProjects\PrescriptionManagementApp}. Dispatching build started information...
2025-03-31T15:01:21.922+0700 [DEBUG] [org.gradle.launcher.daemon.server.SynchronizedDispatchConnection] thread 35: dispatching org.gradle.launcher.daemon.protocol.BuildStarted@3ed4966e
2025-03-31T15:01:21.923+0700 [DEBUG] [org.gradle.launcher.daemon.server.exec.EstablishBuildEnvironment] Configuring env variables: [USERDOMAIN_ROAMINGPROFILE, LOCALAPPDATA, PROCESSOR_LEVEL, USERDOMAIN, LOGONSERVER, FPS_BROWSER_APP_PROFILE_STRING, SESSIONNAME, ALLUSERSPROFILE, PROCESSOR_ARCHITECTURE, PSModulePath, SystemDrive, EFC_3896, OneDrive, MAVEN_HOME, APPDATA, NODEJS, USERNAME, ProgramFiles(x86), CommonProgramFiles, Path, FPS_BROWSER_USER_PROFILE_STRING, PATHEXT, DriverData, OS, COMPUTERNAME, PROCESSOR_REVISION, CommonProgramW6432, ComSpec, ProgramData, ProgramW6432, TEMP, HOMEPATH, SystemRoot, PROCESSOR_IDENTIFIER, HOMEDRIVE, USERPROFILE, TMP, CommonProgramFiles(x86), ProgramFiles, PUBLIC, windir, NUMBER_OF_PROCESSORS, Java17, =::]
2025-03-31T15:01:21.926+0700 [DEBUG] [org.gradle.launcher.daemon.server.exec.LogToClient] About to start relaying all logs to the client via the connection.
2025-03-31T15:01:21.926+0700 [INFO] [org.gradle.launcher.daemon.server.exec.LogToClient] The client will now receive all logging from the daemon (pid: 17800). The daemon log file: C:\Users\Administrator\AndroidStudioProjects\PrescriptionManagementApp\daemon\8.10.2\daemon-17800.out.log
2025-03-31T15:01:21.928+0700 [INFO] [org.gradle.launcher.daemon.server.exec.LogAndCheckHealth] Starting 2nd build in daemon [uptime: 25.919 secs, performance: 99%, GC rate: 0.00/s, heap usage: 0% of 2 GiB]
2025-03-31T15:01:21.928+0700 [DEBUG] [org.gradle.launcher.daemon.server.exec.ExecuteBuild] The daemon has started executing the build.
2025-03-31T15:01:21.929+0700 [DEBUG] [org.gradle.launcher.daemon.server.exec.ExecuteBuild] Executing build with daemon context: DefaultDaemonContext[uid=89614fa2-7840-4de0-b7e2-71cce844aa28,javaHome=C:\Program Files\Android\Android Studio\jbr,javaVersion=21,javaVendor=JetBrains s.r.o.,daemonRegistryDir=C:\Users\Administrator\AndroidStudioProjects\PrescriptionManagementApp\daemon,pid=17800,idleTimeout=10800000,priority=NORMAL,applyInstrumentationAgent=true,nativeServicesMode=ENABLED,daemonOpts=--add-opens=java.base/java.util=ALL-UNNAMED,--add-opens=java.base/java.lang=ALL-UNNAMED,--add-opens=java.base/java.lang.invoke=ALL-UNNAMED,--add-opens=java.prefs/java.util.prefs=ALL-UNNAMED,--add-exports=jdk.compiler/com.sun.tools.javac.api=ALL-UNNAMED,--add-exports=jdk.compiler/com.sun.tools.javac.util=ALL-UNNAMED,--add-opens=java.base/java.nio.charset=ALL-UNNAMED,--add-opens=java.base/java.net=ALL-UNNAMED,--add-opens=java.base/java.util.concurrent.atomic=ALL-UNNAMED,-Xmx2048m,-Dfile.encoding=UTF-8,-Duser.country=US,-Duser.language=en,-Duser.variant]

BUILD SUCCESSFUL in 901ms
31 actionable tasks: 31 up-to-date
2025-03-31T15:01:22.840+0700 [DEBUG] [org.gradle.launcher.daemon.server.exec.ExecuteBuild] The daemon has finished executing the build.
2025-03-31T15:01:22.857+0700 [DEBUG] [org.gradle.launcher.daemon.server.DaemonStateCoordinator] daemon is running. Sleeping until state changes.
2025-03-31T15:01:22.857+0700 [DEBUG] [org.gradle.launcher.daemon.server.DaemonStateCoordinator] Command execution: finished waiting for DaemonCommandExecution[command = Build{id=a0cfe530-e3e1-4945-96de-e7287bf58c9d, currentDir=C:\Users\Administrator\AndroidStudioProjects\PrescriptionManagementApp}, connection = DefaultDaemonConnection: socket connection from /127.0.0.1:58883 to /127.0.0.1:58903]. Result org.gradle.launcher.daemon.server.DaemonStateCoordinator@27b9b66 with state Busy
2025-03-31T15:01:22.858+0700 [DEBUG] [org.gradle.launcher.daemon.server.DaemonStateCoordinator] Command execution: completed DaemonCommandExecution[command = Build{id=a0cfe530-e3e1-4945-96de-e7287bf58c9d, currentDir=C:\Users\Administrator\AndroidStudioProjects\PrescriptionManagementApp}, connection = DefaultDaemonConnection: socket connection from /127.0.0.1:58883 to /127.0.0.1:58903]
2025-03-31T15:01:22.858+0700 [DEBUG] [org.gradle.launcher.daemon.server.DaemonStateCoordinator] resetting idle timer
2025-03-31T15:01:22.858+0700 [INFO] [org.gradle.launcher.daemon.server.DaemonRegistryUpdater] Marking the daemon as idle, address: [585f90fc-9774-45e1-96e1-e03717c9af97 port:58883, addresses:[localhost/127.0.0.1]]
2025-03-31T15:01:22.858+0700 [DEBUG] [org.gradle.launcher.daemon.registry.PersistentDaemonRegistry] Marking busy by address: [585f90fc-9774-45e1-96e1-e03717c9af97 port:58883, addresses:[localhost/127.0.0.1]]
2025-03-31T15:01:22.859+0700 [DEBUG] [org.gradle.cache.internal.DefaultFileLockManager] Waiting to acquire exclusive lock on daemon addresses registry.
2025-03-31T15:01:22.860+0700 [DEBUG] [org.gradle.cache.internal.DefaultFileLockManager] Lock acquired on daemon addresses registry.
2025-03-31T15:01:22.861+0700 [DEBUG] [org.gradle.cache.internal.DefaultFileLockManager] Releasing lock on daemon addresses registry.
2025-03-31T15:01:22.862+0700 [DEBUG] [org.gradle.launcher.daemon.server.DaemonStateCoordinator] daemon is running. Sleeping until state changes.
2025-03-31T15:01:22.862+0700 [DEBUG] [org.gradle.launcher.daemon.server.exec.ReturnResult] Daemon is dispatching the build result: Success[value=org.gradle.launcher.exec.BuildActionResult@5a3f2387]
2025-03-31T15:01:22.862+0700 [DEBUG] [org.gradle.launcher.daemon.server.SynchronizedDispatchConnection] thread 32: dispatching Success[value=org.gradle.launcher.exec.BuildActionResult@5a3f2387]
2025-03-31T15:01:22.863+0700 [DEBUG] [org.gradle.launcher.daemon.server.exec.CleanUpVirtualFileSystemAfterBuild] Cleaning virtual file system after build finished
2025-03-31T15:01:22.863+0700 [DEBUG] [org.gradle.launcher.daemon.server.SynchronizedDispatchConnection] thread 230: received class org.gradle.launcher.daemon.protocol.CloseInput
2025-03-31T15:01:22.863+0700 [DEBUG] [org.gradle.launcher.daemon.server.DefaultIncomingConnectionHandler] Finishing executing command: Build{id=a0cfe530-e3e1-4945-96de-e7287bf58c9d, currentDir=C:\Users\Administrator\AndroidStudioProjects\PrescriptionManagementApp}
2025-03-31T15:01:22.863+0700 [DEBUG] [org.gradle.launcher.daemon.server.DefaultDaemonConnection] thread 230: Received IO message from client: org.gradle.launcher.daemon.protocol.CloseInput@88b705c
2025-03-31T15:01:22.864+0700 [DEBUG] [org.gradle.launcher.daemon.server.SynchronizedDispatchConnection] thread 230: received class org.gradle.launcher.daemon.protocol.Finished
2025-03-31T15:01:22.864+0700 [DEBUG] [org.gradle.launcher.daemon.server.DefaultDaemonConnection] thread 230: Received non-IO message from client: org.gradle.launcher.daemon.protocol.Finished@64c8f3d
2025-03-31T15:01:22.864+0700 [DEBUG] [org.gradle.launcher.daemon.server.DefaultIncomingConnectionHandler] Received finished message: org.gradle.launcher.daemon.protocol.Finished@64c8f3d
2025-03-31T15:01:22.864+0700 [DEBUG] [org.gradle.internal.remote.internal.inet.SocketConnection] Discarding EOFException: java.io.EOFException
2025-03-31T15:01:22.864+0700 [DEBUG] [org.gradle.launcher.daemon.server.SynchronizedDispatchConnection] thread 32: stopping connection
2025-03-31T15:01:22.864+0700 [DEBUG] [org.gradle.launcher.daemon.server.SynchronizedDispatchConnection] thread 230: received null
2025-03-31T15:01:22.865+0700 [DEBUG] [org.gradle.launcher.daemon.server.DefaultDaemonConnection] thread 230: Received end-of-input from client.
2025-03-31T15:01:22.865+0700 [DEBUG] [org.gradle.launcher.daemon.server.SynchronizedDispatchConnection] thread 32: stopping connection
2025-03-31T15:01:26.343+0700 [DEBUG] [org.gradle.cache.internal.DefaultFileLockManager] Waiting to acquire shared lock on daemon addresses registry.
2025-03-31T15:01:26.343+0700 [DEBUG] [org.gradle.cache.internal.DefaultFileLockManager] Lock acquired on daemon addresses registry.
2025-03-31T15:01:26.344+0700 [DEBUG] [org.gradle.cache.internal.DefaultFileLockManager] Releasing lock on daemon addresses registry.
2025-03-31T15:01:26.345+0700 [DEBUG] [org.gradle.cache.internal.DefaultFileLockManager] Waiting to acquire shared lock on daemon addresses registry.
2025-03-31T15:01:26.345+0700 [DEBUG] [org.gradle.cache.internal.DefaultFileLockManager] Lock acquired on daemon addresses registry.
2025-03-31T15:01:26.345+0700 [DEBUG] [org.gradle.cache.internal.DefaultFileLockManager] Releasing lock on daemon addresses registry.
2025-03-31T15:01:27.921+0700 [DEBUG] [org.gradle.process.internal.health.memory.DefaultMemoryManager] 2348528844 virtual memory requested, 2134740992 free
2025-03-31T15:01:27.921+0700 [DEBUG] [org.gradle.workers.internal.WorkerDaemonExpiration] Will attempt to release 2239 of memory
2025-03-31T15:01:27.922+0700 [DEBUG] [org.gradle.process.internal.health.memory.DefaultMemoryManager] 2348528844 virtual memory requested, 0 released, 2134740992 free
2025-03-31T15:01:32.916+0700 [DEBUG] [org.gradle.process.internal.health.memory.DefaultMemoryManager] 2348528844 virtual memory requested, 1986789376 free
2025-03-31T15:01:32.916+0700 [DEBUG] [org.gradle.workers.internal.WorkerDaemonExpiration] Will attempt to release 2239 of memory
2025-03-31T15:01:32.916+0700 [DEBUG] [org.gradle.process.internal.health.memory.DefaultMemoryManager] 2348528844 virtual memory requested, 0 released, 1986789376 free
2025-03-31T15:01:36.339+0700 [DEBUG] [org.gradle.cache.internal.DefaultFileLockManager] Waiting to acquire shared lock on daemon addresses registry.
2025-03-31T15:01:36.340+0700 [DEBUG] [org.gradle.cache.internal.DefaultFileLockManager] Lock acquired on daemon addresses registry.
2025-03-31T15:01:36.340+0700 [DEBUG] [org.gradle.cache.internal.DefaultFileLockManager] Releasing lock on daemon addresses registry.
2025-03-31T15:01:36.341+0700 [DEBUG] [org.gradle.cache.internal.DefaultFileLockManager] Waiting to acquire shared lock on daemon addresses registry.
2025-03-31T15:01:36.341+0700 [DEBUG] [org.gradle.cache.internal.DefaultFileLockManager] Lock acquired on daemon addresses registry.
2025-03-31T15:01:36.341+0700 [DEBUG] [org.gradle.cache.internal.DefaultFileLockManager] Releasing lock on daemon addresses registry.
2025-03-31T15:01:36.342+0700 [DEBUG] [org.gradle.cache.internal.DefaultFileLockManager] Waiting to acquire shared lock on daemon addresses registry.
2025-03-31T15:01:36.342+0700 [DEBUG] [org.gradle.cache.internal.DefaultFileLockManager] Lock acquired on daemon addresses registry.
2025-03-31T15:01:36.342+0700 [DEBUG] [org.gradle.cache.internal.DefaultFileLockManager] Releasing lock on daemon addresses registry.
2025-03-31T15:01:37.925+0700 [DEBUG] [org.gradle.process.internal.health.memory.DefaultMemoryManager] 2348528844 virtual memory requested, 2030002176 free
2025-03-31T15:01:37.925+0700 [DEBUG] [org.gradle.workers.internal.WorkerDaemonExpiration] Will attempt to release 2239 of memory
2025-03-31T15:01:37.925+0700 [DEBUG] [org.gradle.process.internal.health.memory.DefaultMemoryManager] 2348528844 virtual memory requested, 0 released, 2030002176 free
2025-03-31T15:01:42.920+0700 [DEBUG] [org.gradle.process.internal.health.memory.DefaultMemoryManager] 2348528844 virtual memory requested, 2143399936 free
2025-03-31T15:01:42.920+0700 [DEBUG] [org.gradle.workers.internal.WorkerDaemonExpiration] Will attempt to release 2239 of memory
2025-03-31T15:01:42.920+0700 [DEBUG] [org.gradle.process.internal.health.memory.DefaultMemoryManager] 2348528844 virtual memory requested, 0 released, 2143399936 free
2025-03-31T15:01:46.332+0700 [DEBUG] [org.gradle.cache.internal.DefaultFileLockManager] Waiting to acquire shared lock on daemon addresses registry.
2025-03-31T15:01:46.332+0700 [DEBUG] [org.gradle.cache.internal.DefaultFileLockManager] Lock acquired on daemon addresses registry.
2025-03-31T15:01:46.332+0700 [DEBUG] [org.gradle.cache.internal.DefaultFileLockManager] Releasing lock on daemon addresses registry.
2025-03-31T15:01:46.333+0700 [DEBUG] [org.gradle.cache.internal.DefaultFileLockManager] Waiting to acquire shared lock on daemon addresses registry.
2025-03-31T15:01:46.333+0700 [DEBUG] [org.gradle.cache.internal.DefaultFileLockManager] Lock acquired on daemon addresses registry.
2025-03-31T15:01:46.334+0700 [DEBUG] [org.gradle.cache.internal.DefaultFileLockManager] Releasing lock on daemon addresses registry.
2025-03-31T15:01:46.334+0700 [DEBUG] [org.gradle.cache.internal.DefaultFileLockManager] Waiting to acquire shared lock on daemon addresses registry.
2025-03-31T15:01:46.334+0700 [DEBUG] [org.gradle.cache.internal.DefaultFileLockManager] Lock acquired on daemon addresses registry.
2025-03-31T15:01:46.335+0700 [DEBUG] [org.gradle.cache.internal.DefaultFileLockManager] Releasing lock on daemon addresses registry.
2025-03-31T15:01:47.923+0700 [DEBUG] [org.gradle.process.internal.health.memory.DefaultMemoryManager] 2348528844 virtual memory requested, 2188312576 free
2025-03-31T15:01:47.924+0700 [DEBUG] [org.gradle.workers.internal.WorkerDaemonExpiration] Will attempt to release 2239 of memory
2025-03-31T15:01:47.924+0700 [DEBUG] [org.gradle.process.internal.health.memory.DefaultMemoryManager] 2348528844 virtual memory requested, 0 released, 2188312576 free
2025-03-31T15:01:52.915+0700 [DEBUG] [org.gradle.process.internal.health.memory.DefaultMemoryManager] 2348528844 virtual memory requested, 2171908096 free
2025-03-31T15:01:52.915+0700 [DEBUG] [org.gradle.workers.internal.WorkerDaemonExpiration] Will attempt to release 2239 of memory
2025-03-31T15:01:52.915+0700 [DEBUG] [org.gradle.process.internal.health.memory.DefaultMemoryManager] 2348528844 virtual memory requested, 0 released, 2171908096 free
2025-03-31T15:01:56.332+0700 [DEBUG] [org.gradle.cache.internal.DefaultFileLockManager] Waiting to acquire shared lock on daemon addresses registry.
2025-03-31T15:01:56.332+0700 [DEBUG] [org.gradle.cache.internal.DefaultFileLockManager] Lock acquired on daemon addresses registry.
2025-03-31T15:01:56.332+0700 [DEBUG] [org.gradle.cache.internal.DefaultFileLockManager] Releasing lock on daemon addresses registry.
2025-03-31T15:01:56.333+0700 [DEBUG] [org.gradle.cache.internal.DefaultFileLockManager] Waiting to acquire shared lock on daemon addresses registry.
2025-03-31T15:01:56.333+0700 [DEBUG] [org.gradle.cache.internal.DefaultFileLockManager] Lock acquired on daemon addresses registry.
2025-03-31T15:01:56.334+0700 [DEBUG] [org.gradle.cache.internal.DefaultFileLockManager] Releasing lock on daemon addresses registry.
2025-03-31T15:01:56.334+0700 [DEBUG] [org.gradle.cache.internal.DefaultFileLockManager] Waiting to acquire shared lock on daemon addresses registry.
2025-03-31T15:01:56.334+0700 [DEBUG] [org.gradle.cache.internal.DefaultFileLockManager] Lock acquired on daemon addresses registry.
2025-03-31T15:01:56.335+0700 [DEBUG] [org.gradle.cache.internal.DefaultFileLockManager] Releasing lock on daemon addresses registry.
2025-03-31T15:01:57.917+0700 [DEBUG] [org.gradle.process.internal.health.memory.DefaultMemoryManager] 2348528844 virtual memory requested, 2177695744 free
2025-03-31T15:01:57.918+0700 [DEBUG] [org.gradle.workers.internal.WorkerDaemonExpiration] Will attempt to release 2239 of memory
2025-03-31T15:01:57.918+0700 [DEBUG] [org.gradle.process.internal.health.memory.DefaultMemoryManager] 2348528844 virtual memory requested, 0 released, 2177695744 free
2025-03-31T15:02:02.922+0700 [DEBUG] [org.gradle.process.internal.health.memory.DefaultMemoryManager] 2348528844 virtual memory requested, 2152632320 free
2025-03-31T15:02:02.922+0700 [DEBUG] [org.gradle.workers.internal.WorkerDaemonExpiration] Will attempt to release 2239 of memory
2025-03-31T15:02:02.922+0700 [DEBUG] [org.gradle.process.internal.health.memory.DefaultMemoryManager] 2348528844 virtual memory requested, 0 released, 2152632320 free
2025-03-31T15:02:06.332+0700 [DEBUG] [org.gradle.cache.internal.DefaultFileLockManager] Waiting to acquire shared lock on daemon addresses registry.
2025-03-31T15:02:06.332+0700 [DEBUG] [org.gradle.cache.internal.DefaultFileLockManager] Lock acquired on daemon addresses registry.
2025-03-31T15:02:06.332+0700 [DEBUG] [org.gradle.cache.internal.DefaultFileLockManager] Releasing lock on daemon addresses registry.
2025-03-31T15:02:06.333+0700 [DEBUG] [org.gradle.cache.internal.DefaultFileLockManager] Waiting to acquire shared lock on daemon addresses registry.
2025-03-31T15:02:06.333+0700 [DEBUG] [org.gradle.cache.internal.DefaultFileLockManager] Lock acquired on daemon addresses registry.
2025-03-31T15:02:06.333+0700 [DEBUG] [org.gradle.cache.internal.DefaultFileLockManager] Releasing lock on daemon addresses registry.
2025-03-31T15:02:06.334+0700 [DEBUG] [org.gradle.cache.internal.DefaultFileLockManager] Waiting to acquire shared lock on daemon addresses registry.
2025-03-31T15:02:06.334+0700 [DEBUG] [org.gradle.cache.internal.DefaultFileLockManager] Lock acquired on daemon addresses registry.
2025-03-31T15:02:06.334+0700 [DEBUG] [org.gradle.cache.internal.DefaultFileLockManager] Releasing lock on daemon addresses registry.
2025-03-31T15:02:07.922+0700 [DEBUG] [org.gradle.process.internal.health.memory.DefaultMemoryManager] 2348528844 virtual memory requested, 2190299136 free
2025-03-31T15:02:07.922+0700 [DEBUG] [org.gradle.workers.internal.WorkerDaemonExpiration] Will attempt to release 2239 of memory
2025-03-31T15:02:07.922+0700 [DEBUG] [org.gradle.process.internal.health.memory.DefaultMemoryManager] 2348528844 virtual memory requested, 0 released, 2190299136 free
2025-03-31T15:02:12.922+0700 [DEBUG] [org.gradle.process.internal.health.memory.DefaultMemoryManager] 2348528844 virtual memory requested, 2158354432 free
2025-03-31T15:02:12.922+0700 [DEBUG] [org.gradle.workers.internal.WorkerDaemonExpiration] Will attempt to release 2239 of memory
2025-03-31T15:02:12.922+0700 [DEBUG] [org.gradle.process.internal.health.memory.DefaultMemoryManager] 2348528844 virtual memory requested, 0 released, 2158354432 free
2025-03-31T15:02:16.332+0700 [DEBUG] [org.gradle.cache.internal.DefaultFileLockManager] Waiting to acquire shared lock on daemon addresses registry.
2025-03-31T15:02:16.332+0700 [DEBUG] [org.gradle.cache.internal.DefaultFileLockManager] Lock acquired on daemon addresses registry.
2025-03-31T15:02:16.332+0700 [DEBUG] [org.gradle.cache.internal.DefaultFileLockManager] Releasing lock on daemon addresses registry.
2025-03-31T15:02:16.333+0700 [DEBUG] [org.gradle.cache.internal.DefaultFileLockManager] Waiting to acquire shared lock on daemon addresses registry.
2025-03-31T15:02:16.333+0700 [DEBUG] [org.gradle.cache.internal.DefaultFileLockManager] Lock acquired on daemon addresses registry.
2025-03-31T15:02:16.333+0700 [DEBUG] [org.gradle.cache.internal.DefaultFileLockManager] Releasing lock on daemon addresses registry.
2025-03-31T15:02:16.334+0700 [DEBUG] [org.gradle.cache.internal.DefaultFileLockManager] Waiting to acquire shared lock on daemon addresses registry.
2025-03-31T15:02:16.334+0700 [DEBUG] [org.gradle.cache.internal.DefaultFileLockManager] Lock acquired on daemon addresses registry.
2025-03-31T15:02:16.335+0700 [DEBUG] [org.gradle.cache.internal.DefaultFileLockManager] Releasing lock on daemon addresses registry.
2025-03-31T15:02:17.922+0700 [DEBUG] [org.gradle.process.internal.health.memory.DefaultMemoryManager] 2348528844 virtual memory requested, 2163834880 free
2025-03-31T15:02:17.922+0700 [DEBUG] [org.gradle.workers.internal.WorkerDaemonExpiration] Will attempt to release 2239 of memory
2025-03-31T15:02:17.922+0700 [DEBUG] [org.gradle.process.internal.health.memory.DefaultMemoryManager] 2348528844 virtual memory requested, 0 released, 2163834880 free
2025-03-31T15:02:22.924+0700 [DEBUG] [org.gradle.process.internal.health.memory.DefaultMemoryManager] 2348528844 virtual memory requested, 2192338944 free
2025-03-31T15:02:22.924+0700 [DEBUG] [org.gradle.workers.internal.WorkerDaemonExpiration] Will attempt to release 2239 of memory
2025-03-31T15:02:22.924+0700 [DEBUG] [org.gradle.process.internal.health.memory.DefaultMemoryManager] 2348528844 virtual memory requested, 0 released, 2192338944 free
2025-03-31T15:02:26.336+0700 [DEBUG] [org.gradle.cache.internal.DefaultFileLockManager] Waiting to acquire shared lock on daemon addresses registry.
2025-03-31T15:02:26.336+0700 [DEBUG] [org.gradle.cache.internal.DefaultFileLockManager] Lock acquired on daemon addresses registry.
2025-03-31T15:02:26.336+0700 [DEBUG] [org.gradle.cache.internal.DefaultFileLockManager] Releasing lock on daemon addresses registry.
2025-03-31T15:02:26.337+0700 [DEBUG] [org.gradle.cache.internal.DefaultFileLockManager] Waiting to acquire shared lock on daemon addresses registry.
2025-03-31T15:02:26.337+0700 [DEBUG] [org.gradle.cache.internal.DefaultFileLockManager] Lock acquired on daemon addresses registry.
2025-03-31T15:02:26.337+0700 [DEBUG] [org.gradle.cache.internal.DefaultFileLockManager] Releasing lock on daemon addresses registry.
2025-03-31T15:02:26.338+0700 [DEBUG] [org.gradle.cache.internal.DefaultFileLockManager] Waiting to acquire shared lock on daemon addresses registry.
2025-03-31T15:02:26.338+0700 [DEBUG] [org.gradle.cache.internal.DefaultFileLockManager] Lock acquired on daemon addresses registry.
2025-03-31T15:02:26.338+0700 [DEBUG] [org.gradle.cache.internal.DefaultFileLockManager] Releasing lock on daemon addresses registry.
2025-03-31T15:02:27.922+0700 [DEBUG] [org.gradle.process.internal.health.memory.DefaultMemoryManager] 2348528844 virtual memory requested, 2202705920 free
2025-03-31T15:02:27.922+0700 [DEBUG] [org.gradle.workers.internal.WorkerDaemonExpiration] Will attempt to release 2239 of memory
2025-03-31T15:02:27.922+0700 [DEBUG] [org.gradle.process.internal.health.memory.DefaultMemoryManager] 2348528844 virtual memory requested, 0 released, 2202705920 free
2025-03-31T15:02:32.346+0700 [DEBUG] [org.gradle.internal.watch.vfs.impl.WatchingVirtualFileSystem] Handling VFS change CREATED C:\Users\Administrator\AndroidStudioProjects\PrescriptionManagementApp\app\src\main\java\com\mad\prescriptionmanagementapp\ui\activity\StatisticByPrescription.java~
2025-03-31T15:02:32.349+0700 [DEBUG] [org.gradle.internal.watch.vfs.impl.WatchingVirtualFileSystem] Handling VFS change MODIFIED C:\Users\Administrator\AndroidStudioProjects\PrescriptionManagementApp\app\src\main\java\com\mad\prescriptionmanagementapp\ui\activity\StatisticByPrescription.java
2025-03-31T15:02:32.913+0700 [DEBUG] [org.gradle.process.internal.health.memory.DefaultMemoryManager] 2348528844 virtual memory requested, 2190581760 free
2025-03-31T15:02:32.913+0700 [DEBUG] [org.gradle.workers.internal.WorkerDaemonExpiration] Will attempt to release 2239 of memory
2025-03-31T15:02:32.913+0700 [DEBUG] [org.gradle.process.internal.health.memory.DefaultMemoryManager] 2348528844 virtual memory requested, 0 released, 2190581760 free
2025-03-31T15:02:36.342+0700 [DEBUG] [org.gradle.cache.internal.DefaultFileLockManager] Waiting to acquire shared lock on daemon addresses registry.
2025-03-31T15:02:36.342+0700 [DEBUG] [org.gradle.cache.internal.DefaultFileLockManager] Lock acquired on daemon addresses registry.
2025-03-31T15:02:36.343+0700 [DEBUG] [org.gradle.cache.internal.DefaultFileLockManager] Releasing lock on daemon addresses registry.
2025-03-31T15:02:36.344+0700 [DEBUG] [org.gradle.cache.internal.DefaultFileLockManager] Waiting to acquire shared lock on daemon addresses registry.
2025-03-31T15:02:36.344+0700 [DEBUG] [org.gradle.cache.internal.DefaultFileLockManager] Lock acquired on daemon addresses registry.
2025-03-31T15:02:36.344+0700 [DEBUG] [org.gradle.cache.internal.DefaultFileLockManager] Releasing lock on daemon addresses registry.
2025-03-31T15:02:36.345+0700 [DEBUG] [org.gradle.cache.internal.DefaultFileLockManager] Waiting to acquire shared lock on daemon addresses registry.
2025-03-31T15:02:36.345+0700 [DEBUG] [org.gradle.cache.internal.DefaultFileLockManager] Lock acquired on daemon addresses registry.
2025-03-31T15:02:36.345+0700 [DEBUG] [org.gradle.cache.internal.DefaultFileLockManager] Releasing lock on daemon addresses registry.
2025-03-31T15:02:37.917+0700 [DEBUG] [org.gradle.process.internal.health.memory.DefaultMemoryManager] 2348528844 virtual memory requested, 2213785600 free
2025-03-31T15:02:37.917+0700 [DEBUG] [org.gradle.workers.internal.WorkerDaemonExpiration] Will attempt to release 2239 of memory
2025-03-31T15:02:37.917+0700 [DEBUG] [org.gradle.process.internal.health.memory.DefaultMemoryManager] 2348528844 virtual memory requested, 0 released, 2213785600 free
2025-03-31T15:02:42.921+0700 [DEBUG] [org.gradle.process.internal.health.memory.DefaultMemoryManager] 2348528844 virtual memory requested, 2189869056 free
2025-03-31T15:02:42.921+0700 [DEBUG] [org.gradle.workers.internal.WorkerDaemonExpiration] Will attempt to release 2239 of memory
2025-03-31T15:02:42.921+0700 [DEBUG] [org.gradle.process.internal.health.memory.DefaultMemoryManager] 2348528844 virtual memory requested, 0 released, 2189869056 free
2025-03-31T15:02:46.336+0700 [DEBUG] [org.gradle.cache.internal.DefaultFileLockManager] Waiting to acquire shared lock on daemon addresses registry.
2025-03-31T15:02:46.336+0700 [DEBUG] [org.gradle.cache.internal.DefaultFileLockManager] Lock acquired on daemon addresses registry.
2025-03-31T15:02:46.337+0700 [DEBUG] [org.gradle.cache.internal.DefaultFileLockManager] Releasing lock on daemon addresses registry.
2025-03-31T15:02:46.338+0700 [DEBUG] [org.gradle.cache.internal.DefaultFileLockManager] Waiting to acquire shared lock on daemon addresses registry.
2025-03-31T15:02:46.338+0700 [DEBUG] [org.gradle.cache.internal.DefaultFileLockManager] Lock acquired on daemon addresses registry.
2025-03-31T15:02:46.338+0700 [DEBUG] [org.gradle.cache.internal.DefaultFileLockManager] Releasing lock on daemon addresses registry.
2025-03-31T15:02:46.339+0700 [DEBUG] [org.gradle.cache.internal.DefaultFileLockManager] Waiting to acquire shared lock on daemon addresses registry.
2025-03-31T15:02:46.340+0700 [DEBUG] [org.gradle.cache.internal.DefaultFileLockManager] Lock acquired on daemon addresses registry.
2025-03-31T15:02:46.340+0700 [DEBUG] [org.gradle.cache.internal.DefaultFileLockManager] Releasing lock on daemon addresses registry.
2025-03-31T15:02:47.917+0700 [DEBUG] [org.gradle.process.internal.health.memory.DefaultMemoryManager] 2348528844 virtual memory requested, 2184142848 free
2025-03-31T15:02:47.917+0700 [DEBUG] [org.gradle.workers.internal.WorkerDaemonExpiration] Will attempt to release 2239 of memory
2025-03-31T15:02:47.917+0700 [DEBUG] [org.gradle.process.internal.health.memory.DefaultMemoryManager] 2348528844 virtual memory requested, 0 released, 2184142848 free
2025-03-31T15:02:52.927+0700 [DEBUG] [org.gradle.process.internal.health.memory.DefaultMemoryManager] 2348528844 virtual memory requested, 2132742144 free
2025-03-31T15:02:52.927+0700 [DEBUG] [org.gradle.workers.internal.WorkerDaemonExpiration] Will attempt to release 2239 of memory
2025-03-31T15:02:52.927+0700 [DEBUG] [org.gradle.process.internal.health.memory.DefaultMemoryManager] 2348528844 virtual memory requested, 0 released, 2132742144 free
2025-03-31T15:02:55.611+0700 [DEBUG] [org.gradle.internal.watch.vfs.impl.WatchingVirtualFileSystem] Handling VFS change CREATED C:\Users\Administrator\AndroidStudioProjects\PrescriptionManagementApp\app\src\main\res\layout\activity_statistics.xml~
2025-03-31T15:02:55.613+0700 [DEBUG] [org.gradle.internal.watch.vfs.impl.WatchingVirtualFileSystem] Handling VFS change MODIFIED C:\Users\Administrator\AndroidStudioProjects\PrescriptionManagementApp\app\src\main\res\layout\activity_statistics.xml
2025-03-31T15:02:56.329+0700 [DEBUG] [org.gradle.cache.internal.DefaultFileLockManager] Waiting to acquire shared lock on daemon addresses registry.
2025-03-31T15:02:56.329+0700 [DEBUG] [org.gradle.cache.internal.DefaultFileLockManager] Lock acquired on daemon addresses registry.
2025-03-31T15:02:56.330+0700 [DEBUG] [org.gradle.cache.internal.DefaultFileLockManager] Releasing lock on daemon addresses registry.
2025-03-31T15:02:56.331+0700 [DEBUG] [org.gradle.cache.internal.DefaultFileLockManager] Waiting to acquire shared lock on daemon addresses registry.
2025-03-31T15:02:56.331+0700 [DEBUG] [org.gradle.cache.internal.DefaultFileLockManager] Lock acquired on daemon addresses registry.
2025-03-31T15:02:56.331+0700 [DEBUG] [org.gradle.cache.internal.DefaultFileLockManager] Releasing lock on daemon addresses registry.
2025-03-31T15:02:56.332+0700 [DEBUG] [org.gradle.cache.internal.DefaultFileLockManager] Waiting to acquire shared lock on daemon addresses registry.
2025-03-31T15:02:56.332+0700 [DEBUG] [org.gradle.cache.internal.DefaultFileLockManager] Lock acquired on daemon addresses registry.
2025-03-31T15:02:56.332+0700 [DEBUG] [org.gradle.cache.internal.DefaultFileLockManager] Releasing lock on daemon addresses registry.
2025-03-31T15:02:56.631+0700 [DEBUG] [org.gradle.internal.remote.internal.inet.TcpIncomingConnector] Accepted connection from /127.0.0.1:59047 to /127.0.0.1:58883.
2025-03-31T15:02:56.636+0700 [DEBUG] [org.gradle.launcher.daemon.server.SynchronizedDispatchConnection] thread 304: received class org.gradle.launcher.daemon.protocol.Build
2025-03-31T15:02:56.636+0700 [DEBUG] [org.gradle.launcher.daemon.server.DefaultDaemonConnection] thread 304: Received non-IO message from client: Build{id=5eb257cf-4f92-4772-9af5-aacd376e54a4, currentDir=C:\Users\Administrator\AndroidStudioProjects\PrescriptionManagementApp}
2025-03-31T15:02:56.636+0700 [INFO] [org.gradle.launcher.daemon.server.DefaultIncomingConnectionHandler] Received command: Build{id=5eb257cf-4f92-4772-9af5-aacd376e54a4, currentDir=C:\Users\Administrator\AndroidStudioProjects\PrescriptionManagementApp}.
2025-03-31T15:02:56.636+0700 [DEBUG] [org.gradle.launcher.daemon.server.DefaultIncomingConnectionHandler] Starting executing command: Build{id=5eb257cf-4f92-4772-9af5-aacd376e54a4, currentDir=C:\Users\Administrator\AndroidStudioProjects\PrescriptionManagementApp} with connection: socket connection from /127.0.0.1:58883 to /127.0.0.1:59047.
2025-03-31T15:02:56.637+0700 [DEBUG] [org.gradle.launcher.daemon.server.DaemonStateCoordinator] Command execution: started DaemonCommandExecution[command = Build{id=5eb257cf-4f92-4772-9af5-aacd376e54a4, currentDir=C:\Users\Administrator\AndroidStudioProjects\PrescriptionManagementApp}, connection = DefaultDaemonConnection: socket connection from /127.0.0.1:58883 to /127.0.0.1:59047] after 1.5629666666666668 minutes of idle
2025-03-31T15:02:56.637+0700 [INFO] [org.gradle.launcher.daemon.server.DaemonRegistryUpdater] Marking the daemon as busy, address: [585f90fc-9774-45e1-96e1-e03717c9af97 port:58883, addresses:[localhost/127.0.0.1]]
2025-03-31T15:02:56.637+0700 [DEBUG] [org.gradle.launcher.daemon.registry.PersistentDaemonRegistry] Marking busy by address: [585f90fc-9774-45e1-96e1-e03717c9af97 port:58883, addresses:[localhost/127.0.0.1]]
2025-03-31T15:02:56.638+0700 [DEBUG] [org.gradle.cache.internal.DefaultFileLockManager] Waiting to acquire exclusive lock on daemon addresses registry.
2025-03-31T15:02:56.638+0700 [DEBUG] [org.gradle.cache.internal.DefaultFileLockManager] Lock acquired on daemon addresses registry.
2025-03-31T15:02:56.639+0700 [DEBUG] [org.gradle.cache.internal.DefaultFileLockManager] Releasing lock on daemon addresses registry.
2025-03-31T15:02:56.640+0700 [DEBUG] [org.gradle.launcher.daemon.server.DaemonStateCoordinator] resetting idle timer
2025-03-31T15:02:56.640+0700 [DEBUG] [org.gradle.launcher.daemon.server.DaemonStateCoordinator] daemon is running. Sleeping until state changes.
2025-03-31T15:02:56.640+0700 [INFO] [org.gradle.launcher.daemon.server.exec.StartBuildOrRespondWithBusy] Daemon is about to start building Build{id=5eb257cf-4f92-4772-9af5-aacd376e54a4, currentDir=C:\Users\Administrator\AndroidStudioProjects\PrescriptionManagementApp}. Dispatching build started information...
2025-03-31T15:02:56.640+0700 [DEBUG] [org.gradle.launcher.daemon.server.SynchronizedDispatchConnection] thread 306: dispatching org.gradle.launcher.daemon.protocol.BuildStarted@7aef53e1
2025-03-31T15:02:56.641+0700 [DEBUG] [org.gradle.launcher.daemon.server.exec.EstablishBuildEnvironment] Configuring env variables: [USERDOMAIN_ROAMINGPROFILE, LOCALAPPDATA, PROCESSOR_LEVEL, USERDOMAIN, LOGONSERVER, FPS_BROWSER_APP_PROFILE_STRING, SESSIONNAME, ALLUSERSPROFILE, PROCESSOR_ARCHITECTURE, PSModulePath, SystemDrive, EFC_3896, OneDrive, MAVEN_HOME, APPDATA, NODEJS, USERNAME, ProgramFiles(x86), CommonProgramFiles, Path, FPS_BROWSER_USER_PROFILE_STRING, PATHEXT, DriverData, OS, COMPUTERNAME, PROCESSOR_REVISION, CommonProgramW6432, ComSpec, ProgramData, ProgramW6432, TEMP, HOMEPATH, SystemRoot, PROCESSOR_IDENTIFIER, HOMEDRIVE, USERPROFILE, TMP, CommonProgramFiles(x86), ProgramFiles, PUBLIC, windir, NUMBER_OF_PROCESSORS, Java17, =::]
2025-03-31T15:02:56.642+0700 [DEBUG] [org.gradle.launcher.daemon.server.exec.LogToClient] About to start relaying all logs to the client via the connection.
2025-03-31T15:02:56.642+0700 [INFO] [org.gradle.launcher.daemon.server.exec.LogToClient] The client will now receive all logging from the daemon (pid: 17800). The daemon log file: C:\Users\Administrator\AndroidStudioProjects\PrescriptionManagementApp\daemon\8.10.2\daemon-17800.out.log
2025-03-31T15:02:56.643+0700 [INFO] [org.gradle.launcher.daemon.server.exec.LogAndCheckHealth] Starting 3rd build in daemon [uptime: 2 mins 0.634 secs, performance: 99%, GC rate: 0.00/s, heap usage: 0% of 2 GiB]
2025-03-31T15:02:56.643+0700 [DEBUG] [org.gradle.launcher.daemon.server.exec.ExecuteBuild] The daemon has started executing the build.
2025-03-31T15:02:56.643+0700 [DEBUG] [org.gradle.launcher.daemon.server.exec.ExecuteBuild] Executing build with daemon context: DefaultDaemonContext[uid=89614fa2-7840-4de0-b7e2-71cce844aa28,javaHome=C:\Program Files\Android\Android Studio\jbr,javaVersion=21,javaVendor=JetBrains s.r.o.,daemonRegistryDir=C:\Users\Administrator\AndroidStudioProjects\PrescriptionManagementApp\daemon,pid=17800,idleTimeout=10800000,priority=NORMAL,applyInstrumentationAgent=true,nativeServicesMode=ENABLED,daemonOpts=--add-opens=java.base/java.util=ALL-UNNAMED,--add-opens=java.base/java.lang=ALL-UNNAMED,--add-opens=java.base/java.lang.invoke=ALL-UNNAMED,--add-opens=java.prefs/java.util.prefs=ALL-UNNAMED,--add-exports=jdk.compiler/com.sun.tools.javac.api=ALL-UNNAMED,--add-exports=jdk.compiler/com.sun.tools.javac.util=ALL-UNNAMED,--add-opens=java.base/java.nio.charset=ALL-UNNAMED,--add-opens=java.base/java.net=ALL-UNNAMED,--add-opens=java.base/java.util.concurrent.atomic=ALL-UNNAMED,-Xmx2048m,-Dfile.encoding=UTF-8,-Duser.country=US,-Duser.language=en,-Duser.variant]

BUILD SUCCESSFUL in 2s
31 actionable tasks: 8 executed, 23 up-to-date
2025-03-31T15:02:59.228+0700 [DEBUG] [org.gradle.launcher.daemon.server.exec.ExecuteBuild] The daemon has finished executing the build.
2025-03-31T15:02:59.245+0700 [DEBUG] [org.gradle.launcher.daemon.server.DaemonStateCoordinator] daemon is running. Sleeping until state changes.
2025-03-31T15:02:59.245+0700 [DEBUG] [org.gradle.launcher.daemon.server.DaemonStateCoordinator] Command execution: finished waiting for DaemonCommandExecution[command = Build{id=5eb257cf-4f92-4772-9af5-aacd376e54a4, currentDir=C:\Users\Administrator\AndroidStudioProjects\PrescriptionManagementApp}, connection = DefaultDaemonConnection: socket connection from /127.0.0.1:58883 to /127.0.0.1:59047]. Result org.gradle.launcher.daemon.server.DaemonStateCoordinator@27b9b66 with state Busy
2025-03-31T15:02:59.245+0700 [DEBUG] [org.gradle.launcher.daemon.server.DaemonStateCoordinator] Command execution: completed DaemonCommandExecution[command = Build{id=5eb257cf-4f92-4772-9af5-aacd376e54a4, currentDir=C:\Users\Administrator\AndroidStudioProjects\PrescriptionManagementApp}, connection = DefaultDaemonConnection: socket connection from /127.0.0.1:58883 to /127.0.0.1:59047]
2025-03-31T15:02:59.245+0700 [DEBUG] [org.gradle.launcher.daemon.server.DaemonStateCoordinator] resetting idle timer
2025-03-31T15:02:59.245+0700 [INFO] [org.gradle.launcher.daemon.server.DaemonRegistryUpdater] Marking the daemon as idle, address: [585f90fc-9774-45e1-96e1-e03717c9af97 port:58883, addresses:[localhost/127.0.0.1]]
2025-03-31T15:02:59.245+0700 [DEBUG] [org.gradle.launcher.daemon.registry.PersistentDaemonRegistry] Marking busy by address: [585f90fc-9774-45e1-96e1-e03717c9af97 port:58883, addresses:[localhost/127.0.0.1]]
2025-03-31T15:02:59.246+0700 [DEBUG] [org.gradle.cache.internal.DefaultFileLockManager] Waiting to acquire exclusive lock on daemon addresses registry.
2025-03-31T15:02:59.246+0700 [DEBUG] [org.gradle.cache.internal.DefaultFileLockManager] Lock acquired on daemon addresses registry.
2025-03-31T15:02:59.247+0700 [DEBUG] [org.gradle.cache.internal.DefaultFileLockManager] Releasing lock on daemon addresses registry.
2025-03-31T15:02:59.248+0700 [DEBUG] [org.gradle.launcher.daemon.server.DaemonStateCoordinator] daemon is running. Sleeping until state changes.
2025-03-31T15:02:59.248+0700 [DEBUG] [org.gradle.launcher.daemon.server.exec.ReturnResult] Daemon is dispatching the build result: Success[value=org.gradle.launcher.exec.BuildActionResult@663b4603]
2025-03-31T15:02:59.248+0700 [DEBUG] [org.gradle.launcher.daemon.server.SynchronizedDispatchConnection] thread 303: dispatching Success[value=org.gradle.launcher.exec.BuildActionResult@663b4603]
2025-03-31T15:02:59.248+0700 [DEBUG] [org.gradle.launcher.daemon.server.SynchronizedDispatchConnection] thread 304: received class org.gradle.launcher.daemon.protocol.CloseInput
2025-03-31T15:02:59.248+0700 [DEBUG] [org.gradle.launcher.daemon.server.DefaultIncomingConnectionHandler] Finishing executing command: Build{id=5eb257cf-4f92-4772-9af5-aacd376e54a4, currentDir=C:\Users\Administrator\AndroidStudioProjects\PrescriptionManagementApp}
2025-03-31T15:02:59.248+0700 [DEBUG] [org.gradle.launcher.daemon.server.exec.CleanUpVirtualFileSystemAfterBuild] Cleaning virtual file system after build finished
2025-03-31T15:02:59.248+0700 [DEBUG] [org.gradle.launcher.daemon.server.DefaultDaemonConnection] thread 304: Received IO message from client: org.gradle.launcher.daemon.protocol.CloseInput@18b60aa4
2025-03-31T15:02:59.249+0700 [DEBUG] [org.gradle.launcher.daemon.server.SynchronizedDispatchConnection] thread 304: received class org.gradle.launcher.daemon.protocol.Finished
2025-03-31T15:02:59.249+0700 [DEBUG] [org.gradle.launcher.daemon.server.DefaultDaemonConnection] thread 304: Received non-IO message from client: org.gradle.launcher.daemon.protocol.Finished@1671e7c2
2025-03-31T15:02:59.249+0700 [DEBUG] [org.gradle.launcher.daemon.server.DefaultIncomingConnectionHandler] Received finished message: org.gradle.launcher.daemon.protocol.Finished@1671e7c2
2025-03-31T15:02:59.249+0700 [DEBUG] [org.gradle.launcher.daemon.server.SynchronizedDispatchConnection] thread 303: stopping connection
2025-03-31T15:02:59.249+0700 [DEBUG] [org.gradle.internal.remote.internal.inet.SocketConnection] Discarding EOFException: java.io.EOFException
2025-03-31T15:02:59.249+0700 [DEBUG] [org.gradle.launcher.daemon.server.SynchronizedDispatchConnection] thread 304: received null
2025-03-31T15:02:59.249+0700 [DEBUG] [org.gradle.launcher.daemon.server.DefaultDaemonConnection] thread 304: Received end-of-input from client.
2025-03-31T15:02:59.249+0700 [DEBUG] [org.gradle.launcher.daemon.server.SynchronizedDispatchConnection] thread 303: stopping connection
2025-03-31T15:03:02.913+0700 [DEBUG] [org.gradle.process.internal.health.memory.DefaultMemoryManager] 2348528844 virtual memory requested, 1955966976 free
2025-03-31T15:03:02.913+0700 [DEBUG] [org.gradle.workers.internal.WorkerDaemonExpiration] Will attempt to release 2239 of memory
2025-03-31T15:03:02.914+0700 [DEBUG] [org.gradle.process.internal.health.memory.DefaultMemoryManager] 2348528844 virtual memory requested, 0 released, 1955966976 free
2025-03-31T15:03:06.332+0700 [DEBUG] [org.gradle.cache.internal.DefaultFileLockManager] Waiting to acquire shared lock on daemon addresses registry.
2025-03-31T15:03:06.333+0700 [DEBUG] [org.gradle.cache.internal.DefaultFileLockManager] Lock acquired on daemon addresses registry.
2025-03-31T15:03:06.333+0700 [DEBUG] [org.gradle.cache.internal.DefaultFileLockManager] Releasing lock on daemon addresses registry.
2025-03-31T15:03:06.334+0700 [DEBUG] [org.gradle.cache.internal.DefaultFileLockManager] Waiting to acquire shared lock on daemon addresses registry.
2025-03-31T15:03:06.334+0700 [DEBUG] [org.gradle.cache.internal.DefaultFileLockManager] Lock acquired on daemon addresses registry.
2025-03-31T15:03:06.335+0700 [DEBUG] [org.gradle.cache.internal.DefaultFileLockManager] Releasing lock on daemon addresses registry.
2025-03-31T15:03:07.923+0700 [DEBUG] [org.gradle.process.internal.health.memory.DefaultMemoryManager] 2348528844 virtual memory requested, 2078318592 free
2025-03-31T15:03:07.923+0700 [DEBUG] [org.gradle.workers.internal.WorkerDaemonExpiration] Will attempt to release 2239 of memory
2025-03-31T15:03:07.923+0700 [DEBUG] [org.gradle.process.internal.health.memory.DefaultMemoryManager] 2348528844 virtual memory requested, 0 released, 2078318592 free
2025-03-31T15:03:12.914+0700 [DEBUG] [org.gradle.process.internal.health.memory.DefaultMemoryManager] 2348528844 virtual memory requested, 2043080704 free
2025-03-31T15:03:12.914+0700 [DEBUG] [org.gradle.workers.internal.WorkerDaemonExpiration] Will attempt to release 2239 of memory
2025-03-31T15:03:12.914+0700 [DEBUG] [org.gradle.process.internal.health.memory.DefaultMemoryManager] 2348528844 virtual memory requested, 0 released, 2043080704 free
2025-03-31T15:03:16.340+0700 [DEBUG] [org.gradle.cache.internal.DefaultFileLockManager] Waiting to acquire shared lock on daemon addresses registry.
2025-03-31T15:03:16.340+0700 [DEBUG] [org.gradle.cache.internal.DefaultFileLockManager] Lock acquired on daemon addresses registry.
2025-03-31T15:03:16.340+0700 [DEBUG] [org.gradle.cache.internal.DefaultFileLockManager] Releasing lock on daemon addresses registry.
2025-03-31T15:03:16.341+0700 [DEBUG] [org.gradle.cache.internal.DefaultFileLockManager] Waiting to acquire shared lock on daemon addresses registry.
2025-03-31T15:03:16.341+0700 [DEBUG] [org.gradle.cache.internal.DefaultFileLockManager] Lock acquired on daemon addresses registry.
2025-03-31T15:03:16.341+0700 [DEBUG] [org.gradle.cache.internal.DefaultFileLockManager] Releasing lock on daemon addresses registry.
2025-03-31T15:03:16.342+0700 [DEBUG] [org.gradle.cache.internal.DefaultFileLockManager] Waiting to acquire shared lock on daemon addresses registry.
2025-03-31T15:03:16.342+0700 [DEBUG] [org.gradle.cache.internal.DefaultFileLockManager] Lock acquired on daemon addresses registry.
2025-03-31T15:03:16.342+0700 [DEBUG] [org.gradle.cache.internal.DefaultFileLockManager] Releasing lock on daemon addresses registry.
2025-03-31T15:03:17.924+0700 [DEBUG] [org.gradle.process.internal.health.memory.DefaultMemoryManager] 2348528844 virtual memory requested, 2023960576 free
2025-03-31T15:03:17.924+0700 [DEBUG] [org.gradle.workers.internal.WorkerDaemonExpiration] Will attempt to release 2239 of memory
2025-03-31T15:03:17.924+0700 [DEBUG] [org.gradle.process.internal.health.memory.DefaultMemoryManager] 2348528844 virtual memory requested, 0 released, 2023960576 free
2025-03-31T15:03:22.914+0700 [DEBUG] [org.gradle.process.internal.health.memory.DefaultMemoryManager] 2348528844 virtual memory requested, 2053926912 free
2025-03-31T15:03:22.914+0700 [DEBUG] [org.gradle.workers.internal.WorkerDaemonExpiration] Will attempt to release 2239 of memory
2025-03-31T15:03:22.914+0700 [DEBUG] [org.gradle.process.internal.health.memory.DefaultMemoryManager] 2348528844 virtual memory requested, 0 released, 2053926912 free
2025-03-31T15:03:26.338+0700 [DEBUG] [org.gradle.cache.internal.DefaultFileLockManager] Waiting to acquire shared lock on daemon addresses registry.
2025-03-31T15:03:26.338+0700 [DEBUG] [org.gradle.cache.internal.DefaultFileLockManager] Lock acquired on daemon addresses registry.
2025-03-31T15:03:26.338+0700 [DEBUG] [org.gradle.cache.internal.DefaultFileLockManager] Releasing lock on daemon addresses registry.
2025-03-31T15:03:26.339+0700 [DEBUG] [org.gradle.cache.internal.DefaultFileLockManager] Waiting to acquire shared lock on daemon addresses registry.
2025-03-31T15:03:26.340+0700 [DEBUG] [org.gradle.cache.internal.DefaultFileLockManager] Lock acquired on daemon addresses registry.
2025-03-31T15:03:26.340+0700 [DEBUG] [org.gradle.cache.internal.DefaultFileLockManager] Releasing lock on daemon addresses registry.
2025-03-31T15:03:26.341+0700 [DEBUG] [org.gradle.cache.internal.DefaultFileLockManager] Waiting to acquire shared lock on daemon addresses registry.
2025-03-31T15:03:26.341+0700 [DEBUG] [org.gradle.cache.internal.DefaultFileLockManager] Lock acquired on daemon addresses registry.
2025-03-31T15:03:26.341+0700 [DEBUG] [org.gradle.cache.internal.DefaultFileLockManager] Releasing lock on daemon addresses registry.
2025-03-31T15:03:27.912+0700 [DEBUG] [org.gradle.process.internal.health.memory.DefaultMemoryManager] 2348528844 virtual memory requested, 2053324800 free
2025-03-31T15:03:27.912+0700 [DEBUG] [org.gradle.workers.internal.WorkerDaemonExpiration] Will attempt to release 2239 of memory
2025-03-31T15:03:27.913+0700 [DEBUG] [org.gradle.process.internal.health.memory.DefaultMemoryManager] 2348528844 virtual memory requested, 0 released, 2053324800 free
2025-03-31T15:03:32.919+0700 [DEBUG] [org.gradle.process.internal.health.memory.DefaultMemoryManager] 2348528844 virtual memory requested, 2053038080 free
2025-03-31T15:03:32.919+0700 [DEBUG] [org.gradle.workers.internal.WorkerDaemonExpiration] Will attempt to release 2239 of memory
2025-03-31T15:03:32.919+0700 [DEBUG] [org.gradle.process.internal.health.memory.DefaultMemoryManager] 2348528844 virtual memory requested, 0 released, 2053038080 free
2025-03-31T15:03:36.334+0700 [DEBUG] [org.gradle.cache.internal.DefaultFileLockManager] Waiting to acquire shared lock on daemon addresses registry.
2025-03-31T15:03:36.334+0700 [DEBUG] [org.gradle.cache.internal.DefaultFileLockManager] Lock acquired on daemon addresses registry.
2025-03-31T15:03:36.334+0700 [DEBUG] [org.gradle.cache.internal.DefaultFileLockManager] Releasing lock on daemon addresses registry.
2025-03-31T15:03:36.335+0700 [DEBUG] [org.gradle.cache.internal.DefaultFileLockManager] Waiting to acquire shared lock on daemon addresses registry.
2025-03-31T15:03:36.335+0700 [DEBUG] [org.gradle.cache.internal.DefaultFileLockManager] Lock acquired on daemon addresses registry.
2025-03-31T15:03:36.336+0700 [DEBUG] [org.gradle.cache.internal.DefaultFileLockManager] Releasing lock on daemon addresses registry.
2025-03-31T15:03:36.336+0700 [DEBUG] [org.gradle.cache.internal.DefaultFileLockManager] Waiting to acquire shared lock on daemon addresses registry.
2025-03-31T15:03:36.336+0700 [DEBUG] [org.gradle.cache.internal.DefaultFileLockManager] Lock acquired on daemon addresses registry.
2025-03-31T15:03:36.337+0700 [DEBUG] [org.gradle.cache.internal.DefaultFileLockManager] Releasing lock on daemon addresses registry.
2025-03-31T15:03:37.919+0700 [DEBUG] [org.gradle.process.internal.health.memory.DefaultMemoryManager] 2348528844 virtual memory requested, 2083315712 free
2025-03-31T15:03:37.919+0700 [DEBUG] [org.gradle.workers.internal.WorkerDaemonExpiration] Will attempt to release 2239 of memory
2025-03-31T15:03:37.919+0700 [DEBUG] [org.gradle.process.internal.health.memory.DefaultMemoryManager] 2348528844 virtual memory requested, 0 released, 2083315712 free
2025-03-31T15:03:42.916+0700 [DEBUG] [org.gradle.process.internal.health.memory.DefaultMemoryManager] 2348528844 virtual memory requested, 2046746624 free
2025-03-31T15:03:42.916+0700 [DEBUG] [org.gradle.workers.internal.WorkerDaemonExpiration] Will attempt to release 2239 of memory
2025-03-31T15:03:42.916+0700 [DEBUG] [org.gradle.process.internal.health.memory.DefaultMemoryManager] 2348528844 virtual memory requested, 0 released, 2046746624 free
2025-03-31T15:03:46.343+0700 [DEBUG] [org.gradle.cache.internal.DefaultFileLockManager] Waiting to acquire shared lock on daemon addresses registry.
2025-03-31T15:03:46.343+0700 [DEBUG] [org.gradle.cache.internal.DefaultFileLockManager] Lock acquired on daemon addresses registry.
2025-03-31T15:03:46.343+0700 [DEBUG] [org.gradle.cache.internal.DefaultFileLockManager] Releasing lock on daemon addresses registry.
2025-03-31T15:03:46.344+0700 [DEBUG] [org.gradle.cache.internal.DefaultFileLockManager] Waiting to acquire shared lock on daemon addresses registry.
2025-03-31T15:03:46.344+0700 [DEBUG] [org.gradle.cache.internal.DefaultFileLockManager] Lock acquired on daemon addresses registry.
2025-03-31T15:03:46.344+0700 [DEBUG] [org.gradle.cache.internal.DefaultFileLockManager] Releasing lock on daemon addresses registry.
2025-03-31T15:03:46.345+0700 [DEBUG] [org.gradle.cache.internal.DefaultFileLockManager] Waiting to acquire shared lock on daemon addresses registry.
2025-03-31T15:03:46.345+0700 [DEBUG] [org.gradle.cache.internal.DefaultFileLockManager] Lock acquired on daemon addresses registry.
2025-03-31T15:03:46.345+0700 [DEBUG] [org.gradle.cache.internal.DefaultFileLockManager] Releasing lock on daemon addresses registry.
2025-03-31T15:03:47.912+0700 [DEBUG] [org.gradle.process.internal.health.memory.DefaultMemoryManager] 2348528844 virtual memory requested, 2044461056 free
2025-03-31T15:03:47.912+0700 [DEBUG] [org.gradle.workers.internal.WorkerDaemonExpiration] Will attempt to release 2239 of memory
2025-03-31T15:03:47.912+0700 [DEBUG] [org.gradle.process.internal.health.memory.DefaultMemoryManager] 2348528844 virtual memory requested, 0 released, 2044461056 free
2025-03-31T15:03:52.912+0700 [DEBUG] [org.gradle.process.internal.health.memory.DefaultMemoryManager] 2348528844 virtual memory requested, 2054021120 free
2025-03-31T15:03:52.913+0700 [DEBUG] [org.gradle.workers.internal.WorkerDaemonExpiration] Will attempt to release 2239 of memory
2025-03-31T15:03:52.913+0700 [DEBUG] [org.gradle.process.internal.health.memory.DefaultMemoryManager] 2348528844 virtual memory requested, 0 released, 2054021120 free
2025-03-31T15:03:56.339+0700 [DEBUG] [org.gradle.cache.internal.DefaultFileLockManager] Waiting to acquire shared lock on daemon addresses registry.
2025-03-31T15:03:56.339+0700 [DEBUG] [org.gradle.cache.internal.DefaultFileLockManager] Lock acquired on daemon addresses registry.
2025-03-31T15:03:56.339+0700 [DEBUG] [org.gradle.cache.internal.DefaultFileLockManager] Releasing lock on daemon addresses registry.
2025-03-31T15:03:56.340+0700 [DEBUG] [org.gradle.cache.internal.DefaultFileLockManager] Waiting to acquire shared lock on daemon addresses registry.
2025-03-31T15:03:56.340+0700 [DEBUG] [org.gradle.cache.internal.DefaultFileLockManager] Lock acquired on daemon addresses registry.
2025-03-31T15:03:56.340+0700 [DEBUG] [org.gradle.cache.internal.DefaultFileLockManager] Releasing lock on daemon addresses registry.
2025-03-31T15:03:56.341+0700 [DEBUG] [org.gradle.cache.internal.DefaultFileLockManager] Waiting to acquire shared lock on daemon addresses registry.
2025-03-31T15:03:56.341+0700 [DEBUG] [org.gradle.cache.internal.DefaultFileLockManager] Lock acquired on daemon addresses registry.
2025-03-31T15:03:56.341+0700 [DEBUG] [org.gradle.cache.internal.DefaultFileLockManager] Releasing lock on daemon addresses registry.
2025-03-31T15:03:57.921+0700 [DEBUG] [org.gradle.process.internal.health.memory.DefaultMemoryManager] 2348528844 virtual memory requested, 2061463552 free
2025-03-31T15:03:57.922+0700 [DEBUG] [org.gradle.workers.internal.WorkerDaemonExpiration] Will attempt to release 2239 of memory
2025-03-31T15:03:57.922+0700 [DEBUG] [org.gradle.process.internal.health.memory.DefaultMemoryManager] 2348528844 virtual memory requested, 0 released, 2061463552 free
2025-03-31T15:04:02.913+0700 [DEBUG] [org.gradle.process.internal.health.memory.DefaultMemoryManager] 2348528844 virtual memory requested, 2050072576 free
2025-03-31T15:04:02.913+0700 [DEBUG] [org.gradle.workers.internal.WorkerDaemonExpiration] Will attempt to release 2239 of memory
2025-03-31T15:04:02.913+0700 [DEBUG] [org.gradle.process.internal.health.memory.DefaultMemoryManager] 2348528844 virtual memory requested, 0 released, 2050072576 free
2025-03-31T15:04:06.333+0700 [DEBUG] [org.gradle.cache.internal.DefaultFileLockManager] Waiting to acquire shared lock on daemon addresses registry.
2025-03-31T15:04:06.333+0700 [DEBUG] [org.gradle.cache.internal.DefaultFileLockManager] Lock acquired on daemon addresses registry.
2025-03-31T15:04:06.333+0700 [DEBUG] [org.gradle.cache.internal.DefaultFileLockManager] Releasing lock on daemon addresses registry.
2025-03-31T15:04:06.334+0700 [DEBUG] [org.gradle.cache.internal.DefaultFileLockManager] Waiting to acquire shared lock on daemon addresses registry.
2025-03-31T15:04:06.334+0700 [DEBUG] [org.gradle.cache.internal.DefaultFileLockManager] Lock acquired on daemon addresses registry.
2025-03-31T15:04:06.334+0700 [DEBUG] [org.gradle.cache.internal.DefaultFileLockManager] Releasing lock on daemon addresses registry.
2025-03-31T15:04:06.335+0700 [DEBUG] [org.gradle.cache.internal.DefaultFileLockManager] Waiting to acquire shared lock on daemon addresses registry.
2025-03-31T15:04:06.335+0700 [DEBUG] [org.gradle.cache.internal.DefaultFileLockManager] Lock acquired on daemon addresses registry.
2025-03-31T15:04:06.335+0700 [DEBUG] [org.gradle.cache.internal.DefaultFileLockManager] Releasing lock on daemon addresses registry.
2025-03-31T15:04:07.919+0700 [DEBUG] [org.gradle.process.internal.health.memory.DefaultMemoryManager] 2348528844 virtual memory requested, 2085543936 free
2025-03-31T15:04:07.919+0700 [DEBUG] [org.gradle.workers.internal.WorkerDaemonExpiration] Will attempt to release 2239 of memory
2025-03-31T15:04:07.919+0700 [DEBUG] [org.gradle.process.internal.health.memory.DefaultMemoryManager] 2348528844 virtual memory requested, 0 released, 2085543936 free
2025-03-31T15:04:12.916+0700 [DEBUG] [org.gradle.process.internal.health.memory.DefaultMemoryManager] 2348528844 virtual memory requested, 2119110656 free
2025-03-31T15:04:12.916+0700 [DEBUG] [org.gradle.workers.internal.WorkerDaemonExpiration] Will attempt to release 2239 of memory
2025-03-31T15:04:12.916+0700 [DEBUG] [org.gradle.process.internal.health.memory.DefaultMemoryManager] 2348528844 virtual memory requested, 0 released, 2119110656 free
2025-03-31T15:04:16.333+0700 [DEBUG] [org.gradle.cache.internal.DefaultFileLockManager] Waiting to acquire shared lock on daemon addresses registry.
2025-03-31T15:04:16.333+0700 [DEBUG] [org.gradle.cache.internal.DefaultFileLockManager] Lock acquired on daemon addresses registry.
2025-03-31T15:04:16.334+0700 [DEBUG] [org.gradle.cache.internal.DefaultFileLockManager] Releasing lock on daemon addresses registry.
2025-03-31T15:04:16.334+0700 [DEBUG] [org.gradle.cache.internal.DefaultFileLockManager] Waiting to acquire shared lock on daemon addresses registry.
2025-03-31T15:04:16.335+0700 [DEBUG] [org.gradle.cache.internal.DefaultFileLockManager] Lock acquired on daemon addresses registry.
2025-03-31T15:04:16.335+0700 [DEBUG] [org.gradle.cache.internal.DefaultFileLockManager] Releasing lock on daemon addresses registry.
2025-03-31T15:04:16.336+0700 [DEBUG] [org.gradle.cache.internal.DefaultFileLockManager] Waiting to acquire shared lock on daemon addresses registry.
2025-03-31T15:04:16.336+0700 [DEBUG] [org.gradle.cache.internal.DefaultFileLockManager] Lock acquired on daemon addresses registry.
2025-03-31T15:04:16.336+0700 [DEBUG] [org.gradle.cache.internal.DefaultFileLockManager] Releasing lock on daemon addresses registry.
2025-03-31T15:04:26.334+0700 [DEBUG] [org.gradle.cache.internal.DefaultFileLockManager] Waiting to acquire shared lock on daemon addresses registry.
2025-03-31T15:04:26.334+0700 [DEBUG] [org.gradle.cache.internal.DefaultFileLockManager] Lock acquired on daemon addresses registry.
2025-03-31T15:04:26.334+0700 [DEBUG] [org.gradle.cache.internal.DefaultFileLockManager] Releasing lock on daemon addresses registry.
2025-03-31T15:04:26.335+0700 [DEBUG] [org.gradle.cache.internal.DefaultFileLockManager] Waiting to acquire shared lock on daemon addresses registry.
2025-03-31T15:04:26.335+0700 [DEBUG] [org.gradle.cache.internal.DefaultFileLockManager] Lock acquired on daemon addresses registry.
2025-03-31T15:04:26.335+0700 [DEBUG] [org.gradle.cache.internal.DefaultFileLockManager] Releasing lock on daemon addresses registry.
2025-03-31T15:04:26.336+0700 [DEBUG] [org.gradle.cache.internal.DefaultFileLockManager] Waiting to acquire shared lock on daemon addresses registry.
2025-03-31T15:04:26.336+0700 [DEBUG] [org.gradle.cache.internal.DefaultFileLockManager] Lock acquired on daemon addresses registry.
2025-03-31T15:04:26.336+0700 [DEBUG] [org.gradle.cache.internal.DefaultFileLockManager] Releasing lock on daemon addresses registry.
2025-03-31T15:04:36.338+0700 [DEBUG] [org.gradle.cache.internal.DefaultFileLockManager] Waiting to acquire shared lock on daemon addresses registry.
2025-03-31T15:04:36.339+0700 [DEBUG] [org.gradle.cache.internal.DefaultFileLockManager] Lock acquired on daemon addresses registry.
2025-03-31T15:04:36.339+0700 [DEBUG] [org.gradle.cache.internal.DefaultFileLockManager] Releasing lock on daemon addresses registry.
2025-03-31T15:04:36.340+0700 [DEBUG] [org.gradle.cache.internal.DefaultFileLockManager] Waiting to acquire shared lock on daemon addresses registry.
2025-03-31T15:04:36.340+0700 [DEBUG] [org.gradle.cache.internal.DefaultFileLockManager] Lock acquired on daemon addresses registry.
2025-03-31T15:04:36.340+0700 [DEBUG] [org.gradle.cache.internal.DefaultFileLockManager] Releasing lock on daemon addresses registry.
2025-03-31T15:04:36.341+0700 [DEBUG] [org.gradle.cache.internal.DefaultFileLockManager] Waiting to acquire shared lock on daemon addresses registry.
2025-03-31T15:04:36.341+0700 [DEBUG] [org.gradle.cache.internal.DefaultFileLockManager] Lock acquired on daemon addresses registry.
2025-03-31T15:04:36.341+0700 [DEBUG] [org.gradle.cache.internal.DefaultFileLockManager] Releasing lock on daemon addresses registry.
2025-03-31T15:04:46.341+0700 [DEBUG] [org.gradle.cache.internal.DefaultFileLockManager] Waiting to acquire shared lock on daemon addresses registry.
2025-03-31T15:04:46.342+0700 [DEBUG] [org.gradle.cache.internal.DefaultFileLockManager] Lock acquired on daemon addresses registry.
2025-03-31T15:04:46.342+0700 [DEBUG] [org.gradle.cache.internal.DefaultFileLockManager] Releasing lock on daemon addresses registry.
2025-03-31T15:04:46.343+0700 [DEBUG] [org.gradle.cache.internal.DefaultFileLockManager] Waiting to acquire shared lock on daemon addresses registry.
2025-03-31T15:04:46.343+0700 [DEBUG] [org.gradle.cache.internal.DefaultFileLockManager] Lock acquired on daemon addresses registry.
2025-03-31T15:04:46.343+0700 [DEBUG] [org.gradle.cache.internal.DefaultFileLockManager] Releasing lock on daemon addresses registry.
2025-03-31T15:04:46.344+0700 [DEBUG] [org.gradle.cache.internal.DefaultFileLockManager] Waiting to acquire shared lock on daemon addresses registry.
2025-03-31T15:04:46.344+0700 [DEBUG] [org.gradle.cache.internal.DefaultFileLockManager] Lock acquired on daemon addresses registry.
2025-03-31T15:04:46.345+0700 [DEBUG] [org.gradle.cache.internal.DefaultFileLockManager] Releasing lock on daemon addresses registry.
2025-03-31T15:04:56.340+0700 [DEBUG] [org.gradle.cache.internal.DefaultFileLockManager] Waiting to acquire shared lock on daemon addresses registry.
2025-03-31T15:04:56.341+0700 [DEBUG] [org.gradle.cache.internal.DefaultFileLockManager] Lock acquired on daemon addresses registry.
2025-03-31T15:04:56.341+0700 [DEBUG] [org.gradle.cache.internal.DefaultFileLockManager] Releasing lock on daemon addresses registry.
2025-03-31T15:04:56.342+0700 [DEBUG] [org.gradle.cache.internal.DefaultFileLockManager] Waiting to acquire shared lock on daemon addresses registry.
2025-03-31T15:04:56.342+0700 [DEBUG] [org.gradle.cache.internal.DefaultFileLockManager] Lock acquired on daemon addresses registry.
2025-03-31T15:04:56.342+0700 [DEBUG] [org.gradle.cache.internal.DefaultFileLockManager] Releasing lock on daemon addresses registry.
2025-03-31T15:04:56.343+0700 [DEBUG] [org.gradle.cache.internal.DefaultFileLockManager] Waiting to acquire shared lock on daemon addresses registry.
2025-03-31T15:04:56.343+0700 [DEBUG] [org.gradle.cache.internal.DefaultFileLockManager] Lock acquired on daemon addresses registry.
2025-03-31T15:04:56.343+0700 [DEBUG] [org.gradle.cache.internal.DefaultFileLockManager] Releasing lock on daemon addresses registry.
2025-03-31T15:05:06.338+0700 [DEBUG] [org.gradle.cache.internal.DefaultFileLockManager] Waiting to acquire shared lock on daemon addresses registry.
2025-03-31T15:05:06.338+0700 [DEBUG] [org.gradle.cache.internal.DefaultFileLockManager] Lock acquired on daemon addresses registry.
2025-03-31T15:05:06.338+0700 [DEBUG] [org.gradle.cache.internal.DefaultFileLockManager] Releasing lock on daemon addresses registry.
2025-03-31T15:05:06.339+0700 [DEBUG] [org.gradle.cache.internal.DefaultFileLockManager] Waiting to acquire shared lock on daemon addresses registry.
2025-03-31T15:05:06.339+0700 [DEBUG] [org.gradle.cache.internal.DefaultFileLockManager] Lock acquired on daemon addresses registry.
2025-03-31T15:05:06.339+0700 [DEBUG] [org.gradle.cache.internal.DefaultFileLockManager] Releasing lock on daemon addresses registry.
2025-03-31T15:05:06.340+0700 [DEBUG] [org.gradle.cache.internal.DefaultFileLockManager] Waiting to acquire shared lock on daemon addresses registry.
2025-03-31T15:05:06.340+0700 [DEBUG] [org.gradle.cache.internal.DefaultFileLockManager] Lock acquired on daemon addresses registry.
2025-03-31T15:05:06.340+0700 [DEBUG] [org.gradle.cache.internal.DefaultFileLockManager] Releasing lock on daemon addresses registry.
2025-03-31T15:05:16.333+0700 [DEBUG] [org.gradle.cache.internal.DefaultFileLockManager] Waiting to acquire shared lock on daemon addresses registry.
2025-03-31T15:05:16.333+0700 [DEBUG] [org.gradle.cache.internal.DefaultFileLockManager] Lock acquired on daemon addresses registry.
2025-03-31T15:05:16.333+0700 [DEBUG] [org.gradle.cache.internal.DefaultFileLockManager] Releasing lock on daemon addresses registry.
2025-03-31T15:05:16.334+0700 [DEBUG] [org.gradle.cache.internal.DefaultFileLockManager] Waiting to acquire shared lock on daemon addresses registry.
2025-03-31T15:05:16.334+0700 [DEBUG] [org.gradle.cache.internal.DefaultFileLockManager] Lock acquired on daemon addresses registry.
2025-03-31T15:05:16.334+0700 [DEBUG] [org.gradle.cache.internal.DefaultFileLockManager] Releasing lock on daemon addresses registry.
2025-03-31T15:05:16.335+0700 [DEBUG] [org.gradle.cache.internal.DefaultFileLockManager] Waiting to acquire shared lock on daemon addresses registry.
2025-03-31T15:05:16.335+0700 [DEBUG] [org.gradle.cache.internal.DefaultFileLockManager] Lock acquired on daemon addresses registry.
2025-03-31T15:05:16.335+0700 [DEBUG] [org.gradle.cache.internal.DefaultFileLockManager] Releasing lock on daemon addresses registry.
2025-03-31T15:05:26.330+0700 [DEBUG] [org.gradle.cache.internal.DefaultFileLockManager] Waiting to acquire shared lock on daemon addresses registry.
2025-03-31T15:05:26.330+0700 [DEBUG] [org.gradle.cache.internal.DefaultFileLockManager] Lock acquired on daemon addresses registry.
2025-03-31T15:05:26.331+0700 [DEBUG] [org.gradle.cache.internal.DefaultFileLockManager] Releasing lock on daemon addresses registry.
2025-03-31T15:05:26.331+0700 [DEBUG] [org.gradle.cache.internal.DefaultFileLockManager] Waiting to acquire shared lock on daemon addresses registry.
2025-03-31T15:05:26.331+0700 [DEBUG] [org.gradle.cache.internal.DefaultFileLockManager] Lock acquired on daemon addresses registry.
2025-03-31T15:05:26.332+0700 [DEBUG] [org.gradle.cache.internal.DefaultFileLockManager] Releasing lock on daemon addresses registry.
2025-03-31T15:05:26.332+0700 [DEBUG] [org.gradle.cache.internal.DefaultFileLockManager] Waiting to acquire shared lock on daemon addresses registry.
2025-03-31T15:05:26.332+0700 [DEBUG] [org.gradle.cache.internal.DefaultFileLockManager] Lock acquired on daemon addresses registry.
2025-03-31T15:05:26.333+0700 [DEBUG] [org.gradle.cache.internal.DefaultFileLockManager] Releasing lock on daemon addresses registry.
2025-03-31T15:05:36.342+0700 [DEBUG] [org.gradle.cache.internal.DefaultFileLockManager] Waiting to acquire shared lock on daemon addresses registry.
2025-03-31T15:05:36.343+0700 [DEBUG] [org.gradle.cache.internal.DefaultFileLockManager] Lock acquired on daemon addresses registry.
2025-03-31T15:05:36.343+0700 [DEBUG] [org.gradle.cache.internal.DefaultFileLockManager] Releasing lock on daemon addresses registry.
2025-03-31T15:05:36.344+0700 [DEBUG] [org.gradle.cache.internal.DefaultFileLockManager] Waiting to acquire shared lock on daemon addresses registry.
2025-03-31T15:05:36.344+0700 [DEBUG] [org.gradle.cache.internal.DefaultFileLockManager] Lock acquired on daemon addresses registry.
2025-03-31T15:05:36.344+0700 [DEBUG] [org.gradle.cache.internal.DefaultFileLockManager] Releasing lock on daemon addresses registry.
2025-03-31T15:05:36.345+0700 [DEBUG] [org.gradle.cache.internal.DefaultFileLockManager] Waiting to acquire shared lock on daemon addresses registry.
2025-03-31T15:05:36.345+0700 [DEBUG] [org.gradle.cache.internal.DefaultFileLockManager] Lock acquired on daemon addresses registry.
2025-03-31T15:05:36.345+0700 [DEBUG] [org.gradle.cache.internal.DefaultFileLockManager] Releasing lock on daemon addresses registry.
2025-03-31T15:05:46.343+0700 [DEBUG] [org.gradle.cache.internal.DefaultFileLockManager] Waiting to acquire shared lock on daemon addresses registry.
2025-03-31T15:05:46.344+0700 [DEBUG] [org.gradle.cache.internal.DefaultFileLockManager] Lock acquired on daemon addresses registry.
2025-03-31T15:05:46.344+0700 [DEBUG] [org.gradle.cache.internal.DefaultFileLockManager] Releasing lock on daemon addresses registry.
2025-03-31T15:05:46.345+0700 [DEBUG] [org.gradle.cache.internal.DefaultFileLockManager] Waiting to acquire shared lock on daemon addresses registry.
2025-03-31T15:05:46.345+0700 [DEBUG] [org.gradle.cache.internal.DefaultFileLockManager] Lock acquired on daemon addresses registry.
2025-03-31T15:05:46.345+0700 [DEBUG] [org.gradle.cache.internal.DefaultFileLockManager] Releasing lock on daemon addresses registry.
2025-03-31T15:05:46.346+0700 [DEBUG] [org.gradle.cache.internal.DefaultFileLockManager] Waiting to acquire shared lock on daemon addresses registry.
2025-03-31T15:05:46.346+0700 [DEBUG] [org.gradle.cache.internal.DefaultFileLockManager] Lock acquired on daemon addresses registry.
2025-03-31T15:05:46.346+0700 [DEBUG] [org.gradle.cache.internal.DefaultFileLockManager] Releasing lock on daemon addresses registry.
2025-03-31T15:05:56.341+0700 [DEBUG] [org.gradle.cache.internal.DefaultFileLockManager] Waiting to acquire shared lock on daemon addresses registry.
2025-03-31T15:05:56.341+0700 [DEBUG] [org.gradle.cache.internal.DefaultFileLockManager] Lock acquired on daemon addresses registry.
2025-03-31T15:05:56.341+0700 [DEBUG] [org.gradle.cache.internal.DefaultFileLockManager] Releasing lock on daemon addresses registry.
2025-03-31T15:05:56.342+0700 [DEBUG] [org.gradle.cache.internal.DefaultFileLockManager] Waiting to acquire shared lock on daemon addresses registry.
2025-03-31T15:05:56.342+0700 [DEBUG] [org.gradle.cache.internal.DefaultFileLockManager] Lock acquired on daemon addresses registry.
2025-03-31T15:05:56.342+0700 [DEBUG] [org.gradle.cache.internal.DefaultFileLockManager] Releasing lock on daemon addresses registry.
2025-03-31T15:05:56.343+0700 [DEBUG] [org.gradle.cache.internal.DefaultFileLockManager] Waiting to acquire shared lock on daemon addresses registry.
2025-03-31T15:05:56.343+0700 [DEBUG] [org.gradle.cache.internal.DefaultFileLockManager] Lock acquired on daemon addresses registry.
2025-03-31T15:05:56.343+0700 [DEBUG] [org.gradle.cache.internal.DefaultFileLockManager] Releasing lock on daemon addresses registry.
2025-03-31T15:06:06.334+0700 [DEBUG] [org.gradle.cache.internal.DefaultFileLockManager] Waiting to acquire shared lock on daemon addresses registry.
2025-03-31T15:06:06.334+0700 [DEBUG] [org.gradle.cache.internal.DefaultFileLockManager] Lock acquired on daemon addresses registry.
2025-03-31T15:06:06.334+0700 [DEBUG] [org.gradle.cache.internal.DefaultFileLockManager] Releasing lock on daemon addresses registry.
2025-03-31T15:06:06.335+0700 [DEBUG] [org.gradle.cache.internal.DefaultFileLockManager] Waiting to acquire shared lock on daemon addresses registry.
2025-03-31T15:06:06.335+0700 [DEBUG] [org.gradle.cache.internal.DefaultFileLockManager] Lock acquired on daemon addresses registry.
2025-03-31T15:06:06.335+0700 [DEBUG] [org.gradle.cache.internal.DefaultFileLockManager] Releasing lock on daemon addresses registry.
2025-03-31T15:06:06.336+0700 [DEBUG] [org.gradle.cache.internal.DefaultFileLockManager] Waiting to acquire shared lock on daemon addresses registry.
2025-03-31T15:06:06.336+0700 [DEBUG] [org.gradle.cache.internal.DefaultFileLockManager] Lock acquired on daemon addresses registry.
2025-03-31T15:06:06.336+0700 [DEBUG] [org.gradle.cache.internal.DefaultFileLockManager] Releasing lock on daemon addresses registry.
2025-03-31T15:06:16.337+0700 [DEBUG] [org.gradle.cache.internal.DefaultFileLockManager] Waiting to acquire shared lock on daemon addresses registry.
2025-03-31T15:06:16.338+0700 [DEBUG] [org.gradle.cache.internal.DefaultFileLockManager] Lock acquired on daemon addresses registry.
2025-03-31T15:06:16.338+0700 [DEBUG] [org.gradle.cache.internal.DefaultFileLockManager] Releasing lock on daemon addresses registry.
2025-03-31T15:06:16.339+0700 [DEBUG] [org.gradle.cache.internal.DefaultFileLockManager] Waiting to acquire shared lock on daemon addresses registry.
2025-03-31T15:06:16.339+0700 [DEBUG] [org.gradle.cache.internal.DefaultFileLockManager] Lock acquired on daemon addresses registry.
2025-03-31T15:06:16.339+0700 [DEBUG] [org.gradle.cache.internal.DefaultFileLockManager] Releasing lock on daemon addresses registry.
2025-03-31T15:06:16.340+0700 [DEBUG] [org.gradle.cache.internal.DefaultFileLockManager] Waiting to acquire shared lock on daemon addresses registry.
2025-03-31T15:06:16.340+0700 [DEBUG] [org.gradle.cache.internal.DefaultFileLockManager] Lock acquired on daemon addresses registry.
2025-03-31T15:06:16.340+0700 [DEBUG] [org.gradle.cache.internal.DefaultFileLockManager] Releasing lock on daemon addresses registry.
2025-03-31T15:06:26.337+0700 [DEBUG] [org.gradle.cache.internal.DefaultFileLockManager] Waiting to acquire shared lock on daemon addresses registry.
2025-03-31T15:06:26.337+0700 [DEBUG] [org.gradle.cache.internal.DefaultFileLockManager] Lock acquired on daemon addresses registry.
2025-03-31T15:06:26.337+0700 [DEBUG] [org.gradle.cache.internal.DefaultFileLockManager] Releasing lock on daemon addresses registry.
2025-03-31T15:06:26.338+0700 [DEBUG] [org.gradle.cache.internal.DefaultFileLockManager] Waiting to acquire shared lock on daemon addresses registry.
2025-03-31T15:06:26.338+0700 [DEBUG] [org.gradle.cache.internal.DefaultFileLockManager] Lock acquired on daemon addresses registry.
2025-03-31T15:06:26.338+0700 [DEBUG] [org.gradle.cache.internal.DefaultFileLockManager] Releasing lock on daemon addresses registry.
2025-03-31T15:06:26.339+0700 [DEBUG] [org.gradle.cache.internal.DefaultFileLockManager] Waiting to acquire shared lock on daemon addresses registry.
2025-03-31T15:06:26.339+0700 [DEBUG] [org.gradle.cache.internal.DefaultFileLockManager] Lock acquired on daemon addresses registry.
2025-03-31T15:06:26.340+0700 [DEBUG] [org.gradle.cache.internal.DefaultFileLockManager] Releasing lock on daemon addresses registry.
2025-03-31T15:06:33.874+0700 [DEBUG] [org.gradle.internal.watch.vfs.impl.WatchingVirtualFileSystem] Handling VFS change CREATED C:\Users\Administrator\AndroidStudioProjects\PrescriptionManagementApp\app\src\main\java\com\mad\prescriptionmanagementapp\ui\activity\StatisticByPrescription.java~
2025-03-31T15:06:33.876+0700 [DEBUG] [org.gradle.internal.watch.vfs.impl.WatchingVirtualFileSystem] Handling VFS change MODIFIED C:\Users\Administrator\AndroidStudioProjects\PrescriptionManagementApp\app\src\main\java\com\mad\prescriptionmanagementapp\ui\activity\StatisticByPrescription.java
2025-03-31T15:06:33.887+0700 [DEBUG] [org.gradle.internal.watch.vfs.impl.WatchingVirtualFileSystem] Handling VFS change MODIFIED C:\Users\Administrator\AndroidStudioProjects\PrescriptionManagementApp\app\src\main\java\com\mad\prescriptionmanagementapp\ui\activity\MainActivity.java
2025-03-31T15:06:33.917+0700 [DEBUG] [org.gradle.internal.remote.internal.inet.TcpIncomingConnector] Accepted connection from /127.0.0.1:59200 to /127.0.0.1:58883.
2025-03-31T15:06:33.922+0700 [DEBUG] [org.gradle.launcher.daemon.server.SynchronizedDispatchConnection] thread 403: received class org.gradle.launcher.daemon.protocol.Build
2025-03-31T15:06:33.922+0700 [DEBUG] [org.gradle.launcher.daemon.server.DefaultDaemonConnection] thread 403: Received non-IO message from client: Build{id=c3899cb4-2c39-4094-bc4c-b204145cd40f, currentDir=C:\Users\Administrator\AndroidStudioProjects\PrescriptionManagementApp}
2025-03-31T15:06:33.922+0700 [INFO] [org.gradle.launcher.daemon.server.DefaultIncomingConnectionHandler] Received command: Build{id=c3899cb4-2c39-4094-bc4c-b204145cd40f, currentDir=C:\Users\Administrator\AndroidStudioProjects\PrescriptionManagementApp}.
2025-03-31T15:06:33.922+0700 [DEBUG] [org.gradle.launcher.daemon.server.DefaultIncomingConnectionHandler] Starting executing command: Build{id=c3899cb4-2c39-4094-bc4c-b204145cd40f, currentDir=C:\Users\Administrator\AndroidStudioProjects\PrescriptionManagementApp} with connection: socket connection from /127.0.0.1:58883 to /127.0.0.1:59200.
2025-03-31T15:06:33.923+0700 [DEBUG] [org.gradle.launcher.daemon.server.DaemonStateCoordinator] Command execution: started DaemonCommandExecution[command = Build{id=c3899cb4-2c39-4094-bc4c-b204145cd40f, currentDir=C:\Users\Administrator\AndroidStudioProjects\PrescriptionManagementApp}, connection = DefaultDaemonConnection: socket connection from /127.0.0.1:58883 to /127.0.0.1:59200] after 3.577933333333333 minutes of idle
2025-03-31T15:06:33.923+0700 [INFO] [org.gradle.launcher.daemon.server.DaemonRegistryUpdater] Marking the daemon as busy, address: [585f90fc-9774-45e1-96e1-e03717c9af97 port:58883, addresses:[localhost/127.0.0.1]]
2025-03-31T15:06:33.923+0700 [DEBUG] [org.gradle.launcher.daemon.registry.PersistentDaemonRegistry] Marking busy by address: [585f90fc-9774-45e1-96e1-e03717c9af97 port:58883, addresses:[localhost/127.0.0.1]]
2025-03-31T15:06:33.924+0700 [DEBUG] [org.gradle.cache.internal.DefaultFileLockManager] Waiting to acquire exclusive lock on daemon addresses registry.
2025-03-31T15:06:33.924+0700 [DEBUG] [org.gradle.cache.internal.DefaultFileLockManager] Lock acquired on daemon addresses registry.
2025-03-31T15:06:33.925+0700 [DEBUG] [org.gradle.cache.internal.DefaultFileLockManager] Releasing lock on daemon addresses registry.
2025-03-31T15:06:33.925+0700 [DEBUG] [org.gradle.launcher.daemon.server.DaemonStateCoordinator] resetting idle timer
2025-03-31T15:06:33.926+0700 [DEBUG] [org.gradle.launcher.daemon.server.DaemonStateCoordinator] daemon is running. Sleeping until state changes.
2025-03-31T15:06:33.926+0700 [INFO] [org.gradle.launcher.daemon.server.exec.StartBuildOrRespondWithBusy] Daemon is about to start building Build{id=c3899cb4-2c39-4094-bc4c-b204145cd40f, currentDir=C:\Users\Administrator\AndroidStudioProjects\PrescriptionManagementApp}. Dispatching build started information...
2025-03-31T15:06:33.926+0700 [DEBUG] [org.gradle.launcher.daemon.server.SynchronizedDispatchConnection] thread 405: dispatching org.gradle.launcher.daemon.protocol.BuildStarted@65e348f4
2025-03-31T15:06:33.927+0700 [DEBUG] [org.gradle.launcher.daemon.server.exec.EstablishBuildEnvironment] Configuring env variables: [USERDOMAIN_ROAMINGPROFILE, LOCALAPPDATA, PROCESSOR_LEVEL, USERDOMAIN, LOGONSERVER, FPS_BROWSER_APP_PROFILE_STRING, SESSIONNAME, ALLUSERSPROFILE, PROCESSOR_ARCHITECTURE, PSModulePath, SystemDrive, EFC_3896, OneDrive, MAVEN_HOME, APPDATA, NODEJS, USERNAME, ProgramFiles(x86), CommonProgramFiles, Path, FPS_BROWSER_USER_PROFILE_STRING, PATHEXT, DriverData, OS, COMPUTERNAME, PROCESSOR_REVISION, CommonProgramW6432, ComSpec, ProgramData, ProgramW6432, TEMP, HOMEPATH, SystemRoot, PROCESSOR_IDENTIFIER, HOMEDRIVE, USERPROFILE, TMP, CommonProgramFiles(x86), ProgramFiles, PUBLIC, windir, NUMBER_OF_PROCESSORS, Java17, =::]
2025-03-31T15:06:33.928+0700 [DEBUG] [org.gradle.launcher.daemon.server.exec.LogToClient] About to start relaying all logs to the client via the connection.
2025-03-31T15:06:33.928+0700 [INFO] [org.gradle.launcher.daemon.server.exec.LogToClient] The client will now receive all logging from the daemon (pid: 17800). The daemon log file: C:\Users\Administrator\AndroidStudioProjects\PrescriptionManagementApp\daemon\8.10.2\daemon-17800.out.log
2025-03-31T15:06:33.929+0700 [INFO] [org.gradle.launcher.daemon.server.exec.LogAndCheckHealth] Starting 4th build in daemon [uptime: 5 mins 37.92 secs, performance: 99%, GC rate: 0.00/s, heap usage: 0% of 2 GiB]
2025-03-31T15:06:33.929+0700 [DEBUG] [org.gradle.launcher.daemon.server.exec.ExecuteBuild] The daemon has started executing the build.
2025-03-31T15:06:33.929+0700 [DEBUG] [org.gradle.launcher.daemon.server.exec.ExecuteBuild] Executing build with daemon context: DefaultDaemonContext[uid=89614fa2-7840-4de0-b7e2-71cce844aa28,javaHome=C:\Program Files\Android\Android Studio\jbr,javaVersion=21,javaVendor=JetBrains s.r.o.,daemonRegistryDir=C:\Users\Administrator\AndroidStudioProjects\PrescriptionManagementApp\daemon,pid=17800,idleTimeout=10800000,priority=NORMAL,applyInstrumentationAgent=true,nativeServicesMode=ENABLED,daemonOpts=--add-opens=java.base/java.util=ALL-UNNAMED,--add-opens=java.base/java.lang=ALL-UNNAMED,--add-opens=java.base/java.lang.invoke=ALL-UNNAMED,--add-opens=java.prefs/java.util.prefs=ALL-UNNAMED,--add-exports=jdk.compiler/com.sun.tools.javac.api=ALL-UNNAMED,--add-exports=jdk.compiler/com.sun.tools.javac.util=ALL-UNNAMED,--add-opens=java.base/java.nio.charset=ALL-UNNAMED,--add-opens=java.base/java.net=ALL-UNNAMED,--add-opens=java.base/java.util.concurrent.atomic=ALL-UNNAMED,-Xmx2048m,-Dfile.encoding=UTF-8,-Duser.country=US,-Duser.language=en,-Duser.variant]
C:\Users\Administrator\AndroidStudioProjects\PrescriptionManagementApp\app\src\main\java\com\mad\prescriptionmanagementapp\ui\activity\MainActivity.java:54: error: not an enclosing class: StatisticByPrescription
                    Toast.makeText(StatisticByPrescription.this, "Đã chọn: " + selectedItem, Toast.LENGTH_SHORT).show();
                                                          ^
1 error

FAILURE: Build failed with an exception.

* What went wrong:
Execution failed for task ':app:compileDebugJavaWithJavac'.
> Compilation failed; see the compiler error output for details.

* Try:
> Run with --info option to get more log output.
> Run with --scan to get full insights.

* Exception is:
org.gradle.api.tasks.TaskExecutionException: Execution failed for task ':app:compileDebugJavaWithJavac'.
	at org.gradle.api.internal.tasks.execution.ExecuteActionsTaskExecuter.lambda$executeIfValid$1(ExecuteActionsTaskExecuter.java:130)
	at org.gradle.internal.Try$Failure.ifSuccessfulOrElse(Try.java:293)
	at org.gradle.api.internal.tasks.execution.ExecuteActionsTaskExecuter.executeIfValid(ExecuteActionsTaskExecuter.java:128)
	at org.gradle.api.internal.tasks.execution.ExecuteActionsTaskExecuter.execute(ExecuteActionsTaskExecuter.java:116)
	at org.gradle.api.internal.tasks.execution.FinalizePropertiesTaskExecuter.execute(FinalizePropertiesTaskExecuter.java:46)
	at org.gradle.api.internal.tasks.execution.ResolveTaskExecutionModeExecuter.execute(ResolveTaskExecutionModeExecuter.java:51)
	at org.gradle.api.internal.tasks.execution.SkipTaskWithNoActionsExecuter.execute(SkipTaskWithNoActionsExecuter.java:57)
	at org.gradle.api.internal.tasks.execution.SkipOnlyIfTaskExecuter.execute(SkipOnlyIfTaskExecuter.java:74)
	at org.gradle.api.internal.tasks.execution.CatchExceptionTaskExecuter.execute(CatchExceptionTaskExecuter.java:36)
	at org.gradle.api.internal.tasks.execution.EventFiringTaskExecuter$1.executeTask(EventFiringTaskExecuter.java:77)
	at org.gradle.api.internal.tasks.execution.EventFiringTaskExecuter$1.call(EventFiringTaskExecuter.java:55)
	at org.gradle.api.internal.tasks.execution.EventFiringTaskExecuter$1.call(EventFiringTaskExecuter.java:52)
	at org.gradle.internal.operations.DefaultBuildOperationRunner$CallableBuildOperationWorker.execute(DefaultBuildOperationRunner.java:209)
	at org.gradle.internal.operations.DefaultBuildOperationRunner$CallableBuildOperationWorker.execute(DefaultBuildOperationRunner.java:204)
	at org.gradle.internal.operations.DefaultBuildOperationRunner$2.execute(DefaultBuildOperationRunner.java:66)
	at org.gradle.internal.operations.DefaultBuildOperationRunner$2.execute(DefaultBuildOperationRunner.java:59)
	at org.gradle.internal.operations.DefaultBuildOperationRunner.execute(DefaultBuildOperationRunner.java:166)
	at org.gradle.internal.operations.DefaultBuildOperationRunner.execute(DefaultBuildOperationRunner.java:59)
	at org.gradle.internal.operations.DefaultBuildOperationRunner.call(DefaultBuildOperationRunner.java:53)
	at org.gradle.api.internal.tasks.execution.EventFiringTaskExecuter.execute(EventFiringTaskExecuter.java:52)
	at org.gradle.execution.plan.LocalTaskNodeExecutor.execute(LocalTaskNodeExecutor.java:42)
	at org.gradle.execution.taskgraph.DefaultTaskExecutionGraph$InvokeNodeExecutorsAction.execute(DefaultTaskExecutionGraph.java:331)
	at org.gradle.execution.taskgraph.DefaultTaskExecutionGraph$InvokeNodeExecutorsAction.execute(DefaultTaskExecutionGraph.java:318)
	at org.gradle.execution.taskgraph.DefaultTaskExecutionGraph$BuildOperationAwareExecutionAction.lambda$execute$0(DefaultTaskExecutionGraph.java:314)
	at org.gradle.internal.operations.CurrentBuildOperationRef.with(CurrentBuildOperationRef.java:85)
	at org.gradle.execution.taskgraph.DefaultTaskExecutionGraph$BuildOperationAwareExecutionAction.execute(DefaultTaskExecutionGraph.java:314)
	at org.gradle.execution.taskgraph.DefaultTaskExecutionGraph$BuildOperationAwareExecutionAction.execute(DefaultTaskExecutionGraph.java:303)
	at org.gradle.execution.plan.DefaultPlanExecutor$ExecutorWorker.execute(DefaultPlanExecutor.java:459)
	at org.gradle.execution.plan.DefaultPlanExecutor$ExecutorWorker.run(DefaultPlanExecutor.java:376)
	at org.gradle.internal.concurrent.ExecutorPolicy$CatchAndRecordFailures.onExecute(ExecutorPolicy.java:64)
	at org.gradle.internal.concurrent.AbstractManagedExecutor$1.run(AbstractManagedExecutor.java:48)
Caused by: org.gradle.api.internal.tasks.compile.CompilationFailedException: Compilation failed; see the compiler error output for details.
	at org.gradle.api.internal.tasks.compile.JdkJavaCompiler.execute(JdkJavaCompiler.java:79)
	at org.gradle.api.internal.tasks.compile.JdkJavaCompiler.execute(JdkJavaCompiler.java:46)
	at org.gradle.api.internal.tasks.compile.NormalizingJavaCompiler.delegateAndHandleErrors(NormalizingJavaCompiler.java:98)
	at org.gradle.api.internal.tasks.compile.NormalizingJavaCompiler.execute(NormalizingJavaCompiler.java:52)
	at org.gradle.api.internal.tasks.compile.NormalizingJavaCompiler.execute(NormalizingJavaCompiler.java:38)
	at org.gradle.api.internal.tasks.compile.AnnotationProcessorDiscoveringCompiler.execute(AnnotationProcessorDiscoveringCompiler.java:52)
	at org.gradle.api.internal.tasks.compile.AnnotationProcessorDiscoveringCompiler.execute(AnnotationProcessorDiscoveringCompiler.java:38)
	at org.gradle.api.internal.tasks.compile.ModuleApplicationNameWritingCompiler.execute(ModuleApplicationNameWritingCompiler.java:46)
	at org.gradle.api.internal.tasks.compile.ModuleApplicationNameWritingCompiler.execute(ModuleApplicationNameWritingCompiler.java:36)
	at org.gradle.jvm.toolchain.internal.DefaultToolchainJavaCompiler.execute(DefaultToolchainJavaCompiler.java:57)
	at org.gradle.api.tasks.compile.JavaCompile.lambda$createToolchainCompiler$3(JavaCompile.java:204)
	at org.gradle.api.internal.tasks.compile.incremental.SelectiveCompiler.lambda$execute$0(SelectiveCompiler.java:101)
	at org.gradle.api.internal.tasks.compile.incremental.transaction.CompileTransaction.execute(CompileTransaction.java:108)
	at org.gradle.api.internal.tasks.compile.incremental.SelectiveCompiler.execute(SelectiveCompiler.java:95)
	at org.gradle.api.internal.tasks.compile.incremental.SelectiveCompiler.execute(SelectiveCompiler.java:44)
	at org.gradle.api.internal.tasks.compile.incremental.IncrementalResultStoringCompiler.execute(IncrementalResultStoringCompiler.java:66)
	at org.gradle.api.internal.tasks.compile.incremental.IncrementalResultStoringCompiler.execute(IncrementalResultStoringCompiler.java:52)
	at org.gradle.api.internal.tasks.compile.CompileJavaBuildOperationReportingCompiler$1.call(CompileJavaBuildOperationReportingCompiler.java:64)
	at org.gradle.api.internal.tasks.compile.CompileJavaBuildOperationReportingCompiler$1.call(CompileJavaBuildOperationReportingCompiler.java:48)
	at org.gradle.internal.operations.DefaultBuildOperationRunner$CallableBuildOperationWorker.execute(DefaultBuildOperationRunner.java:209)
	at org.gradle.internal.operations.DefaultBuildOperationRunner$CallableBuildOperationWorker.execute(DefaultBuildOperationRunner.java:204)
	at org.gradle.internal.operations.DefaultBuildOperationRunner$2.execute(DefaultBuildOperationRunner.java:66)
	at org.gradle.internal.operations.DefaultBuildOperationRunner$2.execute(DefaultBuildOperationRunner.java:59)
	at org.gradle.internal.operations.DefaultBuildOperationRunner.execute(DefaultBuildOperationRunner.java:166)
	at org.gradle.internal.operations.DefaultBuildOperationRunner.execute(DefaultBuildOperationRunner.java:59)
	at org.gradle.internal.operations.DefaultBuildOperationRunner.call(DefaultBuildOperationRunner.java:53)
	at org.gradle.api.internal.tasks.compile.CompileJavaBuildOperationReportingCompiler.execute(CompileJavaBuildOperationReportingCompiler.java:48)
	at org.gradle.api.tasks.compile.JavaCompile.performCompilation(JavaCompile.java:222)
	at org.gradle.api.tasks.compile.JavaCompile.performIncrementalCompilation(JavaCompile.java:163)
	at org.gradle.api.tasks.compile.JavaCompile.compile(JavaCompile.java:148)
	at java.base/jdk.internal.reflect.DirectMethodHandleAccessor.invoke(Unknown Source)
	at org.gradle.internal.reflect.JavaMethod.invoke(JavaMethod.java:125)
	at org.gradle.api.internal.project.taskfactory.IncrementalTaskAction.doExecute(IncrementalTaskAction.java:45)
	at org.gradle.api.internal.project.taskfactory.StandardTaskAction.execute(StandardTaskAction.java:51)
	at org.gradle.api.internal.project.taskfactory.IncrementalTaskAction.execute(IncrementalTaskAction.java:26)
	at org.gradle.api.internal.project.taskfactory.StandardTaskAction.execute(StandardTaskAction.java:29)
	at org.gradle.api.internal.tasks.execution.TaskExecution$3.run(TaskExecution.java:244)
	at org.gradle.internal.operations.DefaultBuildOperationRunner$1.execute(DefaultBuildOperationRunner.java:29)
	at org.gradle.internal.operations.DefaultBuildOperationRunner$1.execute(DefaultBuildOperationRunner.java:26)
	at org.gradle.internal.operations.DefaultBuildOperationRunner$2.execute(DefaultBuildOperationRunner.java:66)
	at org.gradle.internal.operations.DefaultBuildOperationRunner$2.execute(DefaultBuildOperationRunner.java:59)
	at org.gradle.internal.operations.DefaultBuildOperationRunner.execute(DefaultBuildOperationRunner.java:166)
	at org.gradle.internal.operations.DefaultBuildOperationRunner.execute(DefaultBuildOperationRunner.java:59)
	at org.gradle.internal.operations.DefaultBuildOperationRunner.run(DefaultBuildOperationRunner.java:47)
	at org.gradle.api.internal.tasks.execution.TaskExecution.executeAction(TaskExecution.java:229)
	at org.gradle.api.internal.tasks.execution.TaskExecution.executeActions(TaskExecution.java:212)
	at org.gradle.api.internal.tasks.execution.TaskExecution.executeWithPreviousOutputFiles(TaskExecution.java:195)
	at org.gradle.api.internal.tasks.execution.TaskExecution.execute(TaskExecution.java:162)
	at org.gradle.internal.execution.steps.ExecuteStep.executeInternal(ExecuteStep.java:105)
	at org.gradle.internal.execution.steps.ExecuteStep.access$000(ExecuteStep.java:44)
	at org.gradle.internal.execution.steps.ExecuteStep$1.call(ExecuteStep.java:59)
	at org.gradle.internal.execution.steps.ExecuteStep$1.call(ExecuteStep.java:56)
	at org.gradle.internal.operations.DefaultBuildOperationRunner$CallableBuildOperationWorker.execute(DefaultBuildOperationRunner.java:209)
	at org.gradle.internal.operations.DefaultBuildOperationRunner$CallableBuildOperationWorker.execute(DefaultBuildOperationRunner.java:204)
	at org.gradle.internal.operations.DefaultBuildOperationRunner$2.execute(DefaultBuildOperationRunner.java:66)
	at org.gradle.internal.operations.DefaultBuildOperationRunner$2.execute(DefaultBuildOperationRunner.java:59)
	at org.gradle.internal.operations.DefaultBuildOperationRunner.execute(DefaultBuildOperationRunner.java:166)
	at org.gradle.internal.operations.DefaultBuildOperationRunner.execute(DefaultBuildOperationRunner.java:59)
	at org.gradle.internal.operations.DefaultBuildOperationRunner.call(DefaultBuildOperationRunner.java:53)
	at org.gradle.internal.execution.steps.ExecuteStep.execute(ExecuteStep.java:56)
	at org.gradle.internal.execution.steps.ExecuteStep.execute(ExecuteStep.java:44)
	at org.gradle.internal.execution.steps.CancelExecutionStep.execute(CancelExecutionStep.java:42)
	at org.gradle.internal.execution.steps.TimeoutStep.executeWithoutTimeout(TimeoutStep.java:75)
	at org.gradle.internal.execution.steps.TimeoutStep.execute(TimeoutStep.java:55)
	at org.gradle.internal.execution.steps.PreCreateOutputParentsStep.execute(PreCreateOutputParentsStep.java:50)
	at org.gradle.internal.execution.steps.PreCreateOutputParentsStep.execute(PreCreateOutputParentsStep.java:28)
	at org.gradle.internal.execution.steps.RemovePreviousOutputsStep.execute(RemovePreviousOutputsStep.java:67)
	at org.gradle.internal.execution.steps.RemovePreviousOutputsStep.execute(RemovePreviousOutputsStep.java:37)
	at org.gradle.internal.execution.steps.BroadcastChangingOutputsStep.execute(BroadcastChangingOutputsStep.java:61)
	at org.gradle.internal.execution.steps.BroadcastChangingOutputsStep.execute(BroadcastChangingOutputsStep.java:26)
	at org.gradle.internal.execution.steps.CaptureOutputsAfterExecutionStep.execute(CaptureOutputsAfterExecutionStep.java:69)
	at org.gradle.internal.execution.steps.CaptureOutputsAfterExecutionStep.execute(CaptureOutputsAfterExecutionStep.java:46)
	at org.gradle.internal.execution.steps.ResolveInputChangesStep.execute(ResolveInputChangesStep.java:40)
	at org.gradle.internal.execution.steps.ResolveInputChangesStep.execute(ResolveInputChangesStep.java:29)
	at org.gradle.internal.execution.steps.BuildCacheStep.executeWithoutCache(BuildCacheStep.java:189)
	at org.gradle.internal.execution.steps.BuildCacheStep.lambda$execute$1(BuildCacheStep.java:75)
	at org.gradle.internal.Either$Right.fold(Either.java:175)
	at org.gradle.internal.execution.caching.CachingState.fold(CachingState.java:62)
	at org.gradle.internal.execution.steps.BuildCacheStep.execute(BuildCacheStep.java:73)
	at org.gradle.internal.execution.steps.BuildCacheStep.execute(BuildCacheStep.java:48)
	at org.gradle.internal.execution.steps.StoreExecutionStateStep.execute(StoreExecutionStateStep.java:46)
	at org.gradle.internal.execution.steps.StoreExecutionStateStep.execute(StoreExecutionStateStep.java:35)
	at org.gradle.internal.execution.steps.SkipUpToDateStep.executeBecause(SkipUpToDateStep.java:75)
	at org.gradle.internal.execution.steps.SkipUpToDateStep.lambda$execute$2(SkipUpToDateStep.java:53)
	at org.gradle.internal.execution.steps.SkipUpToDateStep.execute(SkipUpToDateStep.java:53)
	at org.gradle.internal.execution.steps.SkipUpToDateStep.execute(SkipUpToDateStep.java:35)
	at org.gradle.internal.execution.steps.legacy.MarkSnapshottingInputsFinishedStep.execute(MarkSnapshottingInputsFinishedStep.java:37)
	at org.gradle.internal.execution.steps.legacy.MarkSnapshottingInputsFinishedStep.execute(MarkSnapshottingInputsFinishedStep.java:27)
	at org.gradle.internal.execution.steps.ResolveIncrementalCachingStateStep.executeDelegate(ResolveIncrementalCachingStateStep.java:49)
	at org.gradle.internal.execution.steps.ResolveIncrementalCachingStateStep.executeDelegate(ResolveIncrementalCachingStateStep.java:27)
	at org.gradle.internal.execution.steps.AbstractResolveCachingStateStep.execute(AbstractResolveCachingStateStep.java:71)
	at org.gradle.internal.execution.steps.AbstractResolveCachingStateStep.execute(AbstractResolveCachingStateStep.java:39)
	at org.gradle.internal.execution.steps.ResolveChangesStep.execute(ResolveChangesStep.java:65)
	at org.gradle.internal.execution.steps.ResolveChangesStep.execute(ResolveChangesStep.java:36)
	at org.gradle.internal.execution.steps.ValidateStep.execute(ValidateStep.java:107)
	at org.gradle.internal.execution.steps.ValidateStep.execute(ValidateStep.java:56)
	at org.gradle.internal.execution.steps.AbstractCaptureStateBeforeExecutionStep.execute(AbstractCaptureStateBeforeExecutionStep.java:64)
	at org.gradle.internal.execution.steps.AbstractCaptureStateBeforeExecutionStep.execute(AbstractCaptureStateBeforeExecutionStep.java:43)
	at org.gradle.internal.execution.steps.AbstractSkipEmptyWorkStep.executeWithNonEmptySources(AbstractSkipEmptyWorkStep.java:125)
	at org.gradle.internal.execution.steps.AbstractSkipEmptyWorkStep.execute(AbstractSkipEmptyWorkStep.java:61)
	at org.gradle.internal.execution.steps.AbstractSkipEmptyWorkStep.execute(AbstractSkipEmptyWorkStep.java:36)
	at org.gradle.internal.execution.steps.legacy.MarkSnapshottingInputsStartedStep.execute(MarkSnapshottingInputsStartedStep.java:38)
	at org.gradle.internal.execution.steps.LoadPreviousExecutionStateStep.execute(LoadPreviousExecutionStateStep.java:36)
	at org.gradle.internal.execution.steps.LoadPreviousExecutionStateStep.execute(LoadPreviousExecutionStateStep.java:23)
	at org.gradle.internal.execution.steps.HandleStaleOutputsStep.execute(HandleStaleOutputsStep.java:75)
	at org.gradle.internal.execution.steps.HandleStaleOutputsStep.execute(HandleStaleOutputsStep.java:41)
	at org.gradle.internal.execution.steps.AssignMutableWorkspaceStep.lambda$execute$0(AssignMutableWorkspaceStep.java:35)
	at org.gradle.api.internal.tasks.execution.TaskExecution$4.withWorkspace(TaskExecution.java:289)
	at org.gradle.internal.execution.steps.AssignMutableWorkspaceStep.execute(AssignMutableWorkspaceStep.java:31)
	at org.gradle.internal.execution.steps.AssignMutableWorkspaceStep.execute(AssignMutableWorkspaceStep.java:22)
	at org.gradle.internal.execution.steps.ChoosePipelineStep.execute(ChoosePipelineStep.java:40)
	at org.gradle.internal.execution.steps.ChoosePipelineStep.execute(ChoosePipelineStep.java:23)
	at org.gradle.internal.execution.steps.ExecuteWorkBuildOperationFiringStep.lambda$execute$2(ExecuteWorkBuildOperationFiringStep.java:67)
	at org.gradle.internal.execution.steps.ExecuteWorkBuildOperationFiringStep.execute(ExecuteWorkBuildOperationFiringStep.java:67)
	at org.gradle.internal.execution.steps.ExecuteWorkBuildOperationFiringStep.execute(ExecuteWorkBuildOperationFiringStep.java:39)
	at org.gradle.internal.execution.steps.IdentityCacheStep.execute(IdentityCacheStep.java:46)
	at org.gradle.internal.execution.steps.IdentityCacheStep.execute(IdentityCacheStep.java:34)
	at org.gradle.internal.execution.steps.IdentifyStep.execute(IdentifyStep.java:48)
	at org.gradle.internal.execution.steps.IdentifyStep.execute(IdentifyStep.java:35)
	at org.gradle.internal.execution.impl.DefaultExecutionEngine$1.execute(DefaultExecutionEngine.java:61)
	at org.gradle.api.internal.tasks.execution.ExecuteActionsTaskExecuter.executeIfValid(ExecuteActionsTaskExecuter.java:127)
	at org.gradle.api.internal.tasks.execution.ExecuteActionsTaskExecuter.execute(ExecuteActionsTaskExecuter.java:116)
	at org.gradle.api.internal.tasks.execution.FinalizePropertiesTaskExecuter.execute(FinalizePropertiesTaskExecuter.java:46)
	at org.gradle.api.internal.tasks.execution.ResolveTaskExecutionModeExecuter.execute(ResolveTaskExecutionModeExecuter.java:51)
	at org.gradle.api.internal.tasks.execution.SkipTaskWithNoActionsExecuter.execute(SkipTaskWithNoActionsExecuter.java:57)
	at org.gradle.api.internal.tasks.execution.SkipOnlyIfTaskExecuter.execute(SkipOnlyIfTaskExecuter.java:74)
	at org.gradle.api.internal.tasks.execution.CatchExceptionTaskExecuter.execute(CatchExceptionTaskExecuter.java:36)
	at org.gradle.api.internal.tasks.execution.EventFiringTaskExecuter$1.executeTask(EventFiringTaskExecuter.java:77)
	at org.gradle.api.internal.tasks.execution.EventFiringTaskExecuter$1.call(EventFiringTaskExecuter.java:55)
	at org.gradle.api.internal.tasks.execution.EventFiringTaskExecuter$1.call(EventFiringTaskExecuter.java:52)
	at org.gradle.internal.operations.DefaultBuildOperationRunner$CallableBuildOperationWorker.execute(DefaultBuildOperationRunner.java:209)
	at org.gradle.internal.operations.DefaultBuildOperationRunner$CallableBuildOperationWorker.execute(DefaultBuildOperationRunner.java:204)
	at org.gradle.internal.operations.DefaultBuildOperationRunner$2.execute(DefaultBuildOperationRunner.java:66)
	at org.gradle.internal.operations.DefaultBuildOperationRunner$2.execute(DefaultBuildOperationRunner.java:59)
	at org.gradle.internal.operations.DefaultBuildOperationRunner.execute(DefaultBuildOperationRunner.java:166)
	at org.gradle.internal.operations.DefaultBuildOperationRunner.execute(DefaultBuildOperationRunner.java:59)
	at org.gradle.internal.operations.DefaultBuildOperationRunner.call(DefaultBuildOperationRunner.java:53)
	at org.gradle.api.internal.tasks.execution.EventFiringTaskExecuter.execute(EventFiringTaskExecuter.java:52)
	at org.gradle.execution.plan.LocalTaskNodeExecutor.execute(LocalTaskNodeExecutor.java:42)
	at org.gradle.execution.taskgraph.DefaultTaskExecutionGraph$InvokeNodeExecutorsAction.execute(DefaultTaskExecutionGraph.java:331)
	at org.gradle.execution.taskgraph.DefaultTaskExecutionGraph$InvokeNodeExecutorsAction.execute(DefaultTaskExecutionGraph.java:318)
	at org.gradle.execution.taskgraph.DefaultTaskExecutionGraph$BuildOperationAwareExecutionAction.lambda$execute$0(DefaultTaskExecutionGraph.java:314)
	at org.gradle.internal.operations.CurrentBuildOperationRef.with(CurrentBuildOperationRef.java:85)
	at org.gradle.execution.taskgraph.DefaultTaskExecutionGraph$BuildOperationAwareExecutionAction.execute(DefaultTaskExecutionGraph.java:314)
	at org.gradle.execution.taskgraph.DefaultTaskExecutionGraph$BuildOperationAwareExecutionAction.execute(DefaultTaskExecutionGraph.java:303)
	at org.gradle.execution.plan.DefaultPlanExecutor$ExecutorWorker.execute(DefaultPlanExecutor.java:459)
	at org.gradle.execution.plan.DefaultPlanExecutor$ExecutorWorker.run(DefaultPlanExecutor.java:376)
	at org.gradle.internal.concurrent.ExecutorPolicy$CatchAndRecordFailures.onExecute(ExecutorPolicy.java:64)
	at org.gradle.internal.concurrent.AbstractManagedExecutor$1.run(AbstractManagedExecutor.java:48)


BUILD FAILED in 1s
27 actionable tasks: 1 executed, 26 up-to-date
2025-03-31T15:06:35.333+0700 [DEBUG] [org.gradle.launcher.daemon.server.exec.ExecuteBuild] The daemon has finished executing the build.
2025-03-31T15:06:35.350+0700 [DEBUG] [org.gradle.launcher.daemon.server.DaemonStateCoordinator] daemon is running. Sleeping until state changes.
2025-03-31T15:06:35.351+0700 [DEBUG] [org.gradle.launcher.daemon.server.DaemonStateCoordinator] Command execution: finished waiting for DaemonCommandExecution[command = Build{id=c3899cb4-2c39-4094-bc4c-b204145cd40f, currentDir=C:\Users\Administrator\AndroidStudioProjects\PrescriptionManagementApp}, connection = DefaultDaemonConnection: socket connection from /127.0.0.1:58883 to /127.0.0.1:59200]. Result org.gradle.launcher.daemon.server.DaemonStateCoordinator@27b9b66 with state Busy
2025-03-31T15:06:35.351+0700 [DEBUG] [org.gradle.launcher.daemon.server.DaemonStateCoordinator] Command execution: completed DaemonCommandExecution[command = Build{id=c3899cb4-2c39-4094-bc4c-b204145cd40f, currentDir=C:\Users\Administrator\AndroidStudioProjects\PrescriptionManagementApp}, connection = DefaultDaemonConnection: socket connection from /127.0.0.1:58883 to /127.0.0.1:59200]
2025-03-31T15:06:35.351+0700 [DEBUG] [org.gradle.launcher.daemon.server.DaemonStateCoordinator] resetting idle timer
2025-03-31T15:06:35.351+0700 [INFO] [org.gradle.launcher.daemon.server.DaemonRegistryUpdater] Marking the daemon as idle, address: [585f90fc-9774-45e1-96e1-e03717c9af97 port:58883, addresses:[localhost/127.0.0.1]]
2025-03-31T15:06:35.351+0700 [DEBUG] [org.gradle.launcher.daemon.registry.PersistentDaemonRegistry] Marking busy by address: [585f90fc-9774-45e1-96e1-e03717c9af97 port:58883, addresses:[localhost/127.0.0.1]]
2025-03-31T15:06:35.352+0700 [DEBUG] [org.gradle.cache.internal.DefaultFileLockManager] Waiting to acquire exclusive lock on daemon addresses registry.
2025-03-31T15:06:35.352+0700 [DEBUG] [org.gradle.cache.internal.DefaultFileLockManager] Lock acquired on daemon addresses registry.
2025-03-31T15:06:35.354+0700 [DEBUG] [org.gradle.cache.internal.DefaultFileLockManager] Releasing lock on daemon addresses registry.
2025-03-31T15:06:35.354+0700 [DEBUG] [org.gradle.launcher.daemon.server.DaemonStateCoordinator] daemon is running. Sleeping until state changes.
2025-03-31T15:06:35.354+0700 [DEBUG] [org.gradle.launcher.daemon.server.exec.ReturnResult] Daemon is dispatching the build result: Success[value=org.gradle.launcher.exec.BuildActionResult@778b41bf]
2025-03-31T15:06:35.354+0700 [DEBUG] [org.gradle.launcher.daemon.server.SynchronizedDispatchConnection] thread 402: dispatching Success[value=org.gradle.launcher.exec.BuildActionResult@778b41bf]
2025-03-31T15:06:35.360+0700 [DEBUG] [org.gradle.launcher.daemon.server.DefaultIncomingConnectionHandler] Finishing executing command: Build{id=c3899cb4-2c39-4094-bc4c-b204145cd40f, currentDir=C:\Users\Administrator\AndroidStudioProjects\PrescriptionManagementApp}
2025-03-31T15:06:35.361+0700 [DEBUG] [org.gradle.launcher.daemon.server.exec.CleanUpVirtualFileSystemAfterBuild] Cleaning virtual file system after build finished
2025-03-31T15:06:35.371+0700 [DEBUG] [org.gradle.launcher.daemon.server.SynchronizedDispatchConnection] thread 403: received class org.gradle.launcher.daemon.protocol.CloseInput
2025-03-31T15:06:35.372+0700 [DEBUG] [org.gradle.launcher.daemon.server.DefaultDaemonConnection] thread 403: Received IO message from client: org.gradle.launcher.daemon.protocol.CloseInput@12785919
2025-03-31T15:06:35.372+0700 [DEBUG] [org.gradle.launcher.daemon.server.SynchronizedDispatchConnection] thread 403: received class org.gradle.launcher.daemon.protocol.Finished
2025-03-31T15:06:35.372+0700 [DEBUG] [org.gradle.launcher.daemon.server.DefaultDaemonConnection] thread 403: Received non-IO message from client: org.gradle.launcher.daemon.protocol.Finished@1cbfa526
2025-03-31T15:06:35.372+0700 [DEBUG] [org.gradle.launcher.daemon.server.DefaultIncomingConnectionHandler] Received finished message: org.gradle.launcher.daemon.protocol.Finished@1cbfa526
2025-03-31T15:06:35.372+0700 [DEBUG] [org.gradle.internal.remote.internal.inet.SocketConnection] Discarding EOFException: java.io.EOFException
2025-03-31T15:06:35.373+0700 [DEBUG] [org.gradle.launcher.daemon.server.SynchronizedDispatchConnection] thread 403: received null
2025-03-31T15:06:35.373+0700 [DEBUG] [org.gradle.launcher.daemon.server.SynchronizedDispatchConnection] thread 402: stopping connection
2025-03-31T15:06:35.373+0700 [DEBUG] [org.gradle.launcher.daemon.server.DefaultDaemonConnection] thread 403: Received end-of-input from client.
2025-03-31T15:06:35.374+0700 [DEBUG] [org.gradle.launcher.daemon.server.SynchronizedDispatchConnection] thread 402: stopping connection
2025-03-31T15:06:36.343+0700 [DEBUG] [org.gradle.cache.internal.DefaultFileLockManager] Waiting to acquire shared lock on daemon addresses registry.
2025-03-31T15:06:36.344+0700 [DEBUG] [org.gradle.cache.internal.DefaultFileLockManager] Lock acquired on daemon addresses registry.
2025-03-31T15:06:36.344+0700 [DEBUG] [org.gradle.cache.internal.DefaultFileLockManager] Releasing lock on daemon addresses registry.
2025-03-31T15:06:36.345+0700 [DEBUG] [org.gradle.cache.internal.DefaultFileLockManager] Waiting to acquire shared lock on daemon addresses registry.
2025-03-31T15:06:36.346+0700 [DEBUG] [org.gradle.cache.internal.DefaultFileLockManager] Lock acquired on daemon addresses registry.
2025-03-31T15:06:36.346+0700 [DEBUG] [org.gradle.cache.internal.DefaultFileLockManager] Releasing lock on daemon addresses registry.
2025-03-31T15:06:37.916+0700 [DEBUG] [org.gradle.process.internal.health.memory.DefaultMemoryManager] 2348528844 virtual memory requested, 2198876160 free
2025-03-31T15:06:37.916+0700 [DEBUG] [org.gradle.workers.internal.WorkerDaemonExpiration] Will attempt to release 2239 of memory
2025-03-31T15:06:37.916+0700 [DEBUG] [org.gradle.process.internal.health.memory.DefaultMemoryManager] 2348528844 virtual memory requested, 0 released, 2198876160 free
2025-03-31T15:06:42.925+0700 [DEBUG] [org.gradle.process.internal.health.memory.DefaultMemoryManager] 2348528844 virtual memory requested, 2109046784 free
2025-03-31T15:06:42.925+0700 [DEBUG] [org.gradle.workers.internal.WorkerDaemonExpiration] Will attempt to release 2239 of memory
2025-03-31T15:06:42.925+0700 [DEBUG] [org.gradle.process.internal.health.memory.DefaultMemoryManager] 2348528844 virtual memory requested, 0 released, 2109046784 free
2025-03-31T15:06:46.341+0700 [DEBUG] [org.gradle.cache.internal.DefaultFileLockManager] Waiting to acquire shared lock on daemon addresses registry.
2025-03-31T15:06:46.341+0700 [DEBUG] [org.gradle.cache.internal.DefaultFileLockManager] Lock acquired on daemon addresses registry.
2025-03-31T15:06:46.341+0700 [DEBUG] [org.gradle.cache.internal.DefaultFileLockManager] Releasing lock on daemon addresses registry.
2025-03-31T15:06:46.342+0700 [DEBUG] [org.gradle.cache.internal.DefaultFileLockManager] Waiting to acquire shared lock on daemon addresses registry.
2025-03-31T15:06:46.343+0700 [DEBUG] [org.gradle.cache.internal.DefaultFileLockManager] Lock acquired on daemon addresses registry.
2025-03-31T15:06:46.343+0700 [DEBUG] [org.gradle.cache.internal.DefaultFileLockManager] Releasing lock on daemon addresses registry.
2025-03-31T15:06:46.344+0700 [DEBUG] [org.gradle.cache.internal.DefaultFileLockManager] Waiting to acquire shared lock on daemon addresses registry.
2025-03-31T15:06:46.344+0700 [DEBUG] [org.gradle.cache.internal.DefaultFileLockManager] Lock acquired on daemon addresses registry.
2025-03-31T15:06:46.344+0700 [DEBUG] [org.gradle.cache.internal.DefaultFileLockManager] Releasing lock on daemon addresses registry.
2025-03-31T15:06:47.927+0700 [DEBUG] [org.gradle.process.internal.health.memory.DefaultMemoryManager] 2348528844 virtual memory requested, 2162110464 free
2025-03-31T15:06:47.927+0700 [DEBUG] [org.gradle.workers.internal.WorkerDaemonExpiration] Will attempt to release 2239 of memory
2025-03-31T15:06:47.927+0700 [DEBUG] [org.gradle.process.internal.health.memory.DefaultMemoryManager] 2348528844 virtual memory requested, 0 released, 2162110464 free
2025-03-31T15:06:48.864+0700 [DEBUG] [org.gradle.internal.watch.vfs.impl.WatchingVirtualFileSystem] Handling VFS change CREATED C:\Users\Administrator\AndroidStudioProjects\PrescriptionManagementApp\app\src\main\java\com\mad\prescriptionmanagementapp\ui\activity\MainActivity.java~
2025-03-31T15:06:48.867+0700 [DEBUG] [org.gradle.internal.watch.vfs.impl.WatchingVirtualFileSystem] Handling VFS change MODIFIED C:\Users\Administrator\AndroidStudioProjects\PrescriptionManagementApp\app\src\main\java\com\mad\prescriptionmanagementapp\ui\activity\MainActivity.java
2025-03-31T15:06:48.889+0700 [DEBUG] [org.gradle.internal.remote.internal.inet.TcpIncomingConnector] Accepted connection from /127.0.0.1:59281 to /127.0.0.1:58883.
2025-03-31T15:06:48.893+0700 [DEBUG] [org.gradle.launcher.daemon.server.SynchronizedDispatchConnection] thread 489: received class org.gradle.launcher.daemon.protocol.Build
2025-03-31T15:06:48.893+0700 [DEBUG] [org.gradle.launcher.daemon.server.DefaultDaemonConnection] thread 489: Received non-IO message from client: Build{id=445c27ce-1846-473b-bd1d-38391b0fe82e, currentDir=C:\Users\Administrator\AndroidStudioProjects\PrescriptionManagementApp}
2025-03-31T15:06:48.893+0700 [INFO] [org.gradle.launcher.daemon.server.DefaultIncomingConnectionHandler] Received command: Build{id=445c27ce-1846-473b-bd1d-38391b0fe82e, currentDir=C:\Users\Administrator\AndroidStudioProjects\PrescriptionManagementApp}.
2025-03-31T15:06:48.893+0700 [DEBUG] [org.gradle.launcher.daemon.server.DefaultIncomingConnectionHandler] Starting executing command: Build{id=445c27ce-1846-473b-bd1d-38391b0fe82e, currentDir=C:\Users\Administrator\AndroidStudioProjects\PrescriptionManagementApp} with connection: socket connection from /127.0.0.1:58883 to /127.0.0.1:59281.
2025-03-31T15:06:48.894+0700 [DEBUG] [org.gradle.launcher.daemon.server.DaemonStateCoordinator] Command execution: started DaemonCommandExecution[command = Build{id=445c27ce-1846-473b-bd1d-38391b0fe82e, currentDir=C:\Users\Administrator\AndroidStudioProjects\PrescriptionManagementApp}, connection = DefaultDaemonConnection: socket connection from /127.0.0.1:58883 to /127.0.0.1:59281] after 0.22569999999999998 minutes of idle
2025-03-31T15:06:48.894+0700 [INFO] [org.gradle.launcher.daemon.server.DaemonRegistryUpdater] Marking the daemon as busy, address: [585f90fc-9774-45e1-96e1-e03717c9af97 port:58883, addresses:[localhost/127.0.0.1]]
2025-03-31T15:06:48.894+0700 [DEBUG] [org.gradle.launcher.daemon.registry.PersistentDaemonRegistry] Marking busy by address: [585f90fc-9774-45e1-96e1-e03717c9af97 port:58883, addresses:[localhost/127.0.0.1]]
2025-03-31T15:06:48.894+0700 [DEBUG] [org.gradle.cache.internal.DefaultFileLockManager] Waiting to acquire exclusive lock on daemon addresses registry.
2025-03-31T15:06:48.895+0700 [DEBUG] [org.gradle.cache.internal.DefaultFileLockManager] Lock acquired on daemon addresses registry.
2025-03-31T15:06:48.895+0700 [DEBUG] [org.gradle.cache.internal.DefaultFileLockManager] Releasing lock on daemon addresses registry.
2025-03-31T15:06:48.896+0700 [DEBUG] [org.gradle.launcher.daemon.server.DaemonStateCoordinator] resetting idle timer
2025-03-31T15:06:48.896+0700 [DEBUG] [org.gradle.launcher.daemon.server.DaemonStateCoordinator] daemon is running. Sleeping until state changes.
2025-03-31T15:06:48.896+0700 [INFO] [org.gradle.launcher.daemon.server.exec.StartBuildOrRespondWithBusy] Daemon is about to start building Build{id=445c27ce-1846-473b-bd1d-38391b0fe82e, currentDir=C:\Users\Administrator\AndroidStudioProjects\PrescriptionManagementApp}. Dispatching build started information...
2025-03-31T15:06:48.896+0700 [DEBUG] [org.gradle.launcher.daemon.server.SynchronizedDispatchConnection] thread 405: dispatching org.gradle.launcher.daemon.protocol.BuildStarted@23793d75
2025-03-31T15:06:48.897+0700 [DEBUG] [org.gradle.launcher.daemon.server.exec.EstablishBuildEnvironment] Configuring env variables: [USERDOMAIN_ROAMINGPROFILE, LOCALAPPDATA, PROCESSOR_LEVEL, USERDOMAIN, LOGONSERVER, FPS_BROWSER_APP_PROFILE_STRING, SESSIONNAME, ALLUSERSPROFILE, PROCESSOR_ARCHITECTURE, PSModulePath, SystemDrive, EFC_3896, OneDrive, MAVEN_HOME, APPDATA, NODEJS, USERNAME, ProgramFiles(x86), CommonProgramFiles, Path, FPS_BROWSER_USER_PROFILE_STRING, PATHEXT, DriverData, OS, COMPUTERNAME, PROCESSOR_REVISION, CommonProgramW6432, ComSpec, ProgramData, ProgramW6432, TEMP, HOMEPATH, SystemRoot, PROCESSOR_IDENTIFIER, HOMEDRIVE, USERPROFILE, TMP, CommonProgramFiles(x86), ProgramFiles, PUBLIC, windir, NUMBER_OF_PROCESSORS, Java17, =::]
2025-03-31T15:06:48.897+0700 [DEBUG] [org.gradle.launcher.daemon.server.exec.LogToClient] About to start relaying all logs to the client via the connection.
2025-03-31T15:06:48.897+0700 [INFO] [org.gradle.launcher.daemon.server.exec.LogToClient] The client will now receive all logging from the daemon (pid: 17800). The daemon log file: C:\Users\Administrator\AndroidStudioProjects\PrescriptionManagementApp\daemon\8.10.2\daemon-17800.out.log
2025-03-31T15:06:48.898+0700 [INFO] [org.gradle.launcher.daemon.server.exec.LogAndCheckHealth] Starting 5th build in daemon [uptime: 5 mins 52.889 secs, performance: 99%, GC rate: 0.00/s, heap usage: 0% of 2 GiB]
2025-03-31T15:06:48.898+0700 [DEBUG] [org.gradle.launcher.daemon.server.exec.ExecuteBuild] The daemon has started executing the build.
2025-03-31T15:06:48.898+0700 [DEBUG] [org.gradle.launcher.daemon.server.exec.ExecuteBuild] Executing build with daemon context: DefaultDaemonContext[uid=89614fa2-7840-4de0-b7e2-71cce844aa28,javaHome=C:\Program Files\Android\Android Studio\jbr,javaVersion=21,javaVendor=JetBrains s.r.o.,daemonRegistryDir=C:\Users\Administrator\AndroidStudioProjects\PrescriptionManagementApp\daemon,pid=17800,idleTimeout=10800000,priority=NORMAL,applyInstrumentationAgent=true,nativeServicesMode=ENABLED,daemonOpts=--add-opens=java.base/java.util=ALL-UNNAMED,--add-opens=java.base/java.lang=ALL-UNNAMED,--add-opens=java.base/java.lang.invoke=ALL-UNNAMED,--add-opens=java.prefs/java.util.prefs=ALL-UNNAMED,--add-exports=jdk.compiler/com.sun.tools.javac.api=ALL-UNNAMED,--add-exports=jdk.compiler/com.sun.tools.javac.util=ALL-UNNAMED,--add-opens=java.base/java.nio.charset=ALL-UNNAMED,--add-opens=java.base/java.net=ALL-UNNAMED,--add-opens=java.base/java.util.concurrent.atomic=ALL-UNNAMED,-Xmx2048m,-Dfile.encoding=UTF-8,-Duser.country=US,-Duser.language=en,-Duser.variant]

BUILD SUCCESSFUL in 1s
31 actionable tasks: 4 executed, 27 up-to-date
2025-03-31T15:06:49.967+0700 [DEBUG] [org.gradle.launcher.daemon.server.exec.ExecuteBuild] The daemon has finished executing the build.
2025-03-31T15:06:49.983+0700 [DEBUG] [org.gradle.launcher.daemon.server.DaemonStateCoordinator] daemon is running. Sleeping until state changes.
2025-03-31T15:06:49.983+0700 [DEBUG] [org.gradle.launcher.daemon.server.DaemonStateCoordinator] Command execution: finished waiting for DaemonCommandExecution[command = Build{id=445c27ce-1846-473b-bd1d-38391b0fe82e, currentDir=C:\Users\Administrator\AndroidStudioProjects\PrescriptionManagementApp}, connection = DefaultDaemonConnection: socket connection from /127.0.0.1:58883 to /127.0.0.1:59281]. Result org.gradle.launcher.daemon.server.DaemonStateCoordinator@27b9b66 with state Busy
2025-03-31T15:06:49.983+0700 [DEBUG] [org.gradle.launcher.daemon.server.DaemonStateCoordinator] Command execution: completed DaemonCommandExecution[command = Build{id=445c27ce-1846-473b-bd1d-38391b0fe82e, currentDir=C:\Users\Administrator\AndroidStudioProjects\PrescriptionManagementApp}, connection = DefaultDaemonConnection: socket connection from /127.0.0.1:58883 to /127.0.0.1:59281]
2025-03-31T15:06:49.983+0700 [DEBUG] [org.gradle.launcher.daemon.server.DaemonStateCoordinator] resetting idle timer
2025-03-31T15:06:49.984+0700 [INFO] [org.gradle.launcher.daemon.server.DaemonRegistryUpdater] Marking the daemon as idle, address: [585f90fc-9774-45e1-96e1-e03717c9af97 port:58883, addresses:[localhost/127.0.0.1]]
2025-03-31T15:06:49.984+0700 [DEBUG] [org.gradle.launcher.daemon.registry.PersistentDaemonRegistry] Marking busy by address: [585f90fc-9774-45e1-96e1-e03717c9af97 port:58883, addresses:[localhost/127.0.0.1]]
2025-03-31T15:06:49.984+0700 [DEBUG] [org.gradle.cache.internal.DefaultFileLockManager] Waiting to acquire exclusive lock on daemon addresses registry.
2025-03-31T15:06:49.985+0700 [DEBUG] [org.gradle.cache.internal.DefaultFileLockManager] Lock acquired on daemon addresses registry.
2025-03-31T15:06:49.986+0700 [DEBUG] [org.gradle.cache.internal.DefaultFileLockManager] Releasing lock on daemon addresses registry.
2025-03-31T15:06:49.986+0700 [DEBUG] [org.gradle.launcher.daemon.server.DaemonStateCoordinator] daemon is running. Sleeping until state changes.
2025-03-31T15:06:49.986+0700 [DEBUG] [org.gradle.launcher.daemon.server.exec.ReturnResult] Daemon is dispatching the build result: Success[value=org.gradle.launcher.exec.BuildActionResult@54226603]
2025-03-31T15:06:49.987+0700 [DEBUG] [org.gradle.launcher.daemon.server.SynchronizedDispatchConnection] thread 402: dispatching Success[value=org.gradle.launcher.exec.BuildActionResult@54226603]
2025-03-31T15:06:49.987+0700 [DEBUG] [org.gradle.launcher.daemon.server.exec.CleanUpVirtualFileSystemAfterBuild] Cleaning virtual file system after build finished
2025-03-31T15:06:49.987+0700 [DEBUG] [org.gradle.launcher.daemon.server.DefaultIncomingConnectionHandler] Finishing executing command: Build{id=445c27ce-1846-473b-bd1d-38391b0fe82e, currentDir=C:\Users\Administrator\AndroidStudioProjects\PrescriptionManagementApp}
2025-03-31T15:06:49.987+0700 [DEBUG] [org.gradle.launcher.daemon.server.SynchronizedDispatchConnection] thread 489: received class org.gradle.launcher.daemon.protocol.CloseInput
2025-03-31T15:06:49.987+0700 [DEBUG] [org.gradle.launcher.daemon.server.DefaultDaemonConnection] thread 489: Received IO message from client: org.gradle.launcher.daemon.protocol.CloseInput@1fd601df
2025-03-31T15:06:49.987+0700 [DEBUG] [org.gradle.launcher.daemon.server.SynchronizedDispatchConnection] thread 489: received class org.gradle.launcher.daemon.protocol.Finished
2025-03-31T15:06:49.987+0700 [DEBUG] [org.gradle.launcher.daemon.server.DefaultDaemonConnection] thread 489: Received non-IO message from client: org.gradle.launcher.daemon.protocol.Finished@1111ec55
2025-03-31T15:06:49.988+0700 [DEBUG] [org.gradle.launcher.daemon.server.DefaultIncomingConnectionHandler] Received finished message: org.gradle.launcher.daemon.protocol.Finished@1111ec55
2025-03-31T15:06:49.988+0700 [DEBUG] [org.gradle.internal.remote.internal.inet.SocketConnection] Discarding EOFException: java.io.EOFException
2025-03-31T15:06:49.988+0700 [DEBUG] [org.gradle.launcher.daemon.server.SynchronizedDispatchConnection] thread 489: received null
2025-03-31T15:06:49.988+0700 [DEBUG] [org.gradle.launcher.daemon.server.DefaultDaemonConnection] thread 489: Received end-of-input from client.
2025-03-31T15:06:49.988+0700 [DEBUG] [org.gradle.launcher.daemon.server.SynchronizedDispatchConnection] thread 402: stopping connection
2025-03-31T15:06:49.988+0700 [DEBUG] [org.gradle.launcher.daemon.server.SynchronizedDispatchConnection] thread 402: stopping connection
2025-03-31T15:06:52.926+0700 [DEBUG] [org.gradle.process.internal.health.memory.DefaultMemoryManager] 2348528844 virtual memory requested, 1933524992 free
2025-03-31T15:06:52.926+0700 [DEBUG] [org.gradle.workers.internal.WorkerDaemonExpiration] Will attempt to release 2239 of memory
2025-03-31T15:06:52.926+0700 [DEBUG] [org.gradle.process.internal.health.memory.DefaultMemoryManager] 2348528844 virtual memory requested, 0 released, 1933524992 free
2025-03-31T15:06:56.333+0700 [DEBUG] [org.gradle.cache.internal.DefaultFileLockManager] Waiting to acquire shared lock on daemon addresses registry.
2025-03-31T15:06:56.334+0700 [DEBUG] [org.gradle.cache.internal.DefaultFileLockManager] Lock acquired on daemon addresses registry.
2025-03-31T15:06:56.335+0700 [DEBUG] [org.gradle.cache.internal.DefaultFileLockManager] Releasing lock on daemon addresses registry.
2025-03-31T15:06:56.336+0700 [DEBUG] [org.gradle.cache.internal.DefaultFileLockManager] Waiting to acquire shared lock on daemon addresses registry.
2025-03-31T15:06:56.337+0700 [DEBUG] [org.gradle.cache.internal.DefaultFileLockManager] Lock acquired on daemon addresses registry.
2025-03-31T15:06:56.337+0700 [DEBUG] [org.gradle.cache.internal.DefaultFileLockManager] Releasing lock on daemon addresses registry.
2025-03-31T15:06:57.919+0700 [DEBUG] [org.gradle.process.internal.health.memory.DefaultMemoryManager] 2348528844 virtual memory requested, 1913241600 free
2025-03-31T15:06:57.919+0700 [DEBUG] [org.gradle.workers.internal.WorkerDaemonExpiration] Will attempt to release 2239 of memory
2025-03-31T15:06:57.919+0700 [DEBUG] [org.gradle.process.internal.health.memory.DefaultMemoryManager] 2348528844 virtual memory requested, 0 released, 1913241600 free
2025-03-31T15:07:02.925+0700 [DEBUG] [org.gradle.process.internal.health.memory.DefaultMemoryManager] 2348528844 virtual memory requested, 2013990912 free
2025-03-31T15:07:02.925+0700 [DEBUG] [org.gradle.workers.internal.WorkerDaemonExpiration] Will attempt to release 2239 of memory
2025-03-31T15:07:02.925+0700 [DEBUG] [org.gradle.process.internal.health.memory.DefaultMemoryManager] 2348528844 virtual memory requested, 0 released, 2013990912 free
2025-03-31T15:07:06.331+0700 [DEBUG] [org.gradle.cache.internal.DefaultFileLockManager] Waiting to acquire shared lock on daemon addresses registry.
2025-03-31T15:07:06.331+0700 [DEBUG] [org.gradle.cache.internal.DefaultFileLockManager] Lock acquired on daemon addresses registry.
2025-03-31T15:07:06.331+0700 [DEBUG] [org.gradle.cache.internal.DefaultFileLockManager] Releasing lock on daemon addresses registry.
2025-03-31T15:07:06.332+0700 [DEBUG] [org.gradle.cache.internal.DefaultFileLockManager] Waiting to acquire shared lock on daemon addresses registry.
2025-03-31T15:07:06.332+0700 [DEBUG] [org.gradle.cache.internal.DefaultFileLockManager] Lock acquired on daemon addresses registry.
2025-03-31T15:07:06.332+0700 [DEBUG] [org.gradle.cache.internal.DefaultFileLockManager] Releasing lock on daemon addresses registry.
2025-03-31T15:07:06.333+0700 [DEBUG] [org.gradle.cache.internal.DefaultFileLockManager] Waiting to acquire shared lock on daemon addresses registry.
2025-03-31T15:07:06.333+0700 [DEBUG] [org.gradle.cache.internal.DefaultFileLockManager] Lock acquired on daemon addresses registry.
2025-03-31T15:07:06.333+0700 [DEBUG] [org.gradle.cache.internal.DefaultFileLockManager] Releasing lock on daemon addresses registry.
2025-03-31T15:07:07.928+0700 [DEBUG] [org.gradle.process.internal.health.memory.DefaultMemoryManager] 2348528844 virtual memory requested, 2092457984 free
2025-03-31T15:07:07.928+0700 [DEBUG] [org.gradle.workers.internal.WorkerDaemonExpiration] Will attempt to release 2239 of memory
2025-03-31T15:07:07.928+0700 [DEBUG] [org.gradle.process.internal.health.memory.DefaultMemoryManager] 2348528844 virtual memory requested, 0 released, 2092457984 free
2025-03-31T15:07:12.913+0700 [DEBUG] [org.gradle.process.internal.health.memory.DefaultMemoryManager] 2348528844 virtual memory requested, 2110242816 free
2025-03-31T15:07:12.913+0700 [DEBUG] [org.gradle.workers.internal.WorkerDaemonExpiration] Will attempt to release 2239 of memory
2025-03-31T15:07:12.913+0700 [DEBUG] [org.gradle.process.internal.health.memory.DefaultMemoryManager] 2348528844 virtual memory requested, 0 released, 2110242816 free
2025-03-31T15:07:16.334+0700 [DEBUG] [org.gradle.cache.internal.DefaultFileLockManager] Waiting to acquire shared lock on daemon addresses registry.
2025-03-31T15:07:16.334+0700 [DEBUG] [org.gradle.cache.internal.DefaultFileLockManager] Lock acquired on daemon addresses registry.
2025-03-31T15:07:16.334+0700 [DEBUG] [org.gradle.cache.internal.DefaultFileLockManager] Releasing lock on daemon addresses registry.
2025-03-31T15:07:16.335+0700 [DEBUG] [org.gradle.cache.internal.DefaultFileLockManager] Waiting to acquire shared lock on daemon addresses registry.
2025-03-31T15:07:16.335+0700 [DEBUG] [org.gradle.cache.internal.DefaultFileLockManager] Lock acquired on daemon addresses registry.
2025-03-31T15:07:16.335+0700 [DEBUG] [org.gradle.cache.internal.DefaultFileLockManager] Releasing lock on daemon addresses registry.
2025-03-31T15:07:16.336+0700 [DEBUG] [org.gradle.cache.internal.DefaultFileLockManager] Waiting to acquire shared lock on daemon addresses registry.
2025-03-31T15:07:16.336+0700 [DEBUG] [org.gradle.cache.internal.DefaultFileLockManager] Lock acquired on daemon addresses registry.
2025-03-31T15:07:16.336+0700 [DEBUG] [org.gradle.cache.internal.DefaultFileLockManager] Releasing lock on daemon addresses registry.
2025-03-31T15:07:17.923+0700 [DEBUG] [org.gradle.process.internal.health.memory.DefaultMemoryManager] 2348528844 virtual memory requested, 2136227840 free
2025-03-31T15:07:17.923+0700 [DEBUG] [org.gradle.workers.internal.WorkerDaemonExpiration] Will attempt to release 2239 of memory
2025-03-31T15:07:17.923+0700 [DEBUG] [org.gradle.process.internal.health.memory.DefaultMemoryManager] 2348528844 virtual memory requested, 0 released, 2136227840 free
2025-03-31T15:07:22.922+0700 [DEBUG] [org.gradle.process.internal.health.memory.DefaultMemoryManager] 2348528844 virtual memory requested, 2142273536 free
2025-03-31T15:07:22.922+0700 [DEBUG] [org.gradle.workers.internal.WorkerDaemonExpiration] Will attempt to release 2239 of memory
2025-03-31T15:07:22.922+0700 [DEBUG] [org.gradle.process.internal.health.memory.DefaultMemoryManager] 2348528844 virtual memory requested, 0 released, 2142273536 free
2025-03-31T15:07:26.344+0700 [DEBUG] [org.gradle.cache.internal.DefaultFileLockManager] Waiting to acquire shared lock on daemon addresses registry.
2025-03-31T15:07:26.344+0700 [DEBUG] [org.gradle.cache.internal.DefaultFileLockManager] Lock acquired on daemon addresses registry.
2025-03-31T15:07:26.345+0700 [DEBUG] [org.gradle.cache.internal.DefaultFileLockManager] Releasing lock on daemon addresses registry.
2025-03-31T15:07:26.346+0700 [DEBUG] [org.gradle.cache.internal.DefaultFileLockManager] Waiting to acquire shared lock on daemon addresses registry.
2025-03-31T15:07:26.346+0700 [DEBUG] [org.gradle.cache.internal.DefaultFileLockManager] Lock acquired on daemon addresses registry.
2025-03-31T15:07:26.346+0700 [DEBUG] [org.gradle.cache.internal.DefaultFileLockManager] Releasing lock on daemon addresses registry.
2025-03-31T15:07:26.347+0700 [DEBUG] [org.gradle.cache.internal.DefaultFileLockManager] Waiting to acquire shared lock on daemon addresses registry.
2025-03-31T15:07:26.348+0700 [DEBUG] [org.gradle.cache.internal.DefaultFileLockManager] Lock acquired on daemon addresses registry.
2025-03-31T15:07:26.348+0700 [DEBUG] [org.gradle.cache.internal.DefaultFileLockManager] Releasing lock on daemon addresses registry.
2025-03-31T15:07:27.927+0700 [DEBUG] [org.gradle.process.internal.health.memory.DefaultMemoryManager] 2348528844 virtual memory requested, 2119598080 free
2025-03-31T15:07:27.927+0700 [DEBUG] [org.gradle.workers.internal.WorkerDaemonExpiration] Will attempt to release 2239 of memory
2025-03-31T15:07:27.927+0700 [DEBUG] [org.gradle.process.internal.health.memory.DefaultMemoryManager] 2348528844 virtual memory requested, 0 released, 2119598080 free
2025-03-31T15:07:32.915+0700 [DEBUG] [org.gradle.process.internal.health.memory.DefaultMemoryManager] 2348528844 virtual memory requested, 2115723264 free
2025-03-31T15:07:32.915+0700 [DEBUG] [org.gradle.workers.internal.WorkerDaemonExpiration] Will attempt to release 2239 of memory
2025-03-31T15:07:32.915+0700 [DEBUG] [org.gradle.process.internal.health.memory.DefaultMemoryManager] 2348528844 virtual memory requested, 0 released, 2115723264 free
2025-03-31T15:07:36.331+0700 [DEBUG] [org.gradle.cache.internal.DefaultFileLockManager] Waiting to acquire shared lock on daemon addresses registry.
2025-03-31T15:07:36.331+0700 [DEBUG] [org.gradle.cache.internal.DefaultFileLockManager] Lock acquired on daemon addresses registry.
2025-03-31T15:07:36.331+0700 [DEBUG] [org.gradle.cache.internal.DefaultFileLockManager] Releasing lock on daemon addresses registry.
2025-03-31T15:07:36.333+0700 [DEBUG] [org.gradle.cache.internal.DefaultFileLockManager] Waiting to acquire shared lock on daemon addresses registry.
2025-03-31T15:07:36.333+0700 [DEBUG] [org.gradle.cache.internal.DefaultFileLockManager] Lock acquired on daemon addresses registry.
2025-03-31T15:07:36.333+0700 [DEBUG] [org.gradle.cache.internal.DefaultFileLockManager] Releasing lock on daemon addresses registry.
2025-03-31T15:07:36.335+0700 [DEBUG] [org.gradle.cache.internal.DefaultFileLockManager] Waiting to acquire shared lock on daemon addresses registry.
2025-03-31T15:07:36.335+0700 [DEBUG] [org.gradle.cache.internal.DefaultFileLockManager] Lock acquired on daemon addresses registry.
2025-03-31T15:07:36.335+0700 [DEBUG] [org.gradle.cache.internal.DefaultFileLockManager] Releasing lock on daemon addresses registry.
2025-03-31T15:07:37.919+0700 [DEBUG] [org.gradle.process.internal.health.memory.DefaultMemoryManager] 2348528844 virtual memory requested, 2123259904 free
2025-03-31T15:07:37.919+0700 [DEBUG] [org.gradle.workers.internal.WorkerDaemonExpiration] Will attempt to release 2239 of memory
2025-03-31T15:07:37.919+0700 [DEBUG] [org.gradle.process.internal.health.memory.DefaultMemoryManager] 2348528844 virtual memory requested, 0 released, 2123259904 free
2025-03-31T15:07:42.914+0700 [DEBUG] [org.gradle.process.internal.health.memory.DefaultMemoryManager] 2348528844 virtual memory requested, 2080075776 free
2025-03-31T15:07:42.915+0700 [DEBUG] [org.gradle.workers.internal.WorkerDaemonExpiration] Will attempt to release 2239 of memory
2025-03-31T15:07:42.915+0700 [DEBUG] [org.gradle.process.internal.health.memory.DefaultMemoryManager] 2348528844 virtual memory requested, 0 released, 2080075776 free
2025-03-31T15:07:46.337+0700 [DEBUG] [org.gradle.cache.internal.DefaultFileLockManager] Waiting to acquire shared lock on daemon addresses registry.
2025-03-31T15:07:46.337+0700 [DEBUG] [org.gradle.cache.internal.DefaultFileLockManager] Lock acquired on daemon addresses registry.
2025-03-31T15:07:46.337+0700 [DEBUG] [org.gradle.cache.internal.DefaultFileLockManager] Releasing lock on daemon addresses registry.
2025-03-31T15:07:46.338+0700 [DEBUG] [org.gradle.cache.internal.DefaultFileLockManager] Waiting to acquire shared lock on daemon addresses registry.
2025-03-31T15:07:46.338+0700 [DEBUG] [org.gradle.cache.internal.DefaultFileLockManager] Lock acquired on daemon addresses registry.
2025-03-31T15:07:46.338+0700 [DEBUG] [org.gradle.cache.internal.DefaultFileLockManager] Releasing lock on daemon addresses registry.
2025-03-31T15:07:46.339+0700 [DEBUG] [org.gradle.cache.internal.DefaultFileLockManager] Waiting to acquire shared lock on daemon addresses registry.
2025-03-31T15:07:46.339+0700 [DEBUG] [org.gradle.cache.internal.DefaultFileLockManager] Lock acquired on daemon addresses registry.
2025-03-31T15:07:46.339+0700 [DEBUG] [org.gradle.cache.internal.DefaultFileLockManager] Releasing lock on daemon addresses registry.
2025-03-31T15:07:47.918+0700 [DEBUG] [org.gradle.process.internal.health.memory.DefaultMemoryManager] 2348528844 virtual memory requested, 2079551488 free
2025-03-31T15:07:47.918+0700 [DEBUG] [org.gradle.workers.internal.WorkerDaemonExpiration] Will attempt to release 2239 of memory
2025-03-31T15:07:47.918+0700 [DEBUG] [org.gradle.process.internal.health.memory.DefaultMemoryManager] 2348528844 virtual memory requested, 0 released, 2079551488 free
2025-03-31T15:07:52.913+0700 [DEBUG] [org.gradle.process.internal.health.memory.DefaultMemoryManager] 2348528844 virtual memory requested, 2119876608 free
2025-03-31T15:07:52.913+0700 [DEBUG] [org.gradle.workers.internal.WorkerDaemonExpiration] Will attempt to release 2239 of memory
2025-03-31T15:07:52.913+0700 [DEBUG] [org.gradle.process.internal.health.memory.DefaultMemoryManager] 2348528844 virtual memory requested, 0 released, 2119876608 free
2025-03-31T15:07:56.340+0700 [DEBUG] [org.gradle.cache.internal.DefaultFileLockManager] Waiting to acquire shared lock on daemon addresses registry.
2025-03-31T15:07:56.341+0700 [DEBUG] [org.gradle.cache.internal.DefaultFileLockManager] Lock acquired on daemon addresses registry.
2025-03-31T15:07:56.341+0700 [DEBUG] [org.gradle.cache.internal.DefaultFileLockManager] Releasing lock on daemon addresses registry.
2025-03-31T15:07:56.342+0700 [DEBUG] [org.gradle.cache.internal.DefaultFileLockManager] Waiting to acquire shared lock on daemon addresses registry.
2025-03-31T15:07:56.342+0700 [DEBUG] [org.gradle.cache.internal.DefaultFileLockManager] Lock acquired on daemon addresses registry.
2025-03-31T15:07:56.342+0700 [DEBUG] [org.gradle.cache.internal.DefaultFileLockManager] Releasing lock on daemon addresses registry.
2025-03-31T15:07:56.343+0700 [DEBUG] [org.gradle.cache.internal.DefaultFileLockManager] Waiting to acquire shared lock on daemon addresses registry.
2025-03-31T15:07:56.343+0700 [DEBUG] [org.gradle.cache.internal.DefaultFileLockManager] Lock acquired on daemon addresses registry.
2025-03-31T15:07:56.343+0700 [DEBUG] [org.gradle.cache.internal.DefaultFileLockManager] Releasing lock on daemon addresses registry.
2025-03-31T15:07:57.923+0700 [DEBUG] [org.gradle.process.internal.health.memory.DefaultMemoryManager] 2348528844 virtual memory requested, 1940578304 free
2025-03-31T15:07:57.923+0700 [DEBUG] [org.gradle.workers.internal.WorkerDaemonExpiration] Will attempt to release 2239 of memory
2025-03-31T15:07:57.923+0700 [DEBUG] [org.gradle.process.internal.health.memory.DefaultMemoryManager] 2348528844 virtual memory requested, 0 released, 1940578304 free
2025-03-31T15:08:02.928+0700 [DEBUG] [org.gradle.process.internal.health.memory.DefaultMemoryManager] 2348528844 virtual memory requested, 1940303872 free
2025-03-31T15:08:02.928+0700 [DEBUG] [org.gradle.workers.internal.WorkerDaemonExpiration] Will attempt to release 2239 of memory
2025-03-31T15:08:02.928+0700 [DEBUG] [org.gradle.process.internal.health.memory.DefaultMemoryManager] 2348528844 virtual memory requested, 0 released, 1940303872 free
2025-03-31T15:08:06.336+0700 [DEBUG] [org.gradle.cache.internal.DefaultFileLockManager] Waiting to acquire shared lock on daemon addresses registry.
2025-03-31T15:08:06.336+0700 [DEBUG] [org.gradle.cache.internal.DefaultFileLockManager] Lock acquired on daemon addresses registry.
2025-03-31T15:08:06.337+0700 [DEBUG] [org.gradle.cache.internal.DefaultFileLockManager] Releasing lock on daemon addresses registry.
2025-03-31T15:08:06.338+0700 [DEBUG] [org.gradle.cache.internal.DefaultFileLockManager] Waiting to acquire shared lock on daemon addresses registry.
2025-03-31T15:08:06.338+0700 [DEBUG] [org.gradle.cache.internal.DefaultFileLockManager] Lock acquired on daemon addresses registry.
2025-03-31T15:08:06.338+0700 [DEBUG] [org.gradle.cache.internal.DefaultFileLockManager] Releasing lock on daemon addresses registry.
2025-03-31T15:08:06.339+0700 [DEBUG] [org.gradle.cache.internal.DefaultFileLockManager] Waiting to acquire shared lock on daemon addresses registry.
2025-03-31T15:08:06.339+0700 [DEBUG] [org.gradle.cache.internal.DefaultFileLockManager] Lock acquired on daemon addresses registry.
2025-03-31T15:08:06.339+0700 [DEBUG] [org.gradle.cache.internal.DefaultFileLockManager] Releasing lock on daemon addresses registry.
2025-03-31T15:08:16.342+0700 [DEBUG] [org.gradle.cache.internal.DefaultFileLockManager] Waiting to acquire shared lock on daemon addresses registry.
2025-03-31T15:08:16.342+0700 [DEBUG] [org.gradle.cache.internal.DefaultFileLockManager] Lock acquired on daemon addresses registry.
2025-03-31T15:08:16.342+0700 [DEBUG] [org.gradle.cache.internal.DefaultFileLockManager] Releasing lock on daemon addresses registry.
2025-03-31T15:08:16.343+0700 [DEBUG] [org.gradle.cache.internal.DefaultFileLockManager] Waiting to acquire shared lock on daemon addresses registry.
2025-03-31T15:08:16.344+0700 [DEBUG] [org.gradle.cache.internal.DefaultFileLockManager] Lock acquired on daemon addresses registry.
2025-03-31T15:08:16.345+0700 [DEBUG] [org.gradle.cache.internal.DefaultFileLockManager] Releasing lock on daemon addresses registry.
2025-03-31T15:08:16.345+0700 [DEBUG] [org.gradle.cache.internal.DefaultFileLockManager] Waiting to acquire shared lock on daemon addresses registry.
2025-03-31T15:08:16.346+0700 [DEBUG] [org.gradle.cache.internal.DefaultFileLockManager] Lock acquired on daemon addresses registry.
2025-03-31T15:08:16.346+0700 [DEBUG] [org.gradle.cache.internal.DefaultFileLockManager] Releasing lock on daemon addresses registry.
2025-03-31T15:08:26.330+0700 [DEBUG] [org.gradle.cache.internal.DefaultFileLockManager] Waiting to acquire shared lock on daemon addresses registry.
2025-03-31T15:08:26.331+0700 [DEBUG] [org.gradle.cache.internal.DefaultFileLockManager] Lock acquired on daemon addresses registry.
2025-03-31T15:08:26.331+0700 [DEBUG] [org.gradle.cache.internal.DefaultFileLockManager] Releasing lock on daemon addresses registry.
2025-03-31T15:08:26.332+0700 [DEBUG] [org.gradle.cache.internal.DefaultFileLockManager] Waiting to acquire shared lock on daemon addresses registry.
2025-03-31T15:08:26.332+0700 [DEBUG] [org.gradle.cache.internal.DefaultFileLockManager] Lock acquired on daemon addresses registry.
2025-03-31T15:08:26.332+0700 [DEBUG] [org.gradle.cache.internal.DefaultFileLockManager] Releasing lock on daemon addresses registry.
2025-03-31T15:08:26.333+0700 [DEBUG] [org.gradle.cache.internal.DefaultFileLockManager] Waiting to acquire shared lock on daemon addresses registry.
2025-03-31T15:08:26.333+0700 [DEBUG] [org.gradle.cache.internal.DefaultFileLockManager] Lock acquired on daemon addresses registry.
2025-03-31T15:08:26.333+0700 [DEBUG] [org.gradle.cache.internal.DefaultFileLockManager] Releasing lock on daemon addresses registry.
2025-03-31T15:08:36.340+0700 [DEBUG] [org.gradle.cache.internal.DefaultFileLockManager] Waiting to acquire shared lock on daemon addresses registry.
2025-03-31T15:08:36.340+0700 [DEBUG] [org.gradle.cache.internal.DefaultFileLockManager] Lock acquired on daemon addresses registry.
2025-03-31T15:08:36.340+0700 [DEBUG] [org.gradle.cache.internal.DefaultFileLockManager] Releasing lock on daemon addresses registry.
2025-03-31T15:08:36.341+0700 [DEBUG] [org.gradle.cache.internal.DefaultFileLockManager] Waiting to acquire shared lock on daemon addresses registry.
2025-03-31T15:08:36.341+0700 [DEBUG] [org.gradle.cache.internal.DefaultFileLockManager] Lock acquired on daemon addresses registry.
2025-03-31T15:08:36.341+0700 [DEBUG] [org.gradle.cache.internal.DefaultFileLockManager] Releasing lock on daemon addresses registry.
2025-03-31T15:08:36.342+0700 [DEBUG] [org.gradle.cache.internal.DefaultFileLockManager] Waiting to acquire shared lock on daemon addresses registry.
2025-03-31T15:08:36.342+0700 [DEBUG] [org.gradle.cache.internal.DefaultFileLockManager] Lock acquired on daemon addresses registry.
2025-03-31T15:08:36.342+0700 [DEBUG] [org.gradle.cache.internal.DefaultFileLockManager] Releasing lock on daemon addresses registry.
2025-03-31T15:08:46.343+0700 [DEBUG] [org.gradle.cache.internal.DefaultFileLockManager] Waiting to acquire shared lock on daemon addresses registry.
2025-03-31T15:08:46.343+0700 [DEBUG] [org.gradle.cache.internal.DefaultFileLockManager] Lock acquired on daemon addresses registry.
2025-03-31T15:08:46.343+0700 [DEBUG] [org.gradle.cache.internal.DefaultFileLockManager] Releasing lock on daemon addresses registry.
2025-03-31T15:08:46.344+0700 [DEBUG] [org.gradle.cache.internal.DefaultFileLockManager] Waiting to acquire shared lock on daemon addresses registry.
2025-03-31T15:08:46.344+0700 [DEBUG] [org.gradle.cache.internal.DefaultFileLockManager] Lock acquired on daemon addresses registry.
2025-03-31T15:08:46.344+0700 [DEBUG] [org.gradle.cache.internal.DefaultFileLockManager] Releasing lock on daemon addresses registry.
2025-03-31T15:08:46.345+0700 [DEBUG] [org.gradle.cache.internal.DefaultFileLockManager] Waiting to acquire shared lock on daemon addresses registry.
2025-03-31T15:08:46.345+0700 [DEBUG] [org.gradle.cache.internal.DefaultFileLockManager] Lock acquired on daemon addresses registry.
2025-03-31T15:08:46.345+0700 [DEBUG] [org.gradle.cache.internal.DefaultFileLockManager] Releasing lock on daemon addresses registry.
2025-03-31T15:08:56.334+0700 [DEBUG] [org.gradle.cache.internal.DefaultFileLockManager] Waiting to acquire shared lock on daemon addresses registry.
2025-03-31T15:08:56.334+0700 [DEBUG] [org.gradle.cache.internal.DefaultFileLockManager] Lock acquired on daemon addresses registry.
2025-03-31T15:08:56.335+0700 [DEBUG] [org.gradle.cache.internal.DefaultFileLockManager] Releasing lock on daemon addresses registry.
2025-03-31T15:08:56.336+0700 [DEBUG] [org.gradle.cache.internal.DefaultFileLockManager] Waiting to acquire shared lock on daemon addresses registry.
2025-03-31T15:08:56.336+0700 [DEBUG] [org.gradle.cache.internal.DefaultFileLockManager] Lock acquired on daemon addresses registry.
2025-03-31T15:08:56.336+0700 [DEBUG] [org.gradle.cache.internal.DefaultFileLockManager] Releasing lock on daemon addresses registry.
2025-03-31T15:08:56.336+0700 [DEBUG] [org.gradle.cache.internal.DefaultFileLockManager] Waiting to acquire shared lock on daemon addresses registry.
2025-03-31T15:08:56.336+0700 [DEBUG] [org.gradle.cache.internal.DefaultFileLockManager] Lock acquired on daemon addresses registry.
2025-03-31T15:08:56.337+0700 [DEBUG] [org.gradle.cache.internal.DefaultFileLockManager] Releasing lock on daemon addresses registry.
2025-03-31T15:09:06.342+0700 [DEBUG] [org.gradle.cache.internal.DefaultFileLockManager] Waiting to acquire shared lock on daemon addresses registry.
2025-03-31T15:09:06.342+0700 [DEBUG] [org.gradle.cache.internal.DefaultFileLockManager] Lock acquired on daemon addresses registry.
2025-03-31T15:09:06.343+0700 [DEBUG] [org.gradle.cache.internal.DefaultFileLockManager] Releasing lock on daemon addresses registry.
2025-03-31T15:09:06.343+0700 [DEBUG] [org.gradle.cache.internal.DefaultFileLockManager] Waiting to acquire shared lock on daemon addresses registry.
2025-03-31T15:09:06.344+0700 [DEBUG] [org.gradle.cache.internal.DefaultFileLockManager] Lock acquired on daemon addresses registry.
2025-03-31T15:09:06.344+0700 [DEBUG] [org.gradle.cache.internal.DefaultFileLockManager] Releasing lock on daemon addresses registry.
2025-03-31T15:09:06.344+0700 [DEBUG] [org.gradle.cache.internal.DefaultFileLockManager] Waiting to acquire shared lock on daemon addresses registry.
2025-03-31T15:09:06.345+0700 [DEBUG] [org.gradle.cache.internal.DefaultFileLockManager] Lock acquired on daemon addresses registry.
2025-03-31T15:09:06.345+0700 [DEBUG] [org.gradle.cache.internal.DefaultFileLockManager] Releasing lock on daemon addresses registry.
2025-03-31T15:09:16.343+0700 [DEBUG] [org.gradle.cache.internal.DefaultFileLockManager] Waiting to acquire shared lock on daemon addresses registry.
2025-03-31T15:09:16.343+0700 [DEBUG] [org.gradle.cache.internal.DefaultFileLockManager] Lock acquired on daemon addresses registry.
2025-03-31T15:09:16.344+0700 [DEBUG] [org.gradle.cache.internal.DefaultFileLockManager] Releasing lock on daemon addresses registry.
2025-03-31T15:09:16.344+0700 [DEBUG] [org.gradle.cache.internal.DefaultFileLockManager] Waiting to acquire shared lock on daemon addresses registry.
2025-03-31T15:09:16.344+0700 [DEBUG] [org.gradle.cache.internal.DefaultFileLockManager] Lock acquired on daemon addresses registry.
2025-03-31T15:09:16.345+0700 [DEBUG] [org.gradle.cache.internal.DefaultFileLockManager] Releasing lock on daemon addresses registry.
2025-03-31T15:09:16.345+0700 [DEBUG] [org.gradle.cache.internal.DefaultFileLockManager] Waiting to acquire shared lock on daemon addresses registry.
2025-03-31T15:09:16.345+0700 [DEBUG] [org.gradle.cache.internal.DefaultFileLockManager] Lock acquired on daemon addresses registry.
2025-03-31T15:09:16.345+0700 [DEBUG] [org.gradle.cache.internal.DefaultFileLockManager] Releasing lock on daemon addresses registry.
2025-03-31T15:09:26.340+0700 [DEBUG] [org.gradle.cache.internal.DefaultFileLockManager] Waiting to acquire shared lock on daemon addresses registry.
2025-03-31T15:09:26.340+0700 [DEBUG] [org.gradle.cache.internal.DefaultFileLockManager] Lock acquired on daemon addresses registry.
2025-03-31T15:09:26.340+0700 [DEBUG] [org.gradle.cache.internal.DefaultFileLockManager] Releasing lock on daemon addresses registry.
2025-03-31T15:09:26.341+0700 [DEBUG] [org.gradle.cache.internal.DefaultFileLockManager] Waiting to acquire shared lock on daemon addresses registry.
2025-03-31T15:09:26.341+0700 [DEBUG] [org.gradle.cache.internal.DefaultFileLockManager] Lock acquired on daemon addresses registry.
2025-03-31T15:09:26.341+0700 [DEBUG] [org.gradle.cache.internal.DefaultFileLockManager] Releasing lock on daemon addresses registry.
2025-03-31T15:09:26.342+0700 [DEBUG] [org.gradle.cache.internal.DefaultFileLockManager] Waiting to acquire shared lock on daemon addresses registry.
2025-03-31T15:09:26.342+0700 [DEBUG] [org.gradle.cache.internal.DefaultFileLockManager] Lock acquired on daemon addresses registry.
2025-03-31T15:09:26.342+0700 [DEBUG] [org.gradle.cache.internal.DefaultFileLockManager] Releasing lock on daemon addresses registry.
2025-03-31T15:09:36.342+0700 [DEBUG] [org.gradle.cache.internal.DefaultFileLockManager] Waiting to acquire shared lock on daemon addresses registry.
2025-03-31T15:09:36.342+0700 [DEBUG] [org.gradle.cache.internal.DefaultFileLockManager] Lock acquired on daemon addresses registry.
2025-03-31T15:09:36.342+0700 [DEBUG] [org.gradle.cache.internal.DefaultFileLockManager] Releasing lock on daemon addresses registry.
2025-03-31T15:09:36.343+0700 [DEBUG] [org.gradle.cache.internal.DefaultFileLockManager] Waiting to acquire shared lock on daemon addresses registry.
2025-03-31T15:09:36.343+0700 [DEBUG] [org.gradle.cache.internal.DefaultFileLockManager] Lock acquired on daemon addresses registry.
2025-03-31T15:09:36.343+0700 [DEBUG] [org.gradle.cache.internal.DefaultFileLockManager] Releasing lock on daemon addresses registry.
2025-03-31T15:09:36.343+0700 [DEBUG] [org.gradle.cache.internal.DefaultFileLockManager] Waiting to acquire shared lock on daemon addresses registry.
2025-03-31T15:09:36.344+0700 [DEBUG] [org.gradle.cache.internal.DefaultFileLockManager] Lock acquired on daemon addresses registry.
2025-03-31T15:09:36.344+0700 [DEBUG] [org.gradle.cache.internal.DefaultFileLockManager] Releasing lock on daemon addresses registry.
2025-03-31T15:09:46.332+0700 [DEBUG] [org.gradle.cache.internal.DefaultFileLockManager] Waiting to acquire shared lock on daemon addresses registry.
2025-03-31T15:09:46.332+0700 [DEBUG] [org.gradle.cache.internal.DefaultFileLockManager] Lock acquired on daemon addresses registry.
2025-03-31T15:09:46.333+0700 [DEBUG] [org.gradle.cache.internal.DefaultFileLockManager] Releasing lock on daemon addresses registry.
2025-03-31T15:09:46.333+0700 [DEBUG] [org.gradle.cache.internal.DefaultFileLockManager] Waiting to acquire shared lock on daemon addresses registry.
2025-03-31T15:09:46.333+0700 [DEBUG] [org.gradle.cache.internal.DefaultFileLockManager] Lock acquired on daemon addresses registry.
2025-03-31T15:09:46.334+0700 [DEBUG] [org.gradle.cache.internal.DefaultFileLockManager] Releasing lock on daemon addresses registry.
2025-03-31T15:09:46.334+0700 [DEBUG] [org.gradle.cache.internal.DefaultFileLockManager] Waiting to acquire shared lock on daemon addresses registry.
2025-03-31T15:09:46.334+0700 [DEBUG] [org.gradle.cache.internal.DefaultFileLockManager] Lock acquired on daemon addresses registry.
2025-03-31T15:09:46.335+0700 [DEBUG] [org.gradle.cache.internal.DefaultFileLockManager] Releasing lock on daemon addresses registry.
2025-03-31T15:09:56.333+0700 [DEBUG] [org.gradle.cache.internal.DefaultFileLockManager] Waiting to acquire shared lock on daemon addresses registry.
2025-03-31T15:09:56.333+0700 [DEBUG] [org.gradle.cache.internal.DefaultFileLockManager] Lock acquired on daemon addresses registry.
2025-03-31T15:09:56.333+0700 [DEBUG] [org.gradle.cache.internal.DefaultFileLockManager] Releasing lock on daemon addresses registry.
2025-03-31T15:09:56.334+0700 [DEBUG] [org.gradle.cache.internal.DefaultFileLockManager] Waiting to acquire shared lock on daemon addresses registry.
2025-03-31T15:09:56.334+0700 [DEBUG] [org.gradle.cache.internal.DefaultFileLockManager] Lock acquired on daemon addresses registry.
2025-03-31T15:09:56.334+0700 [DEBUG] [org.gradle.cache.internal.DefaultFileLockManager] Releasing lock on daemon addresses registry.
2025-03-31T15:09:56.335+0700 [DEBUG] [org.gradle.cache.internal.DefaultFileLockManager] Waiting to acquire shared lock on daemon addresses registry.
2025-03-31T15:09:56.335+0700 [DEBUG] [org.gradle.cache.internal.DefaultFileLockManager] Lock acquired on daemon addresses registry.
2025-03-31T15:09:56.335+0700 [DEBUG] [org.gradle.cache.internal.DefaultFileLockManager] Releasing lock on daemon addresses registry.
2025-03-31T15:10:06.330+0700 [DEBUG] [org.gradle.cache.internal.DefaultFileLockManager] Waiting to acquire shared lock on daemon addresses registry.
2025-03-31T15:10:06.330+0700 [DEBUG] [org.gradle.cache.internal.DefaultFileLockManager] Lock acquired on daemon addresses registry.
2025-03-31T15:10:06.330+0700 [DEBUG] [org.gradle.cache.internal.DefaultFileLockManager] Releasing lock on daemon addresses registry.
2025-03-31T15:10:06.331+0700 [DEBUG] [org.gradle.cache.internal.DefaultFileLockManager] Waiting to acquire shared lock on daemon addresses registry.
2025-03-31T15:10:06.331+0700 [DEBUG] [org.gradle.cache.internal.DefaultFileLockManager] Lock acquired on daemon addresses registry.
2025-03-31T15:10:06.331+0700 [DEBUG] [org.gradle.cache.internal.DefaultFileLockManager] Releasing lock on daemon addresses registry.
2025-03-31T15:10:06.332+0700 [DEBUG] [org.gradle.cache.internal.DefaultFileLockManager] Waiting to acquire shared lock on daemon addresses registry.
2025-03-31T15:10:06.332+0700 [DEBUG] [org.gradle.cache.internal.DefaultFileLockManager] Lock acquired on daemon addresses registry.
2025-03-31T15:10:06.332+0700 [DEBUG] [org.gradle.cache.internal.DefaultFileLockManager] Releasing lock on daemon addresses registry.
2025-03-31T15:10:16.340+0700 [DEBUG] [org.gradle.cache.internal.DefaultFileLockManager] Waiting to acquire shared lock on daemon addresses registry.
2025-03-31T15:10:16.340+0700 [DEBUG] [org.gradle.cache.internal.DefaultFileLockManager] Lock acquired on daemon addresses registry.
2025-03-31T15:10:16.340+0700 [DEBUG] [org.gradle.cache.internal.DefaultFileLockManager] Releasing lock on daemon addresses registry.
2025-03-31T15:10:16.341+0700 [DEBUG] [org.gradle.cache.internal.DefaultFileLockManager] Waiting to acquire shared lock on daemon addresses registry.
2025-03-31T15:10:16.341+0700 [DEBUG] [org.gradle.cache.internal.DefaultFileLockManager] Lock acquired on daemon addresses registry.
2025-03-31T15:10:16.341+0700 [DEBUG] [org.gradle.cache.internal.DefaultFileLockManager] Releasing lock on daemon addresses registry.
2025-03-31T15:10:16.342+0700 [DEBUG] [org.gradle.cache.internal.DefaultFileLockManager] Waiting to acquire shared lock on daemon addresses registry.
2025-03-31T15:10:16.342+0700 [DEBUG] [org.gradle.cache.internal.DefaultFileLockManager] Lock acquired on daemon addresses registry.
2025-03-31T15:10:16.342+0700 [DEBUG] [org.gradle.cache.internal.DefaultFileLockManager] Releasing lock on daemon addresses registry.
2025-03-31T15:10:26.334+0700 [DEBUG] [org.gradle.cache.internal.DefaultFileLockManager] Waiting to acquire shared lock on daemon addresses registry.
2025-03-31T15:10:26.334+0700 [DEBUG] [org.gradle.cache.internal.DefaultFileLockManager] Lock acquired on daemon addresses registry.
2025-03-31T15:10:26.334+0700 [DEBUG] [org.gradle.cache.internal.DefaultFileLockManager] Releasing lock on daemon addresses registry.
2025-03-31T15:10:26.335+0700 [DEBUG] [org.gradle.cache.internal.DefaultFileLockManager] Waiting to acquire shared lock on daemon addresses registry.
2025-03-31T15:10:26.335+0700 [DEBUG] [org.gradle.cache.internal.DefaultFileLockManager] Lock acquired on daemon addresses registry.
2025-03-31T15:10:26.336+0700 [DEBUG] [org.gradle.cache.internal.DefaultFileLockManager] Releasing lock on daemon addresses registry.
2025-03-31T15:10:26.337+0700 [DEBUG] [org.gradle.cache.internal.DefaultFileLockManager] Waiting to acquire shared lock on daemon addresses registry.
2025-03-31T15:10:26.337+0700 [DEBUG] [org.gradle.cache.internal.DefaultFileLockManager] Lock acquired on daemon addresses registry.
2025-03-31T15:10:26.337+0700 [DEBUG] [org.gradle.cache.internal.DefaultFileLockManager] Releasing lock on daemon addresses registry.
2025-03-31T15:10:36.341+0700 [DEBUG] [org.gradle.cache.internal.DefaultFileLockManager] Waiting to acquire shared lock on daemon addresses registry.
2025-03-31T15:10:36.341+0700 [DEBUG] [org.gradle.cache.internal.DefaultFileLockManager] Lock acquired on daemon addresses registry.
2025-03-31T15:10:36.342+0700 [DEBUG] [org.gradle.cache.internal.DefaultFileLockManager] Releasing lock on daemon addresses registry.
2025-03-31T15:10:36.342+0700 [DEBUG] [org.gradle.cache.internal.DefaultFileLockManager] Waiting to acquire shared lock on daemon addresses registry.
2025-03-31T15:10:36.343+0700 [DEBUG] [org.gradle.cache.internal.DefaultFileLockManager] Lock acquired on daemon addresses registry.
2025-03-31T15:10:36.343+0700 [DEBUG] [org.gradle.cache.internal.DefaultFileLockManager] Releasing lock on daemon addresses registry.
2025-03-31T15:10:36.343+0700 [DEBUG] [org.gradle.cache.internal.DefaultFileLockManager] Waiting to acquire shared lock on daemon addresses registry.
2025-03-31T15:10:36.343+0700 [DEBUG] [org.gradle.cache.internal.DefaultFileLockManager] Lock acquired on daemon addresses registry.
2025-03-31T15:10:36.344+0700 [DEBUG] [org.gradle.cache.internal.DefaultFileLockManager] Releasing lock on daemon addresses registry.
2025-03-31T15:10:46.336+0700 [DEBUG] [org.gradle.cache.internal.DefaultFileLockManager] Waiting to acquire shared lock on daemon addresses registry.
2025-03-31T15:10:46.336+0700 [DEBUG] [org.gradle.cache.internal.DefaultFileLockManager] Lock acquired on daemon addresses registry.
2025-03-31T15:10:46.337+0700 [DEBUG] [org.gradle.cache.internal.DefaultFileLockManager] Releasing lock on daemon addresses registry.
2025-03-31T15:10:46.338+0700 [DEBUG] [org.gradle.cache.internal.DefaultFileLockManager] Waiting to acquire shared lock on daemon addresses registry.
2025-03-31T15:10:46.338+0700 [DEBUG] [org.gradle.cache.internal.DefaultFileLockManager] Lock acquired on daemon addresses registry.
2025-03-31T15:10:46.338+0700 [DEBUG] [org.gradle.cache.internal.DefaultFileLockManager] Releasing lock on daemon addresses registry.
2025-03-31T15:10:46.340+0700 [DEBUG] [org.gradle.cache.internal.DefaultFileLockManager] Waiting to acquire shared lock on daemon addresses registry.
2025-03-31T15:10:46.340+0700 [DEBUG] [org.gradle.cache.internal.DefaultFileLockManager] Lock acquired on daemon addresses registry.
2025-03-31T15:10:46.340+0700 [DEBUG] [org.gradle.cache.internal.DefaultFileLockManager] Releasing lock on daemon addresses registry.
2025-03-31T15:10:56.339+0700 [DEBUG] [org.gradle.cache.internal.DefaultFileLockManager] Waiting to acquire shared lock on daemon addresses registry.
2025-03-31T15:10:56.339+0700 [DEBUG] [org.gradle.cache.internal.DefaultFileLockManager] Lock acquired on daemon addresses registry.
2025-03-31T15:10:56.339+0700 [DEBUG] [org.gradle.cache.internal.DefaultFileLockManager] Releasing lock on daemon addresses registry.
2025-03-31T15:10:56.340+0700 [DEBUG] [org.gradle.cache.internal.DefaultFileLockManager] Waiting to acquire shared lock on daemon addresses registry.
2025-03-31T15:10:56.340+0700 [DEBUG] [org.gradle.cache.internal.DefaultFileLockManager] Lock acquired on daemon addresses registry.
2025-03-31T15:10:56.340+0700 [DEBUG] [org.gradle.cache.internal.DefaultFileLockManager] Releasing lock on daemon addresses registry.
2025-03-31T15:10:56.341+0700 [DEBUG] [org.gradle.cache.internal.DefaultFileLockManager] Waiting to acquire shared lock on daemon addresses registry.
2025-03-31T15:10:56.341+0700 [DEBUG] [org.gradle.cache.internal.DefaultFileLockManager] Lock acquired on daemon addresses registry.
2025-03-31T15:10:56.341+0700 [DEBUG] [org.gradle.cache.internal.DefaultFileLockManager] Releasing lock on daemon addresses registry.
2025-03-31T15:11:06.333+0700 [DEBUG] [org.gradle.cache.internal.DefaultFileLockManager] Waiting to acquire shared lock on daemon addresses registry.
2025-03-31T15:11:06.333+0700 [DEBUG] [org.gradle.cache.internal.DefaultFileLockManager] Lock acquired on daemon addresses registry.
2025-03-31T15:11:06.334+0700 [DEBUG] [org.gradle.cache.internal.DefaultFileLockManager] Releasing lock on daemon addresses registry.
2025-03-31T15:11:06.335+0700 [DEBUG] [org.gradle.cache.internal.DefaultFileLockManager] Waiting to acquire shared lock on daemon addresses registry.
2025-03-31T15:11:06.335+0700 [DEBUG] [org.gradle.cache.internal.DefaultFileLockManager] Lock acquired on daemon addresses registry.
2025-03-31T15:11:06.335+0700 [DEBUG] [org.gradle.cache.internal.DefaultFileLockManager] Releasing lock on daemon addresses registry.
2025-03-31T15:11:06.336+0700 [DEBUG] [org.gradle.cache.internal.DefaultFileLockManager] Waiting to acquire shared lock on daemon addresses registry.
2025-03-31T15:11:06.336+0700 [DEBUG] [org.gradle.cache.internal.DefaultFileLockManager] Lock acquired on daemon addresses registry.
2025-03-31T15:11:06.336+0700 [DEBUG] [org.gradle.cache.internal.DefaultFileLockManager] Releasing lock on daemon addresses registry.
2025-03-31T15:11:16.329+0700 [DEBUG] [org.gradle.cache.internal.DefaultFileLockManager] Waiting to acquire shared lock on daemon addresses registry.
2025-03-31T15:11:16.330+0700 [DEBUG] [org.gradle.cache.internal.DefaultFileLockManager] Lock acquired on daemon addresses registry.
2025-03-31T15:11:16.330+0700 [DEBUG] [org.gradle.cache.internal.DefaultFileLockManager] Releasing lock on daemon addresses registry.
2025-03-31T15:11:16.331+0700 [DEBUG] [org.gradle.cache.internal.DefaultFileLockManager] Waiting to acquire shared lock on daemon addresses registry.
2025-03-31T15:11:16.331+0700 [DEBUG] [org.gradle.cache.internal.DefaultFileLockManager] Lock acquired on daemon addresses registry.
2025-03-31T15:11:16.331+0700 [DEBUG] [org.gradle.cache.internal.DefaultFileLockManager] Releasing lock on daemon addresses registry.
2025-03-31T15:11:16.332+0700 [DEBUG] [org.gradle.cache.internal.DefaultFileLockManager] Waiting to acquire shared lock on daemon addresses registry.
2025-03-31T15:11:16.332+0700 [DEBUG] [org.gradle.cache.internal.DefaultFileLockManager] Lock acquired on daemon addresses registry.
2025-03-31T15:11:16.332+0700 [DEBUG] [org.gradle.cache.internal.DefaultFileLockManager] Releasing lock on daemon addresses registry.
2025-03-31T15:11:26.335+0700 [DEBUG] [org.gradle.cache.internal.DefaultFileLockManager] Waiting to acquire shared lock on daemon addresses registry.
2025-03-31T15:11:26.335+0700 [DEBUG] [org.gradle.cache.internal.DefaultFileLockManager] Lock acquired on daemon addresses registry.
2025-03-31T15:11:26.335+0700 [DEBUG] [org.gradle.cache.internal.DefaultFileLockManager] Releasing lock on daemon addresses registry.
2025-03-31T15:11:26.336+0700 [DEBUG] [org.gradle.cache.internal.DefaultFileLockManager] Waiting to acquire shared lock on daemon addresses registry.
2025-03-31T15:11:26.336+0700 [DEBUG] [org.gradle.cache.internal.DefaultFileLockManager] Lock acquired on daemon addresses registry.
2025-03-31T15:11:26.336+0700 [DEBUG] [org.gradle.cache.internal.DefaultFileLockManager] Releasing lock on daemon addresses registry.
2025-03-31T15:11:26.336+0700 [DEBUG] [org.gradle.cache.internal.DefaultFileLockManager] Waiting to acquire shared lock on daemon addresses registry.
2025-03-31T15:11:26.336+0700 [DEBUG] [org.gradle.cache.internal.DefaultFileLockManager] Lock acquired on daemon addresses registry.
2025-03-31T15:11:26.337+0700 [DEBUG] [org.gradle.cache.internal.DefaultFileLockManager] Releasing lock on daemon addresses registry.
2025-03-31T15:11:36.331+0700 [DEBUG] [org.gradle.cache.internal.DefaultFileLockManager] Waiting to acquire shared lock on daemon addresses registry.
2025-03-31T15:11:36.331+0700 [DEBUG] [org.gradle.cache.internal.DefaultFileLockManager] Lock acquired on daemon addresses registry.
2025-03-31T15:11:36.332+0700 [DEBUG] [org.gradle.cache.internal.DefaultFileLockManager] Releasing lock on daemon addresses registry.
2025-03-31T15:11:36.333+0700 [DEBUG] [org.gradle.cache.internal.DefaultFileLockManager] Waiting to acquire shared lock on daemon addresses registry.
2025-03-31T15:11:36.333+0700 [DEBUG] [org.gradle.cache.internal.DefaultFileLockManager] Lock acquired on daemon addresses registry.
2025-03-31T15:11:36.333+0700 [DEBUG] [org.gradle.cache.internal.DefaultFileLockManager] Releasing lock on daemon addresses registry.
2025-03-31T15:11:36.333+0700 [DEBUG] [org.gradle.cache.internal.DefaultFileLockManager] Waiting to acquire shared lock on daemon addresses registry.
2025-03-31T15:11:36.334+0700 [DEBUG] [org.gradle.cache.internal.DefaultFileLockManager] Lock acquired on daemon addresses registry.
2025-03-31T15:11:36.334+0700 [DEBUG] [org.gradle.cache.internal.DefaultFileLockManager] Releasing lock on daemon addresses registry.
2025-03-31T15:11:46.343+0700 [DEBUG] [org.gradle.cache.internal.DefaultFileLockManager] Waiting to acquire shared lock on daemon addresses registry.
2025-03-31T15:11:46.343+0700 [DEBUG] [org.gradle.cache.internal.DefaultFileLockManager] Lock acquired on daemon addresses registry.
2025-03-31T15:11:46.343+0700 [DEBUG] [org.gradle.cache.internal.DefaultFileLockManager] Releasing lock on daemon addresses registry.
2025-03-31T15:11:46.344+0700 [DEBUG] [org.gradle.cache.internal.DefaultFileLockManager] Waiting to acquire shared lock on daemon addresses registry.
2025-03-31T15:11:46.344+0700 [DEBUG] [org.gradle.cache.internal.DefaultFileLockManager] Lock acquired on daemon addresses registry.
2025-03-31T15:11:46.344+0700 [DEBUG] [org.gradle.cache.internal.DefaultFileLockManager] Releasing lock on daemon addresses registry.
2025-03-31T15:11:46.345+0700 [DEBUG] [org.gradle.cache.internal.DefaultFileLockManager] Waiting to acquire shared lock on daemon addresses registry.
2025-03-31T15:11:46.345+0700 [DEBUG] [org.gradle.cache.internal.DefaultFileLockManager] Lock acquired on daemon addresses registry.
2025-03-31T15:11:46.345+0700 [DEBUG] [org.gradle.cache.internal.DefaultFileLockManager] Releasing lock on daemon addresses registry.
2025-03-31T15:11:56.338+0700 [DEBUG] [org.gradle.cache.internal.DefaultFileLockManager] Waiting to acquire shared lock on daemon addresses registry.
2025-03-31T15:11:56.338+0700 [DEBUG] [org.gradle.cache.internal.DefaultFileLockManager] Lock acquired on daemon addresses registry.
2025-03-31T15:11:56.339+0700 [DEBUG] [org.gradle.cache.internal.DefaultFileLockManager] Releasing lock on daemon addresses registry.
2025-03-31T15:11:56.339+0700 [DEBUG] [org.gradle.cache.internal.DefaultFileLockManager] Waiting to acquire shared lock on daemon addresses registry.
2025-03-31T15:11:56.340+0700 [DEBUG] [org.gradle.cache.internal.DefaultFileLockManager] Lock acquired on daemon addresses registry.
2025-03-31T15:11:56.340+0700 [DEBUG] [org.gradle.cache.internal.DefaultFileLockManager] Releasing lock on daemon addresses registry.
2025-03-31T15:11:56.340+0700 [DEBUG] [org.gradle.cache.internal.DefaultFileLockManager] Waiting to acquire shared lock on daemon addresses registry.
2025-03-31T15:11:56.340+0700 [DEBUG] [org.gradle.cache.internal.DefaultFileLockManager] Lock acquired on daemon addresses registry.
2025-03-31T15:11:56.341+0700 [DEBUG] [org.gradle.cache.internal.DefaultFileLockManager] Releasing lock on daemon addresses registry.
2025-03-31T15:12:06.337+0700 [DEBUG] [org.gradle.cache.internal.DefaultFileLockManager] Waiting to acquire shared lock on daemon addresses registry.
2025-03-31T15:12:06.338+0700 [DEBUG] [org.gradle.cache.internal.DefaultFileLockManager] Lock acquired on daemon addresses registry.
2025-03-31T15:12:06.338+0700 [DEBUG] [org.gradle.cache.internal.DefaultFileLockManager] Releasing lock on daemon addresses registry.
2025-03-31T15:12:06.339+0700 [DEBUG] [org.gradle.cache.internal.DefaultFileLockManager] Waiting to acquire shared lock on daemon addresses registry.
2025-03-31T15:12:06.339+0700 [DEBUG] [org.gradle.cache.internal.DefaultFileLockManager] Lock acquired on daemon addresses registry.
2025-03-31T15:12:06.339+0700 [DEBUG] [org.gradle.cache.internal.DefaultFileLockManager] Releasing lock on daemon addresses registry.
2025-03-31T15:12:06.339+0700 [DEBUG] [org.gradle.cache.internal.DefaultFileLockManager] Waiting to acquire shared lock on daemon addresses registry.
2025-03-31T15:12:06.340+0700 [DEBUG] [org.gradle.cache.internal.DefaultFileLockManager] Lock acquired on daemon addresses registry.
2025-03-31T15:12:06.340+0700 [DEBUG] [org.gradle.cache.internal.DefaultFileLockManager] Releasing lock on daemon addresses registry.
2025-03-31T15:12:16.332+0700 [DEBUG] [org.gradle.cache.internal.DefaultFileLockManager] Waiting to acquire shared lock on daemon addresses registry.
2025-03-31T15:12:16.332+0700 [DEBUG] [org.gradle.cache.internal.DefaultFileLockManager] Lock acquired on daemon addresses registry.
2025-03-31T15:12:16.332+0700 [DEBUG] [org.gradle.cache.internal.DefaultFileLockManager] Releasing lock on daemon addresses registry.
2025-03-31T15:12:16.333+0700 [DEBUG] [org.gradle.cache.internal.DefaultFileLockManager] Waiting to acquire shared lock on daemon addresses registry.
2025-03-31T15:12:16.333+0700 [DEBUG] [org.gradle.cache.internal.DefaultFileLockManager] Lock acquired on daemon addresses registry.
2025-03-31T15:12:16.333+0700 [DEBUG] [org.gradle.cache.internal.DefaultFileLockManager] Releasing lock on daemon addresses registry.
2025-03-31T15:12:16.334+0700 [DEBUG] [org.gradle.cache.internal.DefaultFileLockManager] Waiting to acquire shared lock on daemon addresses registry.
2025-03-31T15:12:16.334+0700 [DEBUG] [org.gradle.cache.internal.DefaultFileLockManager] Lock acquired on daemon addresses registry.
2025-03-31T15:12:16.334+0700 [DEBUG] [org.gradle.cache.internal.DefaultFileLockManager] Releasing lock on daemon addresses registry.
2025-03-31T15:12:26.331+0700 [DEBUG] [org.gradle.cache.internal.DefaultFileLockManager] Waiting to acquire shared lock on daemon addresses registry.
2025-03-31T15:12:26.331+0700 [DEBUG] [org.gradle.cache.internal.DefaultFileLockManager] Lock acquired on daemon addresses registry.
2025-03-31T15:12:26.332+0700 [DEBUG] [org.gradle.cache.internal.DefaultFileLockManager] Releasing lock on daemon addresses registry.
2025-03-31T15:12:26.333+0700 [DEBUG] [org.gradle.cache.internal.DefaultFileLockManager] Waiting to acquire shared lock on daemon addresses registry.
2025-03-31T15:12:26.333+0700 [DEBUG] [org.gradle.cache.internal.DefaultFileLockManager] Lock acquired on daemon addresses registry.
2025-03-31T15:12:26.333+0700 [DEBUG] [org.gradle.cache.internal.DefaultFileLockManager] Releasing lock on daemon addresses registry.
2025-03-31T15:12:26.333+0700 [DEBUG] [org.gradle.cache.internal.DefaultFileLockManager] Waiting to acquire shared lock on daemon addresses registry.
2025-03-31T15:12:26.334+0700 [DEBUG] [org.gradle.cache.internal.DefaultFileLockManager] Lock acquired on daemon addresses registry.
2025-03-31T15:12:26.334+0700 [DEBUG] [org.gradle.cache.internal.DefaultFileLockManager] Releasing lock on daemon addresses registry.
2025-03-31T15:12:36.336+0700 [DEBUG] [org.gradle.cache.internal.DefaultFileLockManager] Waiting to acquire shared lock on daemon addresses registry.
2025-03-31T15:12:36.336+0700 [DEBUG] [org.gradle.cache.internal.DefaultFileLockManager] Lock acquired on daemon addresses registry.
2025-03-31T15:12:36.336+0700 [DEBUG] [org.gradle.cache.internal.DefaultFileLockManager] Releasing lock on daemon addresses registry.
2025-03-31T15:12:36.337+0700 [DEBUG] [org.gradle.cache.internal.DefaultFileLockManager] Waiting to acquire shared lock on daemon addresses registry.
2025-03-31T15:12:36.337+0700 [DEBUG] [org.gradle.cache.internal.DefaultFileLockManager] Lock acquired on daemon addresses registry.
2025-03-31T15:12:36.337+0700 [DEBUG] [org.gradle.cache.internal.DefaultFileLockManager] Releasing lock on daemon addresses registry.
2025-03-31T15:12:36.338+0700 [DEBUG] [org.gradle.cache.internal.DefaultFileLockManager] Waiting to acquire shared lock on daemon addresses registry.
2025-03-31T15:12:36.338+0700 [DEBUG] [org.gradle.cache.internal.DefaultFileLockManager] Lock acquired on daemon addresses registry.
2025-03-31T15:12:36.338+0700 [DEBUG] [org.gradle.cache.internal.DefaultFileLockManager] Releasing lock on daemon addresses registry.
2025-03-31T15:12:46.344+0700 [DEBUG] [org.gradle.cache.internal.DefaultFileLockManager] Waiting to acquire shared lock on daemon addresses registry.
2025-03-31T15:12:46.344+0700 [DEBUG] [org.gradle.cache.internal.DefaultFileLockManager] Lock acquired on daemon addresses registry.
2025-03-31T15:12:46.344+0700 [DEBUG] [org.gradle.cache.internal.DefaultFileLockManager] Releasing lock on daemon addresses registry.
2025-03-31T15:12:46.345+0700 [DEBUG] [org.gradle.cache.internal.DefaultFileLockManager] Waiting to acquire shared lock on daemon addresses registry.
2025-03-31T15:12:46.345+0700 [DEBUG] [org.gradle.cache.internal.DefaultFileLockManager] Lock acquired on daemon addresses registry.
2025-03-31T15:12:46.345+0700 [DEBUG] [org.gradle.cache.internal.DefaultFileLockManager] Releasing lock on daemon addresses registry.
2025-03-31T15:12:46.346+0700 [DEBUG] [org.gradle.cache.internal.DefaultFileLockManager] Waiting to acquire shared lock on daemon addresses registry.
2025-03-31T15:12:46.346+0700 [DEBUG] [org.gradle.cache.internal.DefaultFileLockManager] Lock acquired on daemon addresses registry.
2025-03-31T15:12:46.346+0700 [DEBUG] [org.gradle.cache.internal.DefaultFileLockManager] Releasing lock on daemon addresses registry.
2025-03-31T15:12:56.330+0700 [DEBUG] [org.gradle.cache.internal.DefaultFileLockManager] Waiting to acquire shared lock on daemon addresses registry.
2025-03-31T15:12:56.331+0700 [DEBUG] [org.gradle.cache.internal.DefaultFileLockManager] Lock acquired on daemon addresses registry.
2025-03-31T15:12:56.331+0700 [DEBUG] [org.gradle.cache.internal.DefaultFileLockManager] Releasing lock on daemon addresses registry.
2025-03-31T15:12:56.332+0700 [DEBUG] [org.gradle.cache.internal.DefaultFileLockManager] Waiting to acquire shared lock on daemon addresses registry.
2025-03-31T15:12:56.332+0700 [DEBUG] [org.gradle.cache.internal.DefaultFileLockManager] Lock acquired on daemon addresses registry.
2025-03-31T15:12:56.332+0700 [DEBUG] [org.gradle.cache.internal.DefaultFileLockManager] Releasing lock on daemon addresses registry.
2025-03-31T15:12:56.333+0700 [DEBUG] [org.gradle.cache.internal.DefaultFileLockManager] Waiting to acquire shared lock on daemon addresses registry.
2025-03-31T15:12:56.333+0700 [DEBUG] [org.gradle.cache.internal.DefaultFileLockManager] Lock acquired on daemon addresses registry.
2025-03-31T15:12:56.333+0700 [DEBUG] [org.gradle.cache.internal.DefaultFileLockManager] Releasing lock on daemon addresses registry.
2025-03-31T15:13:06.340+0700 [DEBUG] [org.gradle.cache.internal.DefaultFileLockManager] Waiting to acquire shared lock on daemon addresses registry.
2025-03-31T15:13:06.341+0700 [DEBUG] [org.gradle.cache.internal.DefaultFileLockManager] Lock acquired on daemon addresses registry.
2025-03-31T15:13:06.341+0700 [DEBUG] [org.gradle.cache.internal.DefaultFileLockManager] Releasing lock on daemon addresses registry.
2025-03-31T15:13:06.342+0700 [DEBUG] [org.gradle.cache.internal.DefaultFileLockManager] Waiting to acquire shared lock on daemon addresses registry.
2025-03-31T15:13:06.342+0700 [DEBUG] [org.gradle.cache.internal.DefaultFileLockManager] Lock acquired on daemon addresses registry.
2025-03-31T15:13:06.342+0700 [DEBUG] [org.gradle.cache.internal.DefaultFileLockManager] Releasing lock on daemon addresses registry.
2025-03-31T15:13:06.343+0700 [DEBUG] [org.gradle.cache.internal.DefaultFileLockManager] Waiting to acquire shared lock on daemon addresses registry.
2025-03-31T15:13:06.343+0700 [DEBUG] [org.gradle.cache.internal.DefaultFileLockManager] Lock acquired on daemon addresses registry.
2025-03-31T15:13:06.343+0700 [DEBUG] [org.gradle.cache.internal.DefaultFileLockManager] Releasing lock on daemon addresses registry.
2025-03-31T15:13:16.341+0700 [DEBUG] [org.gradle.cache.internal.DefaultFileLockManager] Waiting to acquire shared lock on daemon addresses registry.
2025-03-31T15:13:16.341+0700 [DEBUG] [org.gradle.cache.internal.DefaultFileLockManager] Lock acquired on daemon addresses registry.
2025-03-31T15:13:16.341+0700 [DEBUG] [org.gradle.cache.internal.DefaultFileLockManager] Releasing lock on daemon addresses registry.
2025-03-31T15:13:16.342+0700 [DEBUG] [org.gradle.cache.internal.DefaultFileLockManager] Waiting to acquire shared lock on daemon addresses registry.
2025-03-31T15:13:16.342+0700 [DEBUG] [org.gradle.cache.internal.DefaultFileLockManager] Lock acquired on daemon addresses registry.
2025-03-31T15:13:16.342+0700 [DEBUG] [org.gradle.cache.internal.DefaultFileLockManager] Releasing lock on daemon addresses registry.
2025-03-31T15:13:16.343+0700 [DEBUG] [org.gradle.cache.internal.DefaultFileLockManager] Waiting to acquire shared lock on daemon addresses registry.
2025-03-31T15:13:16.343+0700 [DEBUG] [org.gradle.cache.internal.DefaultFileLockManager] Lock acquired on daemon addresses registry.
2025-03-31T15:13:16.343+0700 [DEBUG] [org.gradle.cache.internal.DefaultFileLockManager] Releasing lock on daemon addresses registry.
2025-03-31T15:13:26.337+0700 [DEBUG] [org.gradle.cache.internal.DefaultFileLockManager] Waiting to acquire shared lock on daemon addresses registry.
2025-03-31T15:13:26.337+0700 [DEBUG] [org.gradle.cache.internal.DefaultFileLockManager] Lock acquired on daemon addresses registry.
2025-03-31T15:13:26.337+0700 [DEBUG] [org.gradle.cache.internal.DefaultFileLockManager] Releasing lock on daemon addresses registry.
2025-03-31T15:13:26.338+0700 [DEBUG] [org.gradle.cache.internal.DefaultFileLockManager] Waiting to acquire shared lock on daemon addresses registry.
2025-03-31T15:13:26.338+0700 [DEBUG] [org.gradle.cache.internal.DefaultFileLockManager] Lock acquired on daemon addresses registry.
2025-03-31T15:13:26.338+0700 [DEBUG] [org.gradle.cache.internal.DefaultFileLockManager] Releasing lock on daemon addresses registry.
2025-03-31T15:13:26.339+0700 [DEBUG] [org.gradle.cache.internal.DefaultFileLockManager] Waiting to acquire shared lock on daemon addresses registry.
2025-03-31T15:13:26.339+0700 [DEBUG] [org.gradle.cache.internal.DefaultFileLockManager] Lock acquired on daemon addresses registry.
2025-03-31T15:13:26.339+0700 [DEBUG] [org.gradle.cache.internal.DefaultFileLockManager] Releasing lock on daemon addresses registry.
2025-03-31T15:13:36.342+0700 [DEBUG] [org.gradle.cache.internal.DefaultFileLockManager] Waiting to acquire shared lock on daemon addresses registry.
2025-03-31T15:13:36.342+0700 [DEBUG] [org.gradle.cache.internal.DefaultFileLockManager] Lock acquired on daemon addresses registry.
2025-03-31T15:13:36.342+0700 [DEBUG] [org.gradle.cache.internal.DefaultFileLockManager] Releasing lock on daemon addresses registry.
2025-03-31T15:13:36.343+0700 [DEBUG] [org.gradle.cache.internal.DefaultFileLockManager] Waiting to acquire shared lock on daemon addresses registry.
2025-03-31T15:13:36.343+0700 [DEBUG] [org.gradle.cache.internal.DefaultFileLockManager] Lock acquired on daemon addresses registry.
2025-03-31T15:13:36.343+0700 [DEBUG] [org.gradle.cache.internal.DefaultFileLockManager] Releasing lock on daemon addresses registry.
2025-03-31T15:13:36.344+0700 [DEBUG] [org.gradle.cache.internal.DefaultFileLockManager] Waiting to acquire shared lock on daemon addresses registry.
2025-03-31T15:13:36.344+0700 [DEBUG] [org.gradle.cache.internal.DefaultFileLockManager] Lock acquired on daemon addresses registry.
2025-03-31T15:13:36.344+0700 [DEBUG] [org.gradle.cache.internal.DefaultFileLockManager] Releasing lock on daemon addresses registry.
2025-03-31T15:13:46.329+0700 [DEBUG] [org.gradle.cache.internal.DefaultFileLockManager] Waiting to acquire shared lock on daemon addresses registry.
2025-03-31T15:13:46.329+0700 [DEBUG] [org.gradle.cache.internal.DefaultFileLockManager] Lock acquired on daemon addresses registry.
2025-03-31T15:13:46.329+0700 [DEBUG] [org.gradle.cache.internal.DefaultFileLockManager] Releasing lock on daemon addresses registry.
2025-03-31T15:13:46.330+0700 [DEBUG] [org.gradle.cache.internal.DefaultFileLockManager] Waiting to acquire shared lock on daemon addresses registry.
2025-03-31T15:13:46.330+0700 [DEBUG] [org.gradle.cache.internal.DefaultFileLockManager] Lock acquired on daemon addresses registry.
2025-03-31T15:13:46.330+0700 [DEBUG] [org.gradle.cache.internal.DefaultFileLockManager] Releasing lock on daemon addresses registry.
2025-03-31T15:13:46.331+0700 [DEBUG] [org.gradle.cache.internal.DefaultFileLockManager] Waiting to acquire shared lock on daemon addresses registry.
2025-03-31T15:13:46.331+0700 [DEBUG] [org.gradle.cache.internal.DefaultFileLockManager] Lock acquired on daemon addresses registry.
2025-03-31T15:13:46.331+0700 [DEBUG] [org.gradle.cache.internal.DefaultFileLockManager] Releasing lock on daemon addresses registry.
2025-03-31T15:13:56.337+0700 [DEBUG] [org.gradle.cache.internal.DefaultFileLockManager] Waiting to acquire shared lock on daemon addresses registry.
2025-03-31T15:13:56.337+0700 [DEBUG] [org.gradle.cache.internal.DefaultFileLockManager] Lock acquired on daemon addresses registry.
2025-03-31T15:13:56.337+0700 [DEBUG] [org.gradle.cache.internal.DefaultFileLockManager] Releasing lock on daemon addresses registry.
2025-03-31T15:13:56.338+0700 [DEBUG] [org.gradle.cache.internal.DefaultFileLockManager] Waiting to acquire shared lock on daemon addresses registry.
2025-03-31T15:13:56.338+0700 [DEBUG] [org.gradle.cache.internal.DefaultFileLockManager] Lock acquired on daemon addresses registry.
2025-03-31T15:13:56.338+0700 [DEBUG] [org.gradle.cache.internal.DefaultFileLockManager] Releasing lock on daemon addresses registry.
2025-03-31T15:13:56.338+0700 [DEBUG] [org.gradle.cache.internal.DefaultFileLockManager] Waiting to acquire shared lock on daemon addresses registry.
2025-03-31T15:13:56.339+0700 [DEBUG] [org.gradle.cache.internal.DefaultFileLockManager] Lock acquired on daemon addresses registry.
2025-03-31T15:13:56.339+0700 [DEBUG] [org.gradle.cache.internal.DefaultFileLockManager] Releasing lock on daemon addresses registry.
2025-03-31T15:14:06.335+0700 [DEBUG] [org.gradle.cache.internal.DefaultFileLockManager] Waiting to acquire shared lock on daemon addresses registry.
2025-03-31T15:14:06.335+0700 [DEBUG] [org.gradle.cache.internal.DefaultFileLockManager] Lock acquired on daemon addresses registry.
2025-03-31T15:14:06.336+0700 [DEBUG] [org.gradle.cache.internal.DefaultFileLockManager] Releasing lock on daemon addresses registry.
2025-03-31T15:14:06.336+0700 [DEBUG] [org.gradle.cache.internal.DefaultFileLockManager] Waiting to acquire shared lock on daemon addresses registry.
2025-03-31T15:14:06.337+0700 [DEBUG] [org.gradle.cache.internal.DefaultFileLockManager] Lock acquired on daemon addresses registry.
2025-03-31T15:14:06.337+0700 [DEBUG] [org.gradle.cache.internal.DefaultFileLockManager] Releasing lock on daemon addresses registry.
2025-03-31T15:14:06.337+0700 [DEBUG] [org.gradle.cache.internal.DefaultFileLockManager] Waiting to acquire shared lock on daemon addresses registry.
2025-03-31T15:14:06.338+0700 [DEBUG] [org.gradle.cache.internal.DefaultFileLockManager] Lock acquired on daemon addresses registry.
2025-03-31T15:14:06.338+0700 [DEBUG] [org.gradle.cache.internal.DefaultFileLockManager] Releasing lock on daemon addresses registry.
2025-03-31T15:14:16.339+0700 [DEBUG] [org.gradle.cache.internal.DefaultFileLockManager] Waiting to acquire shared lock on daemon addresses registry.
2025-03-31T15:14:16.339+0700 [DEBUG] [org.gradle.cache.internal.DefaultFileLockManager] Lock acquired on daemon addresses registry.
2025-03-31T15:14:16.339+0700 [DEBUG] [org.gradle.cache.internal.DefaultFileLockManager] Releasing lock on daemon addresses registry.
2025-03-31T15:14:16.340+0700 [DEBUG] [org.gradle.cache.internal.DefaultFileLockManager] Waiting to acquire shared lock on daemon addresses registry.
2025-03-31T15:14:16.341+0700 [DEBUG] [org.gradle.cache.internal.DefaultFileLockManager] Lock acquired on daemon addresses registry.
2025-03-31T15:14:16.341+0700 [DEBUG] [org.gradle.cache.internal.DefaultFileLockManager] Releasing lock on daemon addresses registry.
2025-03-31T15:14:16.342+0700 [DEBUG] [org.gradle.cache.internal.DefaultFileLockManager] Waiting to acquire shared lock on daemon addresses registry.
2025-03-31T15:14:16.342+0700 [DEBUG] [org.gradle.cache.internal.DefaultFileLockManager] Lock acquired on daemon addresses registry.
2025-03-31T15:14:16.342+0700 [DEBUG] [org.gradle.cache.internal.DefaultFileLockManager] Releasing lock on daemon addresses registry.
2025-03-31T15:14:26.330+0700 [DEBUG] [org.gradle.cache.internal.DefaultFileLockManager] Waiting to acquire shared lock on daemon addresses registry.
2025-03-31T15:14:26.330+0700 [DEBUG] [org.gradle.cache.internal.DefaultFileLockManager] Lock acquired on daemon addresses registry.
2025-03-31T15:14:26.330+0700 [DEBUG] [org.gradle.cache.internal.DefaultFileLockManager] Releasing lock on daemon addresses registry.
2025-03-31T15:14:26.331+0700 [DEBUG] [org.gradle.cache.internal.DefaultFileLockManager] Waiting to acquire shared lock on daemon addresses registry.
2025-03-31T15:14:26.331+0700 [DEBUG] [org.gradle.cache.internal.DefaultFileLockManager] Lock acquired on daemon addresses registry.
2025-03-31T15:14:26.331+0700 [DEBUG] [org.gradle.cache.internal.DefaultFileLockManager] Releasing lock on daemon addresses registry.
2025-03-31T15:14:26.332+0700 [DEBUG] [org.gradle.cache.internal.DefaultFileLockManager] Waiting to acquire shared lock on daemon addresses registry.
2025-03-31T15:14:26.332+0700 [DEBUG] [org.gradle.cache.internal.DefaultFileLockManager] Lock acquired on daemon addresses registry.
2025-03-31T15:14:26.332+0700 [DEBUG] [org.gradle.cache.internal.DefaultFileLockManager] Releasing lock on daemon addresses registry.
2025-03-31T15:14:36.334+0700 [DEBUG] [org.gradle.cache.internal.DefaultFileLockManager] Waiting to acquire shared lock on daemon addresses registry.
2025-03-31T15:14:36.334+0700 [DEBUG] [org.gradle.cache.internal.DefaultFileLockManager] Lock acquired on daemon addresses registry.
2025-03-31T15:14:36.334+0700 [DEBUG] [org.gradle.cache.internal.DefaultFileLockManager] Releasing lock on daemon addresses registry.
2025-03-31T15:14:36.335+0700 [DEBUG] [org.gradle.cache.internal.DefaultFileLockManager] Waiting to acquire shared lock on daemon addresses registry.
2025-03-31T15:14:36.335+0700 [DEBUG] [org.gradle.cache.internal.DefaultFileLockManager] Lock acquired on daemon addresses registry.
2025-03-31T15:14:36.335+0700 [DEBUG] [org.gradle.cache.internal.DefaultFileLockManager] Releasing lock on daemon addresses registry.
2025-03-31T15:14:36.336+0700 [DEBUG] [org.gradle.cache.internal.DefaultFileLockManager] Waiting to acquire shared lock on daemon addresses registry.
2025-03-31T15:14:36.336+0700 [DEBUG] [org.gradle.cache.internal.DefaultFileLockManager] Lock acquired on daemon addresses registry.
2025-03-31T15:14:36.336+0700 [DEBUG] [org.gradle.cache.internal.DefaultFileLockManager] Releasing lock on daemon addresses registry.
2025-03-31T15:14:46.333+0700 [DEBUG] [org.gradle.cache.internal.DefaultFileLockManager] Waiting to acquire shared lock on daemon addresses registry.
2025-03-31T15:14:46.334+0700 [DEBUG] [org.gradle.cache.internal.DefaultFileLockManager] Lock acquired on daemon addresses registry.
2025-03-31T15:14:46.334+0700 [DEBUG] [org.gradle.cache.internal.DefaultFileLockManager] Releasing lock on daemon addresses registry.
2025-03-31T15:14:46.335+0700 [DEBUG] [org.gradle.cache.internal.DefaultFileLockManager] Waiting to acquire shared lock on daemon addresses registry.
2025-03-31T15:14:46.335+0700 [DEBUG] [org.gradle.cache.internal.DefaultFileLockManager] Lock acquired on daemon addresses registry.
2025-03-31T15:14:46.335+0700 [DEBUG] [org.gradle.cache.internal.DefaultFileLockManager] Releasing lock on daemon addresses registry.
2025-03-31T15:14:46.335+0700 [DEBUG] [org.gradle.cache.internal.DefaultFileLockManager] Waiting to acquire shared lock on daemon addresses registry.
2025-03-31T15:14:46.336+0700 [DEBUG] [org.gradle.cache.internal.DefaultFileLockManager] Lock acquired on daemon addresses registry.
2025-03-31T15:14:46.336+0700 [DEBUG] [org.gradle.cache.internal.DefaultFileLockManager] Releasing lock on daemon addresses registry.
2025-03-31T15:14:56.332+0700 [DEBUG] [org.gradle.cache.internal.DefaultFileLockManager] Waiting to acquire shared lock on daemon addresses registry.
2025-03-31T15:14:56.332+0700 [DEBUG] [org.gradle.cache.internal.DefaultFileLockManager] Lock acquired on daemon addresses registry.
2025-03-31T15:14:56.333+0700 [DEBUG] [org.gradle.cache.internal.DefaultFileLockManager] Releasing lock on daemon addresses registry.
2025-03-31T15:14:56.333+0700 [DEBUG] [org.gradle.cache.internal.DefaultFileLockManager] Waiting to acquire shared lock on daemon addresses registry.
2025-03-31T15:14:56.333+0700 [DEBUG] [org.gradle.cache.internal.DefaultFileLockManager] Lock acquired on daemon addresses registry.
2025-03-31T15:14:56.334+0700 [DEBUG] [org.gradle.cache.internal.DefaultFileLockManager] Releasing lock on daemon addresses registry.
2025-03-31T15:14:56.334+0700 [DEBUG] [org.gradle.cache.internal.DefaultFileLockManager] Waiting to acquire shared lock on daemon addresses registry.
2025-03-31T15:14:56.334+0700 [DEBUG] [org.gradle.cache.internal.DefaultFileLockManager] Lock acquired on daemon addresses registry.
2025-03-31T15:14:56.334+0700 [DEBUG] [org.gradle.cache.internal.DefaultFileLockManager] Releasing lock on daemon addresses registry.
2025-03-31T15:15:06.342+0700 [DEBUG] [org.gradle.cache.internal.DefaultFileLockManager] Waiting to acquire shared lock on daemon addresses registry.
2025-03-31T15:15:06.342+0700 [DEBUG] [org.gradle.cache.internal.DefaultFileLockManager] Lock acquired on daemon addresses registry.
2025-03-31T15:15:06.342+0700 [DEBUG] [org.gradle.cache.internal.DefaultFileLockManager] Releasing lock on daemon addresses registry.
2025-03-31T15:15:06.343+0700 [DEBUG] [org.gradle.cache.internal.DefaultFileLockManager] Waiting to acquire shared lock on daemon addresses registry.
2025-03-31T15:15:06.343+0700 [DEBUG] [org.gradle.cache.internal.DefaultFileLockManager] Lock acquired on daemon addresses registry.
2025-03-31T15:15:06.343+0700 [DEBUG] [org.gradle.cache.internal.DefaultFileLockManager] Releasing lock on daemon addresses registry.
2025-03-31T15:15:06.344+0700 [DEBUG] [org.gradle.cache.internal.DefaultFileLockManager] Waiting to acquire shared lock on daemon addresses registry.
2025-03-31T15:15:06.344+0700 [DEBUG] [org.gradle.cache.internal.DefaultFileLockManager] Lock acquired on daemon addresses registry.
2025-03-31T15:15:06.344+0700 [DEBUG] [org.gradle.cache.internal.DefaultFileLockManager] Releasing lock on daemon addresses registry.
2025-03-31T15:15:16.331+0700 [DEBUG] [org.gradle.cache.internal.DefaultFileLockManager] Waiting to acquire shared lock on daemon addresses registry.
2025-03-31T15:15:16.331+0700 [DEBUG] [org.gradle.cache.internal.DefaultFileLockManager] Lock acquired on daemon addresses registry.
2025-03-31T15:15:16.332+0700 [DEBUG] [org.gradle.cache.internal.DefaultFileLockManager] Releasing lock on daemon addresses registry.
2025-03-31T15:15:16.332+0700 [DEBUG] [org.gradle.cache.internal.DefaultFileLockManager] Waiting to acquire shared lock on daemon addresses registry.
2025-03-31T15:15:16.332+0700 [DEBUG] [org.gradle.cache.internal.DefaultFileLockManager] Lock acquired on daemon addresses registry.
2025-03-31T15:15:16.333+0700 [DEBUG] [org.gradle.cache.internal.DefaultFileLockManager] Releasing lock on daemon addresses registry.
2025-03-31T15:15:16.333+0700 [DEBUG] [org.gradle.cache.internal.DefaultFileLockManager] Waiting to acquire shared lock on daemon addresses registry.
2025-03-31T15:15:16.333+0700 [DEBUG] [org.gradle.cache.internal.DefaultFileLockManager] Lock acquired on daemon addresses registry.
2025-03-31T15:15:16.333+0700 [DEBUG] [org.gradle.cache.internal.DefaultFileLockManager] Releasing lock on daemon addresses registry.
2025-03-31T15:15:26.333+0700 [DEBUG] [org.gradle.cache.internal.DefaultFileLockManager] Waiting to acquire shared lock on daemon addresses registry.
2025-03-31T15:15:26.333+0700 [DEBUG] [org.gradle.cache.internal.DefaultFileLockManager] Lock acquired on daemon addresses registry.
2025-03-31T15:15:26.333+0700 [DEBUG] [org.gradle.cache.internal.DefaultFileLockManager] Releasing lock on daemon addresses registry.
2025-03-31T15:15:26.335+0700 [DEBUG] [org.gradle.cache.internal.DefaultFileLockManager] Waiting to acquire shared lock on daemon addresses registry.
2025-03-31T15:15:26.335+0700 [DEBUG] [org.gradle.cache.internal.DefaultFileLockManager] Lock acquired on daemon addresses registry.
2025-03-31T15:15:26.335+0700 [DEBUG] [org.gradle.cache.internal.DefaultFileLockManager] Releasing lock on daemon addresses registry.
2025-03-31T15:15:26.336+0700 [DEBUG] [org.gradle.cache.internal.DefaultFileLockManager] Waiting to acquire shared lock on daemon addresses registry.
2025-03-31T15:15:26.336+0700 [DEBUG] [org.gradle.cache.internal.DefaultFileLockManager] Lock acquired on daemon addresses registry.
2025-03-31T15:15:26.336+0700 [DEBUG] [org.gradle.cache.internal.DefaultFileLockManager] Releasing lock on daemon addresses registry.
2025-03-31T15:15:36.333+0700 [DEBUG] [org.gradle.cache.internal.DefaultFileLockManager] Waiting to acquire shared lock on daemon addresses registry.
2025-03-31T15:15:36.333+0700 [DEBUG] [org.gradle.cache.internal.DefaultFileLockManager] Lock acquired on daemon addresses registry.
2025-03-31T15:15:36.333+0700 [DEBUG] [org.gradle.cache.internal.DefaultFileLockManager] Releasing lock on daemon addresses registry.
2025-03-31T15:15:36.334+0700 [DEBUG] [org.gradle.cache.internal.DefaultFileLockManager] Waiting to acquire shared lock on daemon addresses registry.
2025-03-31T15:15:36.334+0700 [DEBUG] [org.gradle.cache.internal.DefaultFileLockManager] Lock acquired on daemon addresses registry.
2025-03-31T15:15:36.334+0700 [DEBUG] [org.gradle.cache.internal.DefaultFileLockManager] Releasing lock on daemon addresses registry.
2025-03-31T15:15:36.335+0700 [DEBUG] [org.gradle.cache.internal.DefaultFileLockManager] Waiting to acquire shared lock on daemon addresses registry.
2025-03-31T15:15:36.335+0700 [DEBUG] [org.gradle.cache.internal.DefaultFileLockManager] Lock acquired on daemon addresses registry.
2025-03-31T15:15:36.335+0700 [DEBUG] [org.gradle.cache.internal.DefaultFileLockManager] Releasing lock on daemon addresses registry.
2025-03-31T15:15:46.331+0700 [DEBUG] [org.gradle.cache.internal.DefaultFileLockManager] Waiting to acquire shared lock on daemon addresses registry.
2025-03-31T15:15:46.331+0700 [DEBUG] [org.gradle.cache.internal.DefaultFileLockManager] Lock acquired on daemon addresses registry.
2025-03-31T15:15:46.331+0700 [DEBUG] [org.gradle.cache.internal.DefaultFileLockManager] Releasing lock on daemon addresses registry.
2025-03-31T15:15:46.332+0700 [DEBUG] [org.gradle.cache.internal.DefaultFileLockManager] Waiting to acquire shared lock on daemon addresses registry.
2025-03-31T15:15:46.332+0700 [DEBUG] [org.gradle.cache.internal.DefaultFileLockManager] Lock acquired on daemon addresses registry.
2025-03-31T15:15:46.332+0700 [DEBUG] [org.gradle.cache.internal.DefaultFileLockManager] Releasing lock on daemon addresses registry.
2025-03-31T15:15:46.333+0700 [DEBUG] [org.gradle.cache.internal.DefaultFileLockManager] Waiting to acquire shared lock on daemon addresses registry.
2025-03-31T15:15:46.333+0700 [DEBUG] [org.gradle.cache.internal.DefaultFileLockManager] Lock acquired on daemon addresses registry.
2025-03-31T15:15:46.333+0700 [DEBUG] [org.gradle.cache.internal.DefaultFileLockManager] Releasing lock on daemon addresses registry.
2025-03-31T15:15:56.336+0700 [DEBUG] [org.gradle.cache.internal.DefaultFileLockManager] Waiting to acquire shared lock on daemon addresses registry.
2025-03-31T15:15:56.336+0700 [DEBUG] [org.gradle.cache.internal.DefaultFileLockManager] Lock acquired on daemon addresses registry.
2025-03-31T15:15:56.337+0700 [DEBUG] [org.gradle.cache.internal.DefaultFileLockManager] Releasing lock on daemon addresses registry.
2025-03-31T15:15:56.337+0700 [DEBUG] [org.gradle.cache.internal.DefaultFileLockManager] Waiting to acquire shared lock on daemon addresses registry.
2025-03-31T15:15:56.337+0700 [DEBUG] [org.gradle.cache.internal.DefaultFileLockManager] Lock acquired on daemon addresses registry.
2025-03-31T15:15:56.338+0700 [DEBUG] [org.gradle.cache.internal.DefaultFileLockManager] Releasing lock on daemon addresses registry.
2025-03-31T15:15:56.338+0700 [DEBUG] [org.gradle.cache.internal.DefaultFileLockManager] Waiting to acquire shared lock on daemon addresses registry.
2025-03-31T15:15:56.338+0700 [DEBUG] [org.gradle.cache.internal.DefaultFileLockManager] Lock acquired on daemon addresses registry.
2025-03-31T15:15:56.338+0700 [DEBUG] [org.gradle.cache.internal.DefaultFileLockManager] Releasing lock on daemon addresses registry.
2025-03-31T15:16:06.336+0700 [DEBUG] [org.gradle.cache.internal.DefaultFileLockManager] Waiting to acquire shared lock on daemon addresses registry.
2025-03-31T15:16:06.336+0700 [DEBUG] [org.gradle.cache.internal.DefaultFileLockManager] Lock acquired on daemon addresses registry.
2025-03-31T15:16:06.336+0700 [DEBUG] [org.gradle.cache.internal.DefaultFileLockManager] Releasing lock on daemon addresses registry.
2025-03-31T15:16:06.337+0700 [DEBUG] [org.gradle.cache.internal.DefaultFileLockManager] Waiting to acquire shared lock on daemon addresses registry.
2025-03-31T15:16:06.337+0700 [DEBUG] [org.gradle.cache.internal.DefaultFileLockManager] Lock acquired on daemon addresses registry.
2025-03-31T15:16:06.337+0700 [DEBUG] [org.gradle.cache.internal.DefaultFileLockManager] Releasing lock on daemon addresses registry.
2025-03-31T15:16:06.338+0700 [DEBUG] [org.gradle.cache.internal.DefaultFileLockManager] Waiting to acquire shared lock on daemon addresses registry.
2025-03-31T15:16:06.338+0700 [DEBUG] [org.gradle.cache.internal.DefaultFileLockManager] Lock acquired on daemon addresses registry.
2025-03-31T15:16:06.338+0700 [DEBUG] [org.gradle.cache.internal.DefaultFileLockManager] Releasing lock on daemon addresses registry.
2025-03-31T15:16:16.343+0700 [DEBUG] [org.gradle.cache.internal.DefaultFileLockManager] Waiting to acquire shared lock on daemon addresses registry.
2025-03-31T15:16:16.343+0700 [DEBUG] [org.gradle.cache.internal.DefaultFileLockManager] Lock acquired on daemon addresses registry.
2025-03-31T15:16:16.343+0700 [DEBUG] [org.gradle.cache.internal.DefaultFileLockManager] Releasing lock on daemon addresses registry.
2025-03-31T15:16:16.344+0700 [DEBUG] [org.gradle.cache.internal.DefaultFileLockManager] Waiting to acquire shared lock on daemon addresses registry.
2025-03-31T15:16:16.344+0700 [DEBUG] [org.gradle.cache.internal.DefaultFileLockManager] Lock acquired on daemon addresses registry.
2025-03-31T15:16:16.344+0700 [DEBUG] [org.gradle.cache.internal.DefaultFileLockManager] Releasing lock on daemon addresses registry.
2025-03-31T15:16:16.345+0700 [DEBUG] [org.gradle.cache.internal.DefaultFileLockManager] Waiting to acquire shared lock on daemon addresses registry.
2025-03-31T15:16:16.345+0700 [DEBUG] [org.gradle.cache.internal.DefaultFileLockManager] Lock acquired on daemon addresses registry.
2025-03-31T15:16:16.345+0700 [DEBUG] [org.gradle.cache.internal.DefaultFileLockManager] Releasing lock on daemon addresses registry.
2025-03-31T15:16:26.335+0700 [DEBUG] [org.gradle.cache.internal.DefaultFileLockManager] Waiting to acquire shared lock on daemon addresses registry.
2025-03-31T15:16:26.335+0700 [DEBUG] [org.gradle.cache.internal.DefaultFileLockManager] Lock acquired on daemon addresses registry.
2025-03-31T15:16:26.335+0700 [DEBUG] [org.gradle.cache.internal.DefaultFileLockManager] Releasing lock on daemon addresses registry.
2025-03-31T15:16:26.336+0700 [DEBUG] [org.gradle.cache.internal.DefaultFileLockManager] Waiting to acquire shared lock on daemon addresses registry.
2025-03-31T15:16:26.336+0700 [DEBUG] [org.gradle.cache.internal.DefaultFileLockManager] Lock acquired on daemon addresses registry.
2025-03-31T15:16:26.336+0700 [DEBUG] [org.gradle.cache.internal.DefaultFileLockManager] Releasing lock on daemon addresses registry.
2025-03-31T15:16:26.337+0700 [DEBUG] [org.gradle.cache.internal.DefaultFileLockManager] Waiting to acquire shared lock on daemon addresses registry.
2025-03-31T15:16:26.337+0700 [DEBUG] [org.gradle.cache.internal.DefaultFileLockManager] Lock acquired on daemon addresses registry.
2025-03-31T15:16:26.337+0700 [DEBUG] [org.gradle.cache.internal.DefaultFileLockManager] Releasing lock on daemon addresses registry.
2025-03-31T15:16:36.338+0700 [DEBUG] [org.gradle.cache.internal.DefaultFileLockManager] Waiting to acquire shared lock on daemon addresses registry.
2025-03-31T15:16:36.338+0700 [DEBUG] [org.gradle.cache.internal.DefaultFileLockManager] Lock acquired on daemon addresses registry.
2025-03-31T15:16:36.338+0700 [DEBUG] [org.gradle.cache.internal.DefaultFileLockManager] Releasing lock on daemon addresses registry.
2025-03-31T15:16:36.339+0700 [DEBUG] [org.gradle.cache.internal.DefaultFileLockManager] Waiting to acquire shared lock on daemon addresses registry.
2025-03-31T15:16:36.339+0700 [DEBUG] [org.gradle.cache.internal.DefaultFileLockManager] Lock acquired on daemon addresses registry.
2025-03-31T15:16:36.339+0700 [DEBUG] [org.gradle.cache.internal.DefaultFileLockManager] Releasing lock on daemon addresses registry.
2025-03-31T15:16:36.339+0700 [DEBUG] [org.gradle.cache.internal.DefaultFileLockManager] Waiting to acquire shared lock on daemon addresses registry.
2025-03-31T15:16:36.340+0700 [DEBUG] [org.gradle.cache.internal.DefaultFileLockManager] Lock acquired on daemon addresses registry.
2025-03-31T15:16:36.340+0700 [DEBUG] [org.gradle.cache.internal.DefaultFileLockManager] Releasing lock on daemon addresses registry.
2025-03-31T15:16:46.340+0700 [DEBUG] [org.gradle.cache.internal.DefaultFileLockManager] Waiting to acquire shared lock on daemon addresses registry.
2025-03-31T15:16:46.340+0700 [DEBUG] [org.gradle.cache.internal.DefaultFileLockManager] Lock acquired on daemon addresses registry.
2025-03-31T15:16:46.340+0700 [DEBUG] [org.gradle.cache.internal.DefaultFileLockManager] Releasing lock on daemon addresses registry.
2025-03-31T15:16:46.341+0700 [DEBUG] [org.gradle.cache.internal.DefaultFileLockManager] Waiting to acquire shared lock on daemon addresses registry.
2025-03-31T15:16:46.341+0700 [DEBUG] [org.gradle.cache.internal.DefaultFileLockManager] Lock acquired on daemon addresses registry.
2025-03-31T15:16:46.341+0700 [DEBUG] [org.gradle.cache.internal.DefaultFileLockManager] Releasing lock on daemon addresses registry.
2025-03-31T15:16:46.342+0700 [DEBUG] [org.gradle.cache.internal.DefaultFileLockManager] Waiting to acquire shared lock on daemon addresses registry.
2025-03-31T15:16:46.342+0700 [DEBUG] [org.gradle.cache.internal.DefaultFileLockManager] Lock acquired on daemon addresses registry.
2025-03-31T15:16:46.342+0700 [DEBUG] [org.gradle.cache.internal.DefaultFileLockManager] Releasing lock on daemon addresses registry.
2025-03-31T15:16:56.344+0700 [DEBUG] [org.gradle.cache.internal.DefaultFileLockManager] Waiting to acquire shared lock on daemon addresses registry.
2025-03-31T15:16:56.344+0700 [DEBUG] [org.gradle.cache.internal.DefaultFileLockManager] Lock acquired on daemon addresses registry.
2025-03-31T15:16:56.344+0700 [DEBUG] [org.gradle.cache.internal.DefaultFileLockManager] Releasing lock on daemon addresses registry.
2025-03-31T15:16:56.345+0700 [DEBUG] [org.gradle.cache.internal.DefaultFileLockManager] Waiting to acquire shared lock on daemon addresses registry.
2025-03-31T15:16:56.345+0700 [DEBUG] [org.gradle.cache.internal.DefaultFileLockManager] Lock acquired on daemon addresses registry.
2025-03-31T15:16:56.345+0700 [DEBUG] [org.gradle.cache.internal.DefaultFileLockManager] Releasing lock on daemon addresses registry.
2025-03-31T15:16:56.346+0700 [DEBUG] [org.gradle.cache.internal.DefaultFileLockManager] Waiting to acquire shared lock on daemon addresses registry.
2025-03-31T15:16:56.346+0700 [DEBUG] [org.gradle.cache.internal.DefaultFileLockManager] Lock acquired on daemon addresses registry.
2025-03-31T15:16:56.346+0700 [DEBUG] [org.gradle.cache.internal.DefaultFileLockManager] Releasing lock on daemon addresses registry.
2025-03-31T15:17:06.333+0700 [DEBUG] [org.gradle.cache.internal.DefaultFileLockManager] Waiting to acquire shared lock on daemon addresses registry.
2025-03-31T15:17:06.333+0700 [DEBUG] [org.gradle.cache.internal.DefaultFileLockManager] Lock acquired on daemon addresses registry.
2025-03-31T15:17:06.333+0700 [DEBUG] [org.gradle.cache.internal.DefaultFileLockManager] Releasing lock on daemon addresses registry.
2025-03-31T15:17:06.334+0700 [DEBUG] [org.gradle.cache.internal.DefaultFileLockManager] Waiting to acquire shared lock on daemon addresses registry.
2025-03-31T15:17:06.334+0700 [DEBUG] [org.gradle.cache.internal.DefaultFileLockManager] Lock acquired on daemon addresses registry.
2025-03-31T15:17:06.334+0700 [DEBUG] [org.gradle.cache.internal.DefaultFileLockManager] Releasing lock on daemon addresses registry.
2025-03-31T15:17:06.335+0700 [DEBUG] [org.gradle.cache.internal.DefaultFileLockManager] Waiting to acquire shared lock on daemon addresses registry.
2025-03-31T15:17:06.335+0700 [DEBUG] [org.gradle.cache.internal.DefaultFileLockManager] Lock acquired on daemon addresses registry.
2025-03-31T15:17:06.335+0700 [DEBUG] [org.gradle.cache.internal.DefaultFileLockManager] Releasing lock on daemon addresses registry.
2025-03-31T15:17:16.342+0700 [DEBUG] [org.gradle.cache.internal.DefaultFileLockManager] Waiting to acquire shared lock on daemon addresses registry.
2025-03-31T15:17:16.342+0700 [DEBUG] [org.gradle.cache.internal.DefaultFileLockManager] Lock acquired on daemon addresses registry.
2025-03-31T15:17:16.342+0700 [DEBUG] [org.gradle.cache.internal.DefaultFileLockManager] Releasing lock on daemon addresses registry.
2025-03-31T15:17:16.343+0700 [DEBUG] [org.gradle.cache.internal.DefaultFileLockManager] Waiting to acquire shared lock on daemon addresses registry.
2025-03-31T15:17:16.343+0700 [DEBUG] [org.gradle.cache.internal.DefaultFileLockManager] Lock acquired on daemon addresses registry.
2025-03-31T15:17:16.344+0700 [DEBUG] [org.gradle.cache.internal.DefaultFileLockManager] Releasing lock on daemon addresses registry.
2025-03-31T15:17:16.344+0700 [DEBUG] [org.gradle.cache.internal.DefaultFileLockManager] Waiting to acquire shared lock on daemon addresses registry.
2025-03-31T15:17:16.345+0700 [DEBUG] [org.gradle.cache.internal.DefaultFileLockManager] Lock acquired on daemon addresses registry.
2025-03-31T15:17:16.345+0700 [DEBUG] [org.gradle.cache.internal.DefaultFileLockManager] Releasing lock on daemon addresses registry.
2025-03-31T15:17:26.332+0700 [DEBUG] [org.gradle.cache.internal.DefaultFileLockManager] Waiting to acquire shared lock on daemon addresses registry.
2025-03-31T15:17:26.332+0700 [DEBUG] [org.gradle.cache.internal.DefaultFileLockManager] Lock acquired on daemon addresses registry.
2025-03-31T15:17:26.332+0700 [DEBUG] [org.gradle.cache.internal.DefaultFileLockManager] Releasing lock on daemon addresses registry.
2025-03-31T15:17:26.333+0700 [DEBUG] [org.gradle.cache.internal.DefaultFileLockManager] Waiting to acquire shared lock on daemon addresses registry.
2025-03-31T15:17:26.333+0700 [DEBUG] [org.gradle.cache.internal.DefaultFileLockManager] Lock acquired on daemon addresses registry.
2025-03-31T15:17:26.333+0700 [DEBUG] [org.gradle.cache.internal.DefaultFileLockManager] Releasing lock on daemon addresses registry.
2025-03-31T15:17:26.334+0700 [DEBUG] [org.gradle.cache.internal.DefaultFileLockManager] Waiting to acquire shared lock on daemon addresses registry.
2025-03-31T15:17:26.334+0700 [DEBUG] [org.gradle.cache.internal.DefaultFileLockManager] Lock acquired on daemon addresses registry.
2025-03-31T15:17:26.334+0700 [DEBUG] [org.gradle.cache.internal.DefaultFileLockManager] Releasing lock on daemon addresses registry.
2025-03-31T15:17:36.329+0700 [DEBUG] [org.gradle.cache.internal.DefaultFileLockManager] Waiting to acquire shared lock on daemon addresses registry.
2025-03-31T15:17:36.329+0700 [DEBUG] [org.gradle.cache.internal.DefaultFileLockManager] Lock acquired on daemon addresses registry.
2025-03-31T15:17:36.329+0700 [DEBUG] [org.gradle.cache.internal.DefaultFileLockManager] Releasing lock on daemon addresses registry.
2025-03-31T15:17:36.330+0700 [DEBUG] [org.gradle.cache.internal.DefaultFileLockManager] Waiting to acquire shared lock on daemon addresses registry.
2025-03-31T15:17:36.330+0700 [DEBUG] [org.gradle.cache.internal.DefaultFileLockManager] Lock acquired on daemon addresses registry.
2025-03-31T15:17:36.331+0700 [DEBUG] [org.gradle.cache.internal.DefaultFileLockManager] Releasing lock on daemon addresses registry.
2025-03-31T15:17:36.331+0700 [DEBUG] [org.gradle.cache.internal.DefaultFileLockManager] Waiting to acquire shared lock on daemon addresses registry.
2025-03-31T15:17:36.331+0700 [DEBUG] [org.gradle.cache.internal.DefaultFileLockManager] Lock acquired on daemon addresses registry.
2025-03-31T15:17:36.331+0700 [DEBUG] [org.gradle.cache.internal.DefaultFileLockManager] Releasing lock on daemon addresses registry.
2025-03-31T15:17:46.342+0700 [DEBUG] [org.gradle.cache.internal.DefaultFileLockManager] Waiting to acquire shared lock on daemon addresses registry.
2025-03-31T15:17:46.342+0700 [DEBUG] [org.gradle.cache.internal.DefaultFileLockManager] Lock acquired on daemon addresses registry.
2025-03-31T15:17:46.343+0700 [DEBUG] [org.gradle.cache.internal.DefaultFileLockManager] Releasing lock on daemon addresses registry.
2025-03-31T15:17:46.343+0700 [DEBUG] [org.gradle.cache.internal.DefaultFileLockManager] Waiting to acquire shared lock on daemon addresses registry.
2025-03-31T15:17:46.343+0700 [DEBUG] [org.gradle.cache.internal.DefaultFileLockManager] Lock acquired on daemon addresses registry.
2025-03-31T15:17:46.344+0700 [DEBUG] [org.gradle.cache.internal.DefaultFileLockManager] Releasing lock on daemon addresses registry.
2025-03-31T15:17:46.344+0700 [DEBUG] [org.gradle.cache.internal.DefaultFileLockManager] Waiting to acquire shared lock on daemon addresses registry.
2025-03-31T15:17:46.344+0700 [DEBUG] [org.gradle.cache.internal.DefaultFileLockManager] Lock acquired on daemon addresses registry.
2025-03-31T15:17:46.345+0700 [DEBUG] [org.gradle.cache.internal.DefaultFileLockManager] Releasing lock on daemon addresses registry.
2025-03-31T15:17:53.508+0700 [DEBUG] [org.gradle.internal.watch.vfs.impl.WatchingVirtualFileSystem] Handling VFS change CREATED C:\Users\Administrator\AndroidStudioProjects\PrescriptionManagementApp\app\src\main\java\com\mad\prescriptionmanagementapp\ui\activity\MainActivity.java~
2025-03-31T15:17:53.510+0700 [DEBUG] [org.gradle.internal.watch.vfs.impl.WatchingVirtualFileSystem] Handling VFS change MODIFIED C:\Users\Administrator\AndroidStudioProjects\PrescriptionManagementApp\app\src\main\java\com\mad\prescriptionmanagementapp\ui\activity\MainActivity.java
2025-03-31T15:17:53.534+0700 [DEBUG] [org.gradle.internal.remote.internal.inet.TcpIncomingConnector] Accepted connection from /127.0.0.1:59909 to /127.0.0.1:58883.
2025-03-31T15:17:53.538+0700 [DEBUG] [org.gradle.launcher.daemon.server.SynchronizedDispatchConnection] thread 595: received class org.gradle.launcher.daemon.protocol.Build
2025-03-31T15:17:53.538+0700 [DEBUG] [org.gradle.launcher.daemon.server.DefaultDaemonConnection] thread 595: Received non-IO message from client: Build{id=6f100c3d-459c-463d-851c-30d9240d2322, currentDir=C:\Users\Administrator\AndroidStudioProjects\PrescriptionManagementApp}
2025-03-31T15:17:53.538+0700 [INFO] [org.gradle.launcher.daemon.server.DefaultIncomingConnectionHandler] Received command: Build{id=6f100c3d-459c-463d-851c-30d9240d2322, currentDir=C:\Users\Administrator\AndroidStudioProjects\PrescriptionManagementApp}.
2025-03-31T15:17:53.538+0700 [DEBUG] [org.gradle.launcher.daemon.server.DefaultIncomingConnectionHandler] Starting executing command: Build{id=6f100c3d-459c-463d-851c-30d9240d2322, currentDir=C:\Users\Administrator\AndroidStudioProjects\PrescriptionManagementApp} with connection: socket connection from /127.0.0.1:58883 to /127.0.0.1:59909.
2025-03-31T15:17:53.538+0700 [DEBUG] [org.gradle.launcher.daemon.server.DaemonStateCoordinator] Command execution: started DaemonCommandExecution[command = Build{id=6f100c3d-459c-463d-851c-30d9240d2322, currentDir=C:\Users\Administrator\AndroidStudioProjects\PrescriptionManagementApp}, connection = DefaultDaemonConnection: socket connection from /127.0.0.1:58883 to /127.0.0.1:59909] after 11.059249999999999 minutes of idle
2025-03-31T15:17:53.538+0700 [INFO] [org.gradle.launcher.daemon.server.DaemonRegistryUpdater] Marking the daemon as busy, address: [585f90fc-9774-45e1-96e1-e03717c9af97 port:58883, addresses:[localhost/127.0.0.1]]
2025-03-31T15:17:53.538+0700 [DEBUG] [org.gradle.launcher.daemon.registry.PersistentDaemonRegistry] Marking busy by address: [585f90fc-9774-45e1-96e1-e03717c9af97 port:58883, addresses:[localhost/127.0.0.1]]
2025-03-31T15:17:53.539+0700 [DEBUG] [org.gradle.cache.internal.DefaultFileLockManager] Waiting to acquire exclusive lock on daemon addresses registry.
2025-03-31T15:17:53.539+0700 [DEBUG] [org.gradle.cache.internal.DefaultFileLockManager] Lock acquired on daemon addresses registry.
2025-03-31T15:17:53.540+0700 [DEBUG] [org.gradle.cache.internal.DefaultFileLockManager] Releasing lock on daemon addresses registry.
2025-03-31T15:17:53.541+0700 [DEBUG] [org.gradle.launcher.daemon.server.DaemonStateCoordinator] resetting idle timer
2025-03-31T15:17:53.541+0700 [DEBUG] [org.gradle.launcher.daemon.server.DaemonStateCoordinator] daemon is running. Sleeping until state changes.
2025-03-31T15:17:53.541+0700 [INFO] [org.gradle.launcher.daemon.server.exec.StartBuildOrRespondWithBusy] Daemon is about to start building Build{id=6f100c3d-459c-463d-851c-30d9240d2322, currentDir=C:\Users\Administrator\AndroidStudioProjects\PrescriptionManagementApp}. Dispatching build started information...
2025-03-31T15:17:53.541+0700 [DEBUG] [org.gradle.launcher.daemon.server.SynchronizedDispatchConnection] thread 597: dispatching org.gradle.launcher.daemon.protocol.BuildStarted@61917520
2025-03-31T15:17:53.542+0700 [DEBUG] [org.gradle.launcher.daemon.server.exec.EstablishBuildEnvironment] Configuring env variables: [USERDOMAIN_ROAMINGPROFILE, LOCALAPPDATA, PROCESSOR_LEVEL, USERDOMAIN, LOGONSERVER, FPS_BROWSER_APP_PROFILE_STRING, SESSIONNAME, ALLUSERSPROFILE, PROCESSOR_ARCHITECTURE, PSModulePath, SystemDrive, EFC_3896, OneDrive, MAVEN_HOME, APPDATA, NODEJS, USERNAME, ProgramFiles(x86), CommonProgramFiles, Path, FPS_BROWSER_USER_PROFILE_STRING, PATHEXT, DriverData, OS, COMPUTERNAME, PROCESSOR_REVISION, CommonProgramW6432, ComSpec, ProgramData, ProgramW6432, TEMP, HOMEPATH, SystemRoot, PROCESSOR_IDENTIFIER, HOMEDRIVE, USERPROFILE, TMP, CommonProgramFiles(x86), ProgramFiles, PUBLIC, windir, NUMBER_OF_PROCESSORS, Java17, =::]
2025-03-31T15:17:53.543+0700 [DEBUG] [org.gradle.launcher.daemon.server.exec.LogToClient] About to start relaying all logs to the client via the connection.
2025-03-31T15:17:53.543+0700 [INFO] [org.gradle.launcher.daemon.server.exec.LogToClient] The client will now receive all logging from the daemon (pid: 17800). The daemon log file: C:\Users\Administrator\AndroidStudioProjects\PrescriptionManagementApp\daemon\8.10.2\daemon-17800.out.log
2025-03-31T15:17:53.543+0700 [INFO] [org.gradle.launcher.daemon.server.exec.LogAndCheckHealth] Starting 6th build in daemon [uptime: 16 mins 57.535 secs, performance: 99%, GC rate: 0.00/s, heap usage: 0% of 2 GiB]
2025-03-31T15:17:53.544+0700 [DEBUG] [org.gradle.launcher.daemon.server.exec.ExecuteBuild] The daemon has started executing the build.
2025-03-31T15:17:53.544+0700 [DEBUG] [org.gradle.launcher.daemon.server.exec.ExecuteBuild] Executing build with daemon context: DefaultDaemonContext[uid=89614fa2-7840-4de0-b7e2-71cce844aa28,javaHome=C:\Program Files\Android\Android Studio\jbr,javaVersion=21,javaVendor=JetBrains s.r.o.,daemonRegistryDir=C:\Users\Administrator\AndroidStudioProjects\PrescriptionManagementApp\daemon,pid=17800,idleTimeout=10800000,priority=NORMAL,applyInstrumentationAgent=true,nativeServicesMode=ENABLED,daemonOpts=--add-opens=java.base/java.util=ALL-UNNAMED,--add-opens=java.base/java.lang=ALL-UNNAMED,--add-opens=java.base/java.lang.invoke=ALL-UNNAMED,--add-opens=java.prefs/java.util.prefs=ALL-UNNAMED,--add-exports=jdk.compiler/com.sun.tools.javac.api=ALL-UNNAMED,--add-exports=jdk.compiler/com.sun.tools.javac.util=ALL-UNNAMED,--add-opens=java.base/java.nio.charset=ALL-UNNAMED,--add-opens=java.base/java.net=ALL-UNNAMED,--add-opens=java.base/java.util.concurrent.atomic=ALL-UNNAMED,-Xmx2048m,-Dfile.encoding=UTF-8,-Duser.country=US,-Duser.language=en,-Duser.variant]

BUILD SUCCESSFUL in 988ms
31 actionable tasks: 4 executed, 27 up-to-date
2025-03-31T15:17:54.537+0700 [DEBUG] [org.gradle.launcher.daemon.server.exec.ExecuteBuild] The daemon has finished executing the build.
2025-03-31T15:17:54.553+0700 [DEBUG] [org.gradle.launcher.daemon.server.DaemonStateCoordinator] daemon is running. Sleeping until state changes.
2025-03-31T15:17:54.553+0700 [DEBUG] [org.gradle.launcher.daemon.server.DaemonStateCoordinator] Command execution: finished waiting for DaemonCommandExecution[command = Build{id=6f100c3d-459c-463d-851c-30d9240d2322, currentDir=C:\Users\Administrator\AndroidStudioProjects\PrescriptionManagementApp}, connection = DefaultDaemonConnection: socket connection from /127.0.0.1:58883 to /127.0.0.1:59909]. Result org.gradle.launcher.daemon.server.DaemonStateCoordinator@27b9b66 with state Busy
2025-03-31T15:17:54.554+0700 [DEBUG] [org.gradle.launcher.daemon.server.DaemonStateCoordinator] Command execution: completed DaemonCommandExecution[command = Build{id=6f100c3d-459c-463d-851c-30d9240d2322, currentDir=C:\Users\Administrator\AndroidStudioProjects\PrescriptionManagementApp}, connection = DefaultDaemonConnection: socket connection from /127.0.0.1:58883 to /127.0.0.1:59909]
2025-03-31T15:17:54.554+0700 [DEBUG] [org.gradle.launcher.daemon.server.DaemonStateCoordinator] resetting idle timer
2025-03-31T15:17:54.554+0700 [INFO] [org.gradle.launcher.daemon.server.DaemonRegistryUpdater] Marking the daemon as idle, address: [585f90fc-9774-45e1-96e1-e03717c9af97 port:58883, addresses:[localhost/127.0.0.1]]
2025-03-31T15:17:54.554+0700 [DEBUG] [org.gradle.launcher.daemon.registry.PersistentDaemonRegistry] Marking busy by address: [585f90fc-9774-45e1-96e1-e03717c9af97 port:58883, addresses:[localhost/127.0.0.1]]
2025-03-31T15:17:54.554+0700 [DEBUG] [org.gradle.cache.internal.DefaultFileLockManager] Waiting to acquire exclusive lock on daemon addresses registry.
2025-03-31T15:17:54.555+0700 [DEBUG] [org.gradle.cache.internal.DefaultFileLockManager] Lock acquired on daemon addresses registry.
2025-03-31T15:17:54.556+0700 [DEBUG] [org.gradle.cache.internal.DefaultFileLockManager] Releasing lock on daemon addresses registry.
2025-03-31T15:17:54.556+0700 [DEBUG] [org.gradle.launcher.daemon.server.exec.ReturnResult] Daemon is dispatching the build result: Success[value=org.gradle.launcher.exec.BuildActionResult@1cb59643]
2025-03-31T15:17:54.556+0700 [DEBUG] [org.gradle.launcher.daemon.server.DaemonStateCoordinator] daemon is running. Sleeping until state changes.
2025-03-31T15:17:54.556+0700 [DEBUG] [org.gradle.launcher.daemon.server.SynchronizedDispatchConnection] thread 594: dispatching Success[value=org.gradle.launcher.exec.BuildActionResult@1cb59643]
2025-03-31T15:17:54.557+0700 [DEBUG] [org.gradle.launcher.daemon.server.SynchronizedDispatchConnection] thread 595: received class org.gradle.launcher.daemon.protocol.CloseInput
2025-03-31T15:17:54.557+0700 [DEBUG] [org.gradle.launcher.daemon.server.DefaultDaemonConnection] thread 595: Received IO message from client: org.gradle.launcher.daemon.protocol.CloseInput@415dbbbf
2025-03-31T15:17:54.557+0700 [DEBUG] [org.gradle.launcher.daemon.server.exec.CleanUpVirtualFileSystemAfterBuild] Cleaning virtual file system after build finished
2025-03-31T15:17:54.557+0700 [DEBUG] [org.gradle.launcher.daemon.server.DefaultIncomingConnectionHandler] Finishing executing command: Build{id=6f100c3d-459c-463d-851c-30d9240d2322, currentDir=C:\Users\Administrator\AndroidStudioProjects\PrescriptionManagementApp}
2025-03-31T15:17:54.557+0700 [DEBUG] [org.gradle.launcher.daemon.server.SynchronizedDispatchConnection] thread 595: received class org.gradle.launcher.daemon.protocol.Finished
2025-03-31T15:17:54.557+0700 [DEBUG] [org.gradle.launcher.daemon.server.DefaultDaemonConnection] thread 595: Received non-IO message from client: org.gradle.launcher.daemon.protocol.Finished@4f9a5de4
2025-03-31T15:17:54.557+0700 [DEBUG] [org.gradle.launcher.daemon.server.DefaultIncomingConnectionHandler] Received finished message: org.gradle.launcher.daemon.protocol.Finished@4f9a5de4
2025-03-31T15:17:54.557+0700 [DEBUG] [org.gradle.internal.remote.internal.inet.SocketConnection] Discarding EOFException: java.io.EOFException
2025-03-31T15:17:54.557+0700 [DEBUG] [org.gradle.launcher.daemon.server.SynchronizedDispatchConnection] thread 595: received null
2025-03-31T15:17:54.557+0700 [DEBUG] [org.gradle.launcher.daemon.server.DefaultDaemonConnection] thread 595: Received end-of-input from client.
2025-03-31T15:17:54.557+0700 [DEBUG] [org.gradle.launcher.daemon.server.SynchronizedDispatchConnection] thread 594: stopping connection
2025-03-31T15:17:54.558+0700 [DEBUG] [org.gradle.launcher.daemon.server.SynchronizedDispatchConnection] thread 594: stopping connection
2025-03-31T15:17:56.336+0700 [DEBUG] [org.gradle.cache.internal.DefaultFileLockManager] Waiting to acquire shared lock on daemon addresses registry.
2025-03-31T15:17:56.336+0700 [DEBUG] [org.gradle.cache.internal.DefaultFileLockManager] Lock acquired on daemon addresses registry.
2025-03-31T15:17:56.336+0700 [DEBUG] [org.gradle.cache.internal.DefaultFileLockManager] Releasing lock on daemon addresses registry.
2025-03-31T15:17:56.338+0700 [DEBUG] [org.gradle.cache.internal.DefaultFileLockManager] Waiting to acquire shared lock on daemon addresses registry.
2025-03-31T15:17:56.338+0700 [DEBUG] [org.gradle.cache.internal.DefaultFileLockManager] Lock acquired on daemon addresses registry.
2025-03-31T15:17:56.338+0700 [DEBUG] [org.gradle.cache.internal.DefaultFileLockManager] Releasing lock on daemon addresses registry.
2025-03-31T15:18:06.337+0700 [DEBUG] [org.gradle.cache.internal.DefaultFileLockManager] Waiting to acquire shared lock on daemon addresses registry.
2025-03-31T15:18:06.337+0700 [DEBUG] [org.gradle.cache.internal.DefaultFileLockManager] Lock acquired on daemon addresses registry.
2025-03-31T15:18:06.337+0700 [DEBUG] [org.gradle.cache.internal.DefaultFileLockManager] Releasing lock on daemon addresses registry.
2025-03-31T15:18:06.338+0700 [DEBUG] [org.gradle.cache.internal.DefaultFileLockManager] Waiting to acquire shared lock on daemon addresses registry.
2025-03-31T15:18:06.338+0700 [DEBUG] [org.gradle.cache.internal.DefaultFileLockManager] Lock acquired on daemon addresses registry.
2025-03-31T15:18:06.338+0700 [DEBUG] [org.gradle.cache.internal.DefaultFileLockManager] Releasing lock on daemon addresses registry.
2025-03-31T15:18:06.339+0700 [DEBUG] [org.gradle.cache.internal.DefaultFileLockManager] Waiting to acquire shared lock on daemon addresses registry.
2025-03-31T15:18:06.339+0700 [DEBUG] [org.gradle.cache.internal.DefaultFileLockManager] Lock acquired on daemon addresses registry.
2025-03-31T15:18:06.339+0700 [DEBUG] [org.gradle.cache.internal.DefaultFileLockManager] Releasing lock on daemon addresses registry.
2025-03-31T15:18:16.334+0700 [DEBUG] [org.gradle.cache.internal.DefaultFileLockManager] Waiting to acquire shared lock on daemon addresses registry.
2025-03-31T15:18:16.334+0700 [DEBUG] [org.gradle.cache.internal.DefaultFileLockManager] Lock acquired on daemon addresses registry.
2025-03-31T15:18:16.334+0700 [DEBUG] [org.gradle.cache.internal.DefaultFileLockManager] Releasing lock on daemon addresses registry.
2025-03-31T15:18:16.336+0700 [DEBUG] [org.gradle.cache.internal.DefaultFileLockManager] Waiting to acquire shared lock on daemon addresses registry.
2025-03-31T15:18:16.336+0700 [DEBUG] [org.gradle.cache.internal.DefaultFileLockManager] Lock acquired on daemon addresses registry.
2025-03-31T15:18:16.336+0700 [DEBUG] [org.gradle.cache.internal.DefaultFileLockManager] Releasing lock on daemon addresses registry.
2025-03-31T15:18:16.336+0700 [DEBUG] [org.gradle.cache.internal.DefaultFileLockManager] Waiting to acquire shared lock on daemon addresses registry.
2025-03-31T15:18:16.336+0700 [DEBUG] [org.gradle.cache.internal.DefaultFileLockManager] Lock acquired on daemon addresses registry.
2025-03-31T15:18:16.337+0700 [DEBUG] [org.gradle.cache.internal.DefaultFileLockManager] Releasing lock on daemon addresses registry.
2025-03-31T15:18:26.340+0700 [DEBUG] [org.gradle.cache.internal.DefaultFileLockManager] Waiting to acquire shared lock on daemon addresses registry.
2025-03-31T15:18:26.340+0700 [DEBUG] [org.gradle.cache.internal.DefaultFileLockManager] Lock acquired on daemon addresses registry.
2025-03-31T15:18:26.340+0700 [DEBUG] [org.gradle.cache.internal.DefaultFileLockManager] Releasing lock on daemon addresses registry.
2025-03-31T15:18:26.341+0700 [DEBUG] [org.gradle.cache.internal.DefaultFileLockManager] Waiting to acquire shared lock on daemon addresses registry.
2025-03-31T15:18:26.341+0700 [DEBUG] [org.gradle.cache.internal.DefaultFileLockManager] Lock acquired on daemon addresses registry.
2025-03-31T15:18:26.342+0700 [DEBUG] [org.gradle.cache.internal.DefaultFileLockManager] Releasing lock on daemon addresses registry.
2025-03-31T15:18:26.342+0700 [DEBUG] [org.gradle.cache.internal.DefaultFileLockManager] Waiting to acquire shared lock on daemon addresses registry.
2025-03-31T15:18:26.343+0700 [DEBUG] [org.gradle.cache.internal.DefaultFileLockManager] Lock acquired on daemon addresses registry.
2025-03-31T15:18:26.343+0700 [DEBUG] [org.gradle.cache.internal.DefaultFileLockManager] Releasing lock on daemon addresses registry.
2025-03-31T15:18:36.329+0700 [DEBUG] [org.gradle.cache.internal.DefaultFileLockManager] Waiting to acquire shared lock on daemon addresses registry.
2025-03-31T15:18:36.330+0700 [DEBUG] [org.gradle.cache.internal.DefaultFileLockManager] Lock acquired on daemon addresses registry.
2025-03-31T15:18:36.330+0700 [DEBUG] [org.gradle.cache.internal.DefaultFileLockManager] Releasing lock on daemon addresses registry.
2025-03-31T15:18:36.331+0700 [DEBUG] [org.gradle.cache.internal.DefaultFileLockManager] Waiting to acquire shared lock on daemon addresses registry.
2025-03-31T15:18:36.331+0700 [DEBUG] [org.gradle.cache.internal.DefaultFileLockManager] Lock acquired on daemon addresses registry.
2025-03-31T15:18:36.331+0700 [DEBUG] [org.gradle.cache.internal.DefaultFileLockManager] Releasing lock on daemon addresses registry.
2025-03-31T15:18:36.331+0700 [DEBUG] [org.gradle.cache.internal.DefaultFileLockManager] Waiting to acquire shared lock on daemon addresses registry.
2025-03-31T15:18:36.332+0700 [DEBUG] [org.gradle.cache.internal.DefaultFileLockManager] Lock acquired on daemon addresses registry.
2025-03-31T15:18:36.332+0700 [DEBUG] [org.gradle.cache.internal.DefaultFileLockManager] Releasing lock on daemon addresses registry.
2025-03-31T15:18:40.230+0700 [DEBUG] [org.gradle.internal.watch.vfs.impl.WatchingVirtualFileSystem] Handling VFS change CREATED C:\Users\Administrator\AndroidStudioProjects\PrescriptionManagementApp\app\src\main\java\com\mad\prescriptionmanagementapp\ui\activity\MainActivity.java~
2025-03-31T15:18:40.231+0700 [DEBUG] [org.gradle.internal.watch.vfs.impl.WatchingVirtualFileSystem] Handling VFS change MODIFIED C:\Users\Administrator\AndroidStudioProjects\PrescriptionManagementApp\app\src\main\java\com\mad\prescriptionmanagementapp\ui\activity\MainActivity.java
2025-03-31T15:18:40.255+0700 [DEBUG] [org.gradle.internal.remote.internal.inet.TcpIncomingConnector] Accepted connection from /127.0.0.1:59966 to /127.0.0.1:58883.
2025-03-31T15:18:40.258+0700 [DEBUG] [org.gradle.launcher.daemon.server.SynchronizedDispatchConnection] thread 701: received class org.gradle.launcher.daemon.protocol.Build
2025-03-31T15:18:40.258+0700 [DEBUG] [org.gradle.launcher.daemon.server.DefaultDaemonConnection] thread 701: Received non-IO message from client: Build{id=8b1d503c-2cfd-4046-8dd9-b52ae7a18fcd, currentDir=C:\Users\Administrator\AndroidStudioProjects\PrescriptionManagementApp}
2025-03-31T15:18:40.259+0700 [INFO] [org.gradle.launcher.daemon.server.DefaultIncomingConnectionHandler] Received command: Build{id=8b1d503c-2cfd-4046-8dd9-b52ae7a18fcd, currentDir=C:\Users\Administrator\AndroidStudioProjects\PrescriptionManagementApp}.
2025-03-31T15:18:40.259+0700 [DEBUG] [org.gradle.launcher.daemon.server.DefaultIncomingConnectionHandler] Starting executing command: Build{id=8b1d503c-2cfd-4046-8dd9-b52ae7a18fcd, currentDir=C:\Users\Administrator\AndroidStudioProjects\PrescriptionManagementApp} with connection: socket connection from /127.0.0.1:58883 to /127.0.0.1:59966.
2025-03-31T15:18:40.259+0700 [DEBUG] [org.gradle.launcher.daemon.server.DaemonStateCoordinator] Command execution: started DaemonCommandExecution[command = Build{id=8b1d503c-2cfd-4046-8dd9-b52ae7a18fcd, currentDir=C:\Users\Administrator\AndroidStudioProjects\PrescriptionManagementApp}, connection = DefaultDaemonConnection: socket connection from /127.0.0.1:58883 to /127.0.0.1:59966] after 0.7617499999999999 minutes of idle
2025-03-31T15:18:40.259+0700 [INFO] [org.gradle.launcher.daemon.server.DaemonRegistryUpdater] Marking the daemon as busy, address: [585f90fc-9774-45e1-96e1-e03717c9af97 port:58883, addresses:[localhost/127.0.0.1]]
2025-03-31T15:18:40.259+0700 [DEBUG] [org.gradle.launcher.daemon.registry.PersistentDaemonRegistry] Marking busy by address: [585f90fc-9774-45e1-96e1-e03717c9af97 port:58883, addresses:[localhost/127.0.0.1]]
2025-03-31T15:18:40.260+0700 [DEBUG] [org.gradle.cache.internal.DefaultFileLockManager] Waiting to acquire exclusive lock on daemon addresses registry.
2025-03-31T15:18:40.261+0700 [DEBUG] [org.gradle.cache.internal.DefaultFileLockManager] Lock acquired on daemon addresses registry.
2025-03-31T15:18:40.262+0700 [DEBUG] [org.gradle.cache.internal.DefaultFileLockManager] Releasing lock on daemon addresses registry.
2025-03-31T15:18:40.262+0700 [DEBUG] [org.gradle.launcher.daemon.server.DaemonStateCoordinator] resetting idle timer
2025-03-31T15:18:40.262+0700 [DEBUG] [org.gradle.launcher.daemon.server.DaemonStateCoordinator] daemon is running. Sleeping until state changes.
2025-03-31T15:18:40.262+0700 [INFO] [org.gradle.launcher.daemon.server.exec.StartBuildOrRespondWithBusy] Daemon is about to start building Build{id=8b1d503c-2cfd-4046-8dd9-b52ae7a18fcd, currentDir=C:\Users\Administrator\AndroidStudioProjects\PrescriptionManagementApp}. Dispatching build started information...
2025-03-31T15:18:40.262+0700 [DEBUG] [org.gradle.launcher.daemon.server.SynchronizedDispatchConnection] thread 597: dispatching org.gradle.launcher.daemon.protocol.BuildStarted@1b47ea20
2025-03-31T15:18:40.263+0700 [DEBUG] [org.gradle.launcher.daemon.server.exec.EstablishBuildEnvironment] Configuring env variables: [USERDOMAIN_ROAMINGPROFILE, LOCALAPPDATA, PROCESSOR_LEVEL, USERDOMAIN, LOGONSERVER, FPS_BROWSER_APP_PROFILE_STRING, SESSIONNAME, ALLUSERSPROFILE, PROCESSOR_ARCHITECTURE, PSModulePath, SystemDrive, EFC_3896, OneDrive, MAVEN_HOME, APPDATA, NODEJS, USERNAME, ProgramFiles(x86), CommonProgramFiles, Path, FPS_BROWSER_USER_PROFILE_STRING, PATHEXT, DriverData, OS, COMPUTERNAME, PROCESSOR_REVISION, CommonProgramW6432, ComSpec, ProgramData, ProgramW6432, TEMP, HOMEPATH, SystemRoot, PROCESSOR_IDENTIFIER, HOMEDRIVE, USERPROFILE, TMP, CommonProgramFiles(x86), ProgramFiles, PUBLIC, windir, NUMBER_OF_PROCESSORS, Java17, =::]
2025-03-31T15:18:40.263+0700 [DEBUG] [org.gradle.launcher.daemon.server.exec.LogToClient] About to start relaying all logs to the client via the connection.
2025-03-31T15:18:40.263+0700 [INFO] [org.gradle.launcher.daemon.server.exec.LogToClient] The client will now receive all logging from the daemon (pid: 17800). The daemon log file: C:\Users\Administrator\AndroidStudioProjects\PrescriptionManagementApp\daemon\8.10.2\daemon-17800.out.log
2025-03-31T15:18:40.264+0700 [INFO] [org.gradle.launcher.daemon.server.exec.LogAndCheckHealth] Starting 7th build in daemon [uptime: 17 mins 44.256 secs, performance: 99%, GC rate: 0.00/s, heap usage: 0% of 2 GiB]
2025-03-31T15:18:40.264+0700 [DEBUG] [org.gradle.launcher.daemon.server.exec.ExecuteBuild] The daemon has started executing the build.
2025-03-31T15:18:40.264+0700 [DEBUG] [org.gradle.launcher.daemon.server.exec.ExecuteBuild] Executing build with daemon context: DefaultDaemonContext[uid=89614fa2-7840-4de0-b7e2-71cce844aa28,javaHome=C:\Program Files\Android\Android Studio\jbr,javaVersion=21,javaVendor=JetBrains s.r.o.,daemonRegistryDir=C:\Users\Administrator\AndroidStudioProjects\PrescriptionManagementApp\daemon,pid=17800,idleTimeout=10800000,priority=NORMAL,applyInstrumentationAgent=true,nativeServicesMode=ENABLED,daemonOpts=--add-opens=java.base/java.util=ALL-UNNAMED,--add-opens=java.base/java.lang=ALL-UNNAMED,--add-opens=java.base/java.lang.invoke=ALL-UNNAMED,--add-opens=java.prefs/java.util.prefs=ALL-UNNAMED,--add-exports=jdk.compiler/com.sun.tools.javac.api=ALL-UNNAMED,--add-exports=jdk.compiler/com.sun.tools.javac.util=ALL-UNNAMED,--add-opens=java.base/java.nio.charset=ALL-UNNAMED,--add-opens=java.base/java.net=ALL-UNNAMED,--add-opens=java.base/java.util.concurrent.atomic=ALL-UNNAMED,-Xmx2048m,-Dfile.encoding=UTF-8,-Duser.country=US,-Duser.language=en,-Duser.variant]

BUILD SUCCESSFUL in 1s
31 actionable tasks: 4 executed, 27 up-to-date
2025-03-31T15:18:41.325+0700 [DEBUG] [org.gradle.launcher.daemon.server.exec.ExecuteBuild] The daemon has finished executing the build.
2025-03-31T15:18:41.342+0700 [DEBUG] [org.gradle.launcher.daemon.server.DaemonStateCoordinator] daemon is running. Sleeping until state changes.
2025-03-31T15:18:41.342+0700 [DEBUG] [org.gradle.launcher.daemon.server.DaemonStateCoordinator] Command execution: finished waiting for DaemonCommandExecution[command = Build{id=8b1d503c-2cfd-4046-8dd9-b52ae7a18fcd, currentDir=C:\Users\Administrator\AndroidStudioProjects\PrescriptionManagementApp}, connection = DefaultDaemonConnection: socket connection from /127.0.0.1:58883 to /127.0.0.1:59966]. Result org.gradle.launcher.daemon.server.DaemonStateCoordinator@27b9b66 with state Busy
2025-03-31T15:18:41.342+0700 [DEBUG] [org.gradle.launcher.daemon.server.DaemonStateCoordinator] Command execution: completed DaemonCommandExecution[command = Build{id=8b1d503c-2cfd-4046-8dd9-b52ae7a18fcd, currentDir=C:\Users\Administrator\AndroidStudioProjects\PrescriptionManagementApp}, connection = DefaultDaemonConnection: socket connection from /127.0.0.1:58883 to /127.0.0.1:59966]
2025-03-31T15:18:41.342+0700 [DEBUG] [org.gradle.launcher.daemon.server.DaemonStateCoordinator] resetting idle timer
2025-03-31T15:18:41.342+0700 [INFO] [org.gradle.launcher.daemon.server.DaemonRegistryUpdater] Marking the daemon as idle, address: [585f90fc-9774-45e1-96e1-e03717c9af97 port:58883, addresses:[localhost/127.0.0.1]]
2025-03-31T15:18:41.342+0700 [DEBUG] [org.gradle.launcher.daemon.registry.PersistentDaemonRegistry] Marking busy by address: [585f90fc-9774-45e1-96e1-e03717c9af97 port:58883, addresses:[localhost/127.0.0.1]]
2025-03-31T15:18:41.343+0700 [DEBUG] [org.gradle.cache.internal.DefaultFileLockManager] Waiting to acquire exclusive lock on daemon addresses registry.
2025-03-31T15:18:41.343+0700 [DEBUG] [org.gradle.cache.internal.DefaultFileLockManager] Lock acquired on daemon addresses registry.
2025-03-31T15:18:41.344+0700 [DEBUG] [org.gradle.cache.internal.DefaultFileLockManager] Releasing lock on daemon addresses registry.
2025-03-31T15:18:41.345+0700 [DEBUG] [org.gradle.launcher.daemon.server.DaemonStateCoordinator] daemon is running. Sleeping until state changes.
2025-03-31T15:18:41.345+0700 [DEBUG] [org.gradle.launcher.daemon.server.exec.ReturnResult] Daemon is dispatching the build result: Success[value=org.gradle.launcher.exec.BuildActionResult@166129ec]
2025-03-31T15:18:41.345+0700 [DEBUG] [org.gradle.launcher.daemon.server.SynchronizedDispatchConnection] thread 594: dispatching Success[value=org.gradle.launcher.exec.BuildActionResult@166129ec]
2025-03-31T15:18:41.345+0700 [DEBUG] [org.gradle.launcher.daemon.server.exec.CleanUpVirtualFileSystemAfterBuild] Cleaning virtual file system after build finished
2025-03-31T15:18:41.345+0700 [DEBUG] [org.gradle.launcher.daemon.server.DefaultIncomingConnectionHandler] Finishing executing command: Build{id=8b1d503c-2cfd-4046-8dd9-b52ae7a18fcd, currentDir=C:\Users\Administrator\AndroidStudioProjects\PrescriptionManagementApp}
2025-03-31T15:18:41.345+0700 [DEBUG] [org.gradle.launcher.daemon.server.SynchronizedDispatchConnection] thread 701: received class org.gradle.launcher.daemon.protocol.CloseInput
2025-03-31T15:18:41.346+0700 [DEBUG] [org.gradle.launcher.daemon.server.DefaultDaemonConnection] thread 701: Received IO message from client: org.gradle.launcher.daemon.protocol.CloseInput@591aee3
2025-03-31T15:18:41.346+0700 [DEBUG] [org.gradle.launcher.daemon.server.SynchronizedDispatchConnection] thread 701: received class org.gradle.launcher.daemon.protocol.Finished
2025-03-31T15:18:41.346+0700 [DEBUG] [org.gradle.launcher.daemon.server.DefaultDaemonConnection] thread 701: Received non-IO message from client: org.gradle.launcher.daemon.protocol.Finished@b564021
2025-03-31T15:18:41.346+0700 [DEBUG] [org.gradle.launcher.daemon.server.DefaultIncomingConnectionHandler] Received finished message: org.gradle.launcher.daemon.protocol.Finished@b564021
2025-03-31T15:18:41.346+0700 [DEBUG] [org.gradle.internal.remote.internal.inet.SocketConnection] Discarding EOFException: java.io.EOFException
2025-03-31T15:18:41.346+0700 [DEBUG] [org.gradle.launcher.daemon.server.SynchronizedDispatchConnection] thread 594: stopping connection
2025-03-31T15:18:41.346+0700 [DEBUG] [org.gradle.launcher.daemon.server.SynchronizedDispatchConnection] thread 701: received null
2025-03-31T15:18:41.346+0700 [DEBUG] [org.gradle.launcher.daemon.server.DefaultDaemonConnection] thread 701: Received end-of-input from client.
2025-03-31T15:18:41.347+0700 [DEBUG] [org.gradle.launcher.daemon.server.SynchronizedDispatchConnection] thread 594: stopping connection
2025-03-31T15:18:46.338+0700 [DEBUG] [org.gradle.cache.internal.DefaultFileLockManager] Waiting to acquire shared lock on daemon addresses registry.
2025-03-31T15:18:46.338+0700 [DEBUG] [org.gradle.cache.internal.DefaultFileLockManager] Lock acquired on daemon addresses registry.
2025-03-31T15:18:46.339+0700 [DEBUG] [org.gradle.cache.internal.DefaultFileLockManager] Releasing lock on daemon addresses registry.
2025-03-31T15:18:46.340+0700 [DEBUG] [org.gradle.cache.internal.DefaultFileLockManager] Waiting to acquire shared lock on daemon addresses registry.
2025-03-31T15:18:46.340+0700 [DEBUG] [org.gradle.cache.internal.DefaultFileLockManager] Lock acquired on daemon addresses registry.
2025-03-31T15:18:46.340+0700 [DEBUG] [org.gradle.cache.internal.DefaultFileLockManager] Releasing lock on daemon addresses registry.
2025-03-31T15:18:52.106+0700 [DEBUG] [org.gradle.internal.watch.vfs.impl.WatchingVirtualFileSystem] Handling VFS change CREATED C:\Users\Administrator\AndroidStudioProjects\PrescriptionManagementApp\app\src\main\java\com\mad\prescriptionmanagementapp\ui\activity\MainActivity.java~
2025-03-31T15:18:52.107+0700 [DEBUG] [org.gradle.internal.watch.vfs.impl.WatchingVirtualFileSystem] Handling VFS change MODIFIED C:\Users\Administrator\AndroidStudioProjects\PrescriptionManagementApp\app\src\main\java\com\mad\prescriptionmanagementapp\ui\activity\MainActivity.java
2025-03-31T15:18:52.128+0700 [DEBUG] [org.gradle.internal.remote.internal.inet.TcpIncomingConnector] Accepted connection from /127.0.0.1:59988 to /127.0.0.1:58883.
2025-03-31T15:18:52.132+0700 [DEBUG] [org.gradle.launcher.daemon.server.SynchronizedDispatchConnection] thread 806: received class org.gradle.launcher.daemon.protocol.Build
2025-03-31T15:18:52.132+0700 [DEBUG] [org.gradle.launcher.daemon.server.DefaultDaemonConnection] thread 806: Received non-IO message from client: Build{id=4405ac28-ee3e-4087-bb2d-20e65dcab7f9, currentDir=C:\Users\Administrator\AndroidStudioProjects\PrescriptionManagementApp}
2025-03-31T15:18:52.132+0700 [INFO] [org.gradle.launcher.daemon.server.DefaultIncomingConnectionHandler] Received command: Build{id=4405ac28-ee3e-4087-bb2d-20e65dcab7f9, currentDir=C:\Users\Administrator\AndroidStudioProjects\PrescriptionManagementApp}.
2025-03-31T15:18:52.132+0700 [DEBUG] [org.gradle.launcher.daemon.server.DefaultIncomingConnectionHandler] Starting executing command: Build{id=4405ac28-ee3e-4087-bb2d-20e65dcab7f9, currentDir=C:\Users\Administrator\AndroidStudioProjects\PrescriptionManagementApp} with connection: socket connection from /127.0.0.1:58883 to /127.0.0.1:59988.
2025-03-31T15:18:52.132+0700 [DEBUG] [org.gradle.launcher.daemon.server.DaemonStateCoordinator] Command execution: started DaemonCommandExecution[command = Build{id=4405ac28-ee3e-4087-bb2d-20e65dcab7f9, currentDir=C:\Users\Administrator\AndroidStudioProjects\PrescriptionManagementApp}, connection = DefaultDaemonConnection: socket connection from /127.0.0.1:58883 to /127.0.0.1:59988] after 0.17981666666666665 minutes of idle
2025-03-31T15:18:52.132+0700 [INFO] [org.gradle.launcher.daemon.server.DaemonRegistryUpdater] Marking the daemon as busy, address: [585f90fc-9774-45e1-96e1-e03717c9af97 port:58883, addresses:[localhost/127.0.0.1]]
2025-03-31T15:18:52.132+0700 [DEBUG] [org.gradle.launcher.daemon.registry.PersistentDaemonRegistry] Marking busy by address: [585f90fc-9774-45e1-96e1-e03717c9af97 port:58883, addresses:[localhost/127.0.0.1]]
2025-03-31T15:18:52.133+0700 [DEBUG] [org.gradle.cache.internal.DefaultFileLockManager] Waiting to acquire exclusive lock on daemon addresses registry.
2025-03-31T15:18:52.133+0700 [DEBUG] [org.gradle.cache.internal.DefaultFileLockManager] Lock acquired on daemon addresses registry.
2025-03-31T15:18:52.134+0700 [DEBUG] [org.gradle.cache.internal.DefaultFileLockManager] Releasing lock on daemon addresses registry.
2025-03-31T15:18:52.134+0700 [DEBUG] [org.gradle.launcher.daemon.server.DaemonStateCoordinator] resetting idle timer
2025-03-31T15:18:52.134+0700 [DEBUG] [org.gradle.launcher.daemon.server.DaemonStateCoordinator] daemon is running. Sleeping until state changes.
2025-03-31T15:18:52.134+0700 [INFO] [org.gradle.launcher.daemon.server.exec.StartBuildOrRespondWithBusy] Daemon is about to start building Build{id=4405ac28-ee3e-4087-bb2d-20e65dcab7f9, currentDir=C:\Users\Administrator\AndroidStudioProjects\PrescriptionManagementApp}. Dispatching build started information...
2025-03-31T15:18:52.135+0700 [DEBUG] [org.gradle.launcher.daemon.server.SynchronizedDispatchConnection] thread 597: dispatching org.gradle.launcher.daemon.protocol.BuildStarted@4b389530
2025-03-31T15:18:52.135+0700 [DEBUG] [org.gradle.launcher.daemon.server.exec.EstablishBuildEnvironment] Configuring env variables: [USERDOMAIN_ROAMINGPROFILE, LOCALAPPDATA, PROCESSOR_LEVEL, USERDOMAIN, LOGONSERVER, FPS_BROWSER_APP_PROFILE_STRING, SESSIONNAME, ALLUSERSPROFILE, PROCESSOR_ARCHITECTURE, PSModulePath, SystemDrive, EFC_3896, OneDrive, MAVEN_HOME, APPDATA, NODEJS, USERNAME, ProgramFiles(x86), CommonProgramFiles, Path, FPS_BROWSER_USER_PROFILE_STRING, PATHEXT, DriverData, OS, COMPUTERNAME, PROCESSOR_REVISION, CommonProgramW6432, ComSpec, ProgramData, ProgramW6432, TEMP, HOMEPATH, SystemRoot, PROCESSOR_IDENTIFIER, HOMEDRIVE, USERPROFILE, TMP, CommonProgramFiles(x86), ProgramFiles, PUBLIC, windir, NUMBER_OF_PROCESSORS, Java17, =::]
2025-03-31T15:18:52.136+0700 [DEBUG] [org.gradle.launcher.daemon.server.exec.LogToClient] About to start relaying all logs to the client via the connection.
2025-03-31T15:18:52.136+0700 [INFO] [org.gradle.launcher.daemon.server.exec.LogToClient] The client will now receive all logging from the daemon (pid: 17800). The daemon log file: C:\Users\Administrator\AndroidStudioProjects\PrescriptionManagementApp\daemon\8.10.2\daemon-17800.out.log
2025-03-31T15:18:52.136+0700 [INFO] [org.gradle.launcher.daemon.server.exec.LogAndCheckHealth] Starting 8th build in daemon [uptime: 17 mins 56.128 secs, performance: 99%, GC rate: 0.00/s, heap usage: 0% of 2 GiB]
2025-03-31T15:18:52.137+0700 [DEBUG] [org.gradle.launcher.daemon.server.exec.ExecuteBuild] The daemon has started executing the build.
2025-03-31T15:18:52.137+0700 [DEBUG] [org.gradle.launcher.daemon.server.exec.ExecuteBuild] Executing build with daemon context: DefaultDaemonContext[uid=89614fa2-7840-4de0-b7e2-71cce844aa28,javaHome=C:\Program Files\Android\Android Studio\jbr,javaVersion=21,javaVendor=JetBrains s.r.o.,daemonRegistryDir=C:\Users\Administrator\AndroidStudioProjects\PrescriptionManagementApp\daemon,pid=17800,idleTimeout=10800000,priority=NORMAL,applyInstrumentationAgent=true,nativeServicesMode=ENABLED,daemonOpts=--add-opens=java.base/java.util=ALL-UNNAMED,--add-opens=java.base/java.lang=ALL-UNNAMED,--add-opens=java.base/java.lang.invoke=ALL-UNNAMED,--add-opens=java.prefs/java.util.prefs=ALL-UNNAMED,--add-exports=jdk.compiler/com.sun.tools.javac.api=ALL-UNNAMED,--add-exports=jdk.compiler/com.sun.tools.javac.util=ALL-UNNAMED,--add-opens=java.base/java.nio.charset=ALL-UNNAMED,--add-opens=java.base/java.net=ALL-UNNAMED,--add-opens=java.base/java.util.concurrent.atomic=ALL-UNNAMED,-Xmx2048m,-Dfile.encoding=UTF-8,-Duser.country=US,-Duser.language=en,-Duser.variant]

BUILD SUCCESSFUL in 964ms
31 actionable tasks: 4 executed, 27 up-to-date
2025-03-31T15:18:53.129+0700 [DEBUG] [org.gradle.launcher.daemon.server.exec.ExecuteBuild] The daemon has finished executing the build.
2025-03-31T15:18:53.145+0700 [DEBUG] [org.gradle.launcher.daemon.server.DaemonStateCoordinator] daemon is running. Sleeping until state changes.
2025-03-31T15:18:53.145+0700 [DEBUG] [org.gradle.launcher.daemon.server.DaemonStateCoordinator] Command execution: finished waiting for DaemonCommandExecution[command = Build{id=4405ac28-ee3e-4087-bb2d-20e65dcab7f9, currentDir=C:\Users\Administrator\AndroidStudioProjects\PrescriptionManagementApp}, connection = DefaultDaemonConnection: socket connection from /127.0.0.1:58883 to /127.0.0.1:59988]. Result org.gradle.launcher.daemon.server.DaemonStateCoordinator@27b9b66 with state Busy
2025-03-31T15:18:53.145+0700 [DEBUG] [org.gradle.launcher.daemon.server.DaemonStateCoordinator] Command execution: completed DaemonCommandExecution[command = Build{id=4405ac28-ee3e-4087-bb2d-20e65dcab7f9, currentDir=C:\Users\Administrator\AndroidStudioProjects\PrescriptionManagementApp}, connection = DefaultDaemonConnection: socket connection from /127.0.0.1:58883 to /127.0.0.1:59988]
2025-03-31T15:18:53.145+0700 [DEBUG] [org.gradle.launcher.daemon.server.DaemonStateCoordinator] resetting idle timer
2025-03-31T15:18:53.145+0700 [INFO] [org.gradle.launcher.daemon.server.DaemonRegistryUpdater] Marking the daemon as idle, address: [585f90fc-9774-45e1-96e1-e03717c9af97 port:58883, addresses:[localhost/127.0.0.1]]
2025-03-31T15:18:53.145+0700 [DEBUG] [org.gradle.launcher.daemon.registry.PersistentDaemonRegistry] Marking busy by address: [585f90fc-9774-45e1-96e1-e03717c9af97 port:58883, addresses:[localhost/127.0.0.1]]
2025-03-31T15:18:53.146+0700 [DEBUG] [org.gradle.cache.internal.DefaultFileLockManager] Waiting to acquire exclusive lock on daemon addresses registry.
2025-03-31T15:18:53.146+0700 [DEBUG] [org.gradle.cache.internal.DefaultFileLockManager] Lock acquired on daemon addresses registry.
2025-03-31T15:18:53.148+0700 [DEBUG] [org.gradle.cache.internal.DefaultFileLockManager] Releasing lock on daemon addresses registry.
2025-03-31T15:18:53.148+0700 [DEBUG] [org.gradle.launcher.daemon.server.DaemonStateCoordinator] daemon is running. Sleeping until state changes.
2025-03-31T15:18:53.148+0700 [DEBUG] [org.gradle.launcher.daemon.server.exec.ReturnResult] Daemon is dispatching the build result: Success[value=org.gradle.launcher.exec.BuildActionResult@1a913793]
2025-03-31T15:18:53.148+0700 [DEBUG] [org.gradle.launcher.daemon.server.SynchronizedDispatchConnection] thread 594: dispatching Success[value=org.gradle.launcher.exec.BuildActionResult@1a913793]
2025-03-31T15:18:53.149+0700 [DEBUG] [org.gradle.launcher.daemon.server.exec.CleanUpVirtualFileSystemAfterBuild] Cleaning virtual file system after build finished
2025-03-31T15:18:53.149+0700 [DEBUG] [org.gradle.launcher.daemon.server.DefaultIncomingConnectionHandler] Finishing executing command: Build{id=4405ac28-ee3e-4087-bb2d-20e65dcab7f9, currentDir=C:\Users\Administrator\AndroidStudioProjects\PrescriptionManagementApp}
2025-03-31T15:18:53.149+0700 [DEBUG] [org.gradle.launcher.daemon.server.SynchronizedDispatchConnection] thread 806: received class org.gradle.launcher.daemon.protocol.CloseInput
2025-03-31T15:18:53.149+0700 [DEBUG] [org.gradle.launcher.daemon.server.DefaultDaemonConnection] thread 806: Received IO message from client: org.gradle.launcher.daemon.protocol.CloseInput@682d6dd4
2025-03-31T15:18:53.149+0700 [DEBUG] [org.gradle.launcher.daemon.server.SynchronizedDispatchConnection] thread 806: received class org.gradle.launcher.daemon.protocol.Finished
2025-03-31T15:18:53.149+0700 [DEBUG] [org.gradle.launcher.daemon.server.DefaultDaemonConnection] thread 806: Received non-IO message from client: org.gradle.launcher.daemon.protocol.Finished@66ea8ea1
2025-03-31T15:18:53.149+0700 [DEBUG] [org.gradle.launcher.daemon.server.DefaultIncomingConnectionHandler] Received finished message: org.gradle.launcher.daemon.protocol.Finished@66ea8ea1
2025-03-31T15:18:53.149+0700 [DEBUG] [org.gradle.launcher.daemon.server.SynchronizedDispatchConnection] thread 594: stopping connection
2025-03-31T15:18:53.149+0700 [DEBUG] [org.gradle.internal.remote.internal.inet.SocketConnection] Discarding EOFException: java.io.EOFException
2025-03-31T15:18:53.149+0700 [DEBUG] [org.gradle.launcher.daemon.server.SynchronizedDispatchConnection] thread 806: received null
2025-03-31T15:18:53.149+0700 [DEBUG] [org.gradle.launcher.daemon.server.DefaultDaemonConnection] thread 806: Received end-of-input from client.
2025-03-31T15:18:53.150+0700 [DEBUG] [org.gradle.launcher.daemon.server.SynchronizedDispatchConnection] thread 594: stopping connection
2025-03-31T15:18:56.336+0700 [DEBUG] [org.gradle.cache.internal.DefaultFileLockManager] Waiting to acquire shared lock on daemon addresses registry.
2025-03-31T15:18:56.336+0700 [DEBUG] [org.gradle.cache.internal.DefaultFileLockManager] Lock acquired on daemon addresses registry.
2025-03-31T15:18:56.337+0700 [DEBUG] [org.gradle.cache.internal.DefaultFileLockManager] Releasing lock on daemon addresses registry.
2025-03-31T15:18:56.338+0700 [DEBUG] [org.gradle.cache.internal.DefaultFileLockManager] Waiting to acquire shared lock on daemon addresses registry.
2025-03-31T15:18:56.338+0700 [DEBUG] [org.gradle.cache.internal.DefaultFileLockManager] Lock acquired on daemon addresses registry.
2025-03-31T15:18:56.338+0700 [DEBUG] [org.gradle.cache.internal.DefaultFileLockManager] Releasing lock on daemon addresses registry.
2025-03-31T15:19:06.344+0700 [DEBUG] [org.gradle.cache.internal.DefaultFileLockManager] Waiting to acquire shared lock on daemon addresses registry.
2025-03-31T15:19:06.344+0700 [DEBUG] [org.gradle.cache.internal.DefaultFileLockManager] Lock acquired on daemon addresses registry.
2025-03-31T15:19:06.344+0700 [DEBUG] [org.gradle.cache.internal.DefaultFileLockManager] Releasing lock on daemon addresses registry.
2025-03-31T15:19:06.345+0700 [DEBUG] [org.gradle.cache.internal.DefaultFileLockManager] Waiting to acquire shared lock on daemon addresses registry.
2025-03-31T15:19:06.345+0700 [DEBUG] [org.gradle.cache.internal.DefaultFileLockManager] Lock acquired on daemon addresses registry.
2025-03-31T15:19:06.346+0700 [DEBUG] [org.gradle.cache.internal.DefaultFileLockManager] Releasing lock on daemon addresses registry.
2025-03-31T15:19:06.346+0700 [DEBUG] [org.gradle.cache.internal.DefaultFileLockManager] Waiting to acquire shared lock on daemon addresses registry.
2025-03-31T15:19:06.346+0700 [DEBUG] [org.gradle.cache.internal.DefaultFileLockManager] Lock acquired on daemon addresses registry.
2025-03-31T15:19:06.346+0700 [DEBUG] [org.gradle.cache.internal.DefaultFileLockManager] Releasing lock on daemon addresses registry.
2025-03-31T15:19:16.341+0700 [DEBUG] [org.gradle.cache.internal.DefaultFileLockManager] Waiting to acquire shared lock on daemon addresses registry.
2025-03-31T15:19:16.341+0700 [DEBUG] [org.gradle.cache.internal.DefaultFileLockManager] Lock acquired on daemon addresses registry.
2025-03-31T15:19:16.341+0700 [DEBUG] [org.gradle.cache.internal.DefaultFileLockManager] Releasing lock on daemon addresses registry.
2025-03-31T15:19:16.342+0700 [DEBUG] [org.gradle.cache.internal.DefaultFileLockManager] Waiting to acquire shared lock on daemon addresses registry.
2025-03-31T15:19:16.342+0700 [DEBUG] [org.gradle.cache.internal.DefaultFileLockManager] Lock acquired on daemon addresses registry.
2025-03-31T15:19:16.342+0700 [DEBUG] [org.gradle.cache.internal.DefaultFileLockManager] Releasing lock on daemon addresses registry.
2025-03-31T15:19:16.343+0700 [DEBUG] [org.gradle.cache.internal.DefaultFileLockManager] Waiting to acquire shared lock on daemon addresses registry.
2025-03-31T15:19:16.343+0700 [DEBUG] [org.gradle.cache.internal.DefaultFileLockManager] Lock acquired on daemon addresses registry.
2025-03-31T15:19:16.343+0700 [DEBUG] [org.gradle.cache.internal.DefaultFileLockManager] Releasing lock on daemon addresses registry.
2025-03-31T15:19:26.340+0700 [DEBUG] [org.gradle.cache.internal.DefaultFileLockManager] Waiting to acquire shared lock on daemon addresses registry.
2025-03-31T15:19:26.340+0700 [DEBUG] [org.gradle.cache.internal.DefaultFileLockManager] Lock acquired on daemon addresses registry.
2025-03-31T15:19:26.340+0700 [DEBUG] [org.gradle.cache.internal.DefaultFileLockManager] Releasing lock on daemon addresses registry.
2025-03-31T15:19:26.341+0700 [DEBUG] [org.gradle.cache.internal.DefaultFileLockManager] Waiting to acquire shared lock on daemon addresses registry.
2025-03-31T15:19:26.341+0700 [DEBUG] [org.gradle.cache.internal.DefaultFileLockManager] Lock acquired on daemon addresses registry.
2025-03-31T15:19:26.341+0700 [DEBUG] [org.gradle.cache.internal.DefaultFileLockManager] Releasing lock on daemon addresses registry.
2025-03-31T15:19:26.342+0700 [DEBUG] [org.gradle.cache.internal.DefaultFileLockManager] Waiting to acquire shared lock on daemon addresses registry.
2025-03-31T15:19:26.342+0700 [DEBUG] [org.gradle.cache.internal.DefaultFileLockManager] Lock acquired on daemon addresses registry.
2025-03-31T15:19:26.342+0700 [DEBUG] [org.gradle.cache.internal.DefaultFileLockManager] Releasing lock on daemon addresses registry.
2025-03-31T15:19:36.330+0700 [DEBUG] [org.gradle.cache.internal.DefaultFileLockManager] Waiting to acquire shared lock on daemon addresses registry.
2025-03-31T15:19:36.330+0700 [DEBUG] [org.gradle.cache.internal.DefaultFileLockManager] Lock acquired on daemon addresses registry.
2025-03-31T15:19:36.330+0700 [DEBUG] [org.gradle.cache.internal.DefaultFileLockManager] Releasing lock on daemon addresses registry.
2025-03-31T15:19:36.331+0700 [DEBUG] [org.gradle.cache.internal.DefaultFileLockManager] Waiting to acquire shared lock on daemon addresses registry.
2025-03-31T15:19:36.331+0700 [DEBUG] [org.gradle.cache.internal.DefaultFileLockManager] Lock acquired on daemon addresses registry.
2025-03-31T15:19:36.331+0700 [DEBUG] [org.gradle.cache.internal.DefaultFileLockManager] Releasing lock on daemon addresses registry.
2025-03-31T15:19:36.332+0700 [DEBUG] [org.gradle.cache.internal.DefaultFileLockManager] Waiting to acquire shared lock on daemon addresses registry.
2025-03-31T15:19:36.332+0700 [DEBUG] [org.gradle.cache.internal.DefaultFileLockManager] Lock acquired on daemon addresses registry.
2025-03-31T15:19:36.332+0700 [DEBUG] [org.gradle.cache.internal.DefaultFileLockManager] Releasing lock on daemon addresses registry.
2025-03-31T15:19:46.329+0700 [DEBUG] [org.gradle.cache.internal.DefaultFileLockManager] Waiting to acquire shared lock on daemon addresses registry.
2025-03-31T15:19:46.329+0700 [DEBUG] [org.gradle.cache.internal.DefaultFileLockManager] Lock acquired on daemon addresses registry.
2025-03-31T15:19:46.330+0700 [DEBUG] [org.gradle.cache.internal.DefaultFileLockManager] Releasing lock on daemon addresses registry.
2025-03-31T15:19:46.330+0700 [DEBUG] [org.gradle.cache.internal.DefaultFileLockManager] Waiting to acquire shared lock on daemon addresses registry.
2025-03-31T15:19:46.331+0700 [DEBUG] [org.gradle.cache.internal.DefaultFileLockManager] Lock acquired on daemon addresses registry.
2025-03-31T15:19:46.331+0700 [DEBUG] [org.gradle.cache.internal.DefaultFileLockManager] Releasing lock on daemon addresses registry.
2025-03-31T15:19:46.331+0700 [DEBUG] [org.gradle.cache.internal.DefaultFileLockManager] Waiting to acquire shared lock on daemon addresses registry.
2025-03-31T15:19:46.332+0700 [DEBUG] [org.gradle.cache.internal.DefaultFileLockManager] Lock acquired on daemon addresses registry.
2025-03-31T15:19:46.332+0700 [DEBUG] [org.gradle.cache.internal.DefaultFileLockManager] Releasing lock on daemon addresses registry.
2025-03-31T15:19:56.336+0700 [DEBUG] [org.gradle.cache.internal.DefaultFileLockManager] Waiting to acquire shared lock on daemon addresses registry.
2025-03-31T15:19:56.337+0700 [DEBUG] [org.gradle.cache.internal.DefaultFileLockManager] Lock acquired on daemon addresses registry.
2025-03-31T15:19:56.337+0700 [DEBUG] [org.gradle.cache.internal.DefaultFileLockManager] Releasing lock on daemon addresses registry.
2025-03-31T15:19:56.338+0700 [DEBUG] [org.gradle.cache.internal.DefaultFileLockManager] Waiting to acquire shared lock on daemon addresses registry.
2025-03-31T15:19:56.338+0700 [DEBUG] [org.gradle.cache.internal.DefaultFileLockManager] Lock acquired on daemon addresses registry.
2025-03-31T15:19:56.338+0700 [DEBUG] [org.gradle.cache.internal.DefaultFileLockManager] Releasing lock on daemon addresses registry.
2025-03-31T15:19:56.339+0700 [DEBUG] [org.gradle.cache.internal.DefaultFileLockManager] Waiting to acquire shared lock on daemon addresses registry.
2025-03-31T15:19:56.339+0700 [DEBUG] [org.gradle.cache.internal.DefaultFileLockManager] Lock acquired on daemon addresses registry.
2025-03-31T15:19:56.339+0700 [DEBUG] [org.gradle.cache.internal.DefaultFileLockManager] Releasing lock on daemon addresses registry.
2025-03-31T15:20:06.329+0700 [DEBUG] [org.gradle.cache.internal.DefaultFileLockManager] Waiting to acquire shared lock on daemon addresses registry.
2025-03-31T15:20:06.329+0700 [DEBUG] [org.gradle.cache.internal.DefaultFileLockManager] Lock acquired on daemon addresses registry.
2025-03-31T15:20:06.329+0700 [DEBUG] [org.gradle.cache.internal.DefaultFileLockManager] Releasing lock on daemon addresses registry.
2025-03-31T15:20:06.330+0700 [DEBUG] [org.gradle.cache.internal.DefaultFileLockManager] Waiting to acquire shared lock on daemon addresses registry.
2025-03-31T15:20:06.330+0700 [DEBUG] [org.gradle.cache.internal.DefaultFileLockManager] Lock acquired on daemon addresses registry.
2025-03-31T15:20:06.330+0700 [DEBUG] [org.gradle.cache.internal.DefaultFileLockManager] Releasing lock on daemon addresses registry.
2025-03-31T15:20:06.330+0700 [DEBUG] [org.gradle.cache.internal.DefaultFileLockManager] Waiting to acquire shared lock on daemon addresses registry.
2025-03-31T15:20:06.330+0700 [DEBUG] [org.gradle.cache.internal.DefaultFileLockManager] Lock acquired on daemon addresses registry.
2025-03-31T15:20:06.331+0700 [DEBUG] [org.gradle.cache.internal.DefaultFileLockManager] Releasing lock on daemon addresses registry.
2025-03-31T15:20:16.340+0700 [DEBUG] [org.gradle.cache.internal.DefaultFileLockManager] Waiting to acquire shared lock on daemon addresses registry.
2025-03-31T15:20:16.340+0700 [DEBUG] [org.gradle.cache.internal.DefaultFileLockManager] Lock acquired on daemon addresses registry.
2025-03-31T15:20:16.340+0700 [DEBUG] [org.gradle.cache.internal.DefaultFileLockManager] Releasing lock on daemon addresses registry.
2025-03-31T15:20:16.341+0700 [DEBUG] [org.gradle.cache.internal.DefaultFileLockManager] Waiting to acquire shared lock on daemon addresses registry.
2025-03-31T15:20:16.341+0700 [DEBUG] [org.gradle.cache.internal.DefaultFileLockManager] Lock acquired on daemon addresses registry.
2025-03-31T15:20:16.341+0700 [DEBUG] [org.gradle.cache.internal.DefaultFileLockManager] Releasing lock on daemon addresses registry.
2025-03-31T15:20:16.342+0700 [DEBUG] [org.gradle.cache.internal.DefaultFileLockManager] Waiting to acquire shared lock on daemon addresses registry.
2025-03-31T15:20:16.342+0700 [DEBUG] [org.gradle.cache.internal.DefaultFileLockManager] Lock acquired on daemon addresses registry.
2025-03-31T15:20:16.342+0700 [DEBUG] [org.gradle.cache.internal.DefaultFileLockManager] Releasing lock on daemon addresses registry.
2025-03-31T15:20:26.331+0700 [DEBUG] [org.gradle.cache.internal.DefaultFileLockManager] Waiting to acquire shared lock on daemon addresses registry.
2025-03-31T15:20:26.331+0700 [DEBUG] [org.gradle.cache.internal.DefaultFileLockManager] Lock acquired on daemon addresses registry.
2025-03-31T15:20:26.331+0700 [DEBUG] [org.gradle.cache.internal.DefaultFileLockManager] Releasing lock on daemon addresses registry.
2025-03-31T15:20:26.332+0700 [DEBUG] [org.gradle.cache.internal.DefaultFileLockManager] Waiting to acquire shared lock on daemon addresses registry.
2025-03-31T15:20:26.332+0700 [DEBUG] [org.gradle.cache.internal.DefaultFileLockManager] Lock acquired on daemon addresses registry.
2025-03-31T15:20:26.332+0700 [DEBUG] [org.gradle.cache.internal.DefaultFileLockManager] Releasing lock on daemon addresses registry.
2025-03-31T15:20:26.333+0700 [DEBUG] [org.gradle.cache.internal.DefaultFileLockManager] Waiting to acquire shared lock on daemon addresses registry.
2025-03-31T15:20:26.333+0700 [DEBUG] [org.gradle.cache.internal.DefaultFileLockManager] Lock acquired on daemon addresses registry.
2025-03-31T15:20:26.333+0700 [DEBUG] [org.gradle.cache.internal.DefaultFileLockManager] Releasing lock on daemon addresses registry.
2025-03-31T15:20:36.343+0700 [DEBUG] [org.gradle.cache.internal.DefaultFileLockManager] Waiting to acquire shared lock on daemon addresses registry.
2025-03-31T15:20:36.343+0700 [DEBUG] [org.gradle.cache.internal.DefaultFileLockManager] Lock acquired on daemon addresses registry.
2025-03-31T15:20:36.343+0700 [DEBUG] [org.gradle.cache.internal.DefaultFileLockManager] Releasing lock on daemon addresses registry.
2025-03-31T15:20:36.344+0700 [DEBUG] [org.gradle.cache.internal.DefaultFileLockManager] Waiting to acquire shared lock on daemon addresses registry.
2025-03-31T15:20:36.344+0700 [DEBUG] [org.gradle.cache.internal.DefaultFileLockManager] Lock acquired on daemon addresses registry.
2025-03-31T15:20:36.344+0700 [DEBUG] [org.gradle.cache.internal.DefaultFileLockManager] Releasing lock on daemon addresses registry.
2025-03-31T15:20:36.344+0700 [DEBUG] [org.gradle.cache.internal.DefaultFileLockManager] Waiting to acquire shared lock on daemon addresses registry.
2025-03-31T15:20:36.344+0700 [DEBUG] [org.gradle.cache.internal.DefaultFileLockManager] Lock acquired on daemon addresses registry.
2025-03-31T15:20:36.345+0700 [DEBUG] [org.gradle.cache.internal.DefaultFileLockManager] Releasing lock on daemon addresses registry.
2025-03-31T15:20:46.331+0700 [DEBUG] [org.gradle.cache.internal.DefaultFileLockManager] Waiting to acquire shared lock on daemon addresses registry.
2025-03-31T15:20:46.332+0700 [DEBUG] [org.gradle.cache.internal.DefaultFileLockManager] Lock acquired on daemon addresses registry.
2025-03-31T15:20:46.332+0700 [DEBUG] [org.gradle.cache.internal.DefaultFileLockManager] Releasing lock on daemon addresses registry.
2025-03-31T15:20:46.333+0700 [DEBUG] [org.gradle.cache.internal.DefaultFileLockManager] Waiting to acquire shared lock on daemon addresses registry.
2025-03-31T15:20:46.333+0700 [DEBUG] [org.gradle.cache.internal.DefaultFileLockManager] Lock acquired on daemon addresses registry.
2025-03-31T15:20:46.333+0700 [DEBUG] [org.gradle.cache.internal.DefaultFileLockManager] Releasing lock on daemon addresses registry.
2025-03-31T15:20:46.335+0700 [DEBUG] [org.gradle.cache.internal.DefaultFileLockManager] Waiting to acquire shared lock on daemon addresses registry.
2025-03-31T15:20:46.335+0700 [DEBUG] [org.gradle.cache.internal.DefaultFileLockManager] Lock acquired on daemon addresses registry.
2025-03-31T15:20:46.335+0700 [DEBUG] [org.gradle.cache.internal.DefaultFileLockManager] Releasing lock on daemon addresses registry.
2025-03-31T15:20:56.335+0700 [DEBUG] [org.gradle.cache.internal.DefaultFileLockManager] Waiting to acquire shared lock on daemon addresses registry.
2025-03-31T15:20:56.335+0700 [DEBUG] [org.gradle.cache.internal.DefaultFileLockManager] Lock acquired on daemon addresses registry.
2025-03-31T15:20:56.336+0700 [DEBUG] [org.gradle.cache.internal.DefaultFileLockManager] Releasing lock on daemon addresses registry.
2025-03-31T15:20:56.337+0700 [DEBUG] [org.gradle.cache.internal.DefaultFileLockManager] Waiting to acquire shared lock on daemon addresses registry.
2025-03-31T15:20:56.337+0700 [DEBUG] [org.gradle.cache.internal.DefaultFileLockManager] Lock acquired on daemon addresses registry.
2025-03-31T15:20:56.337+0700 [DEBUG] [org.gradle.cache.internal.DefaultFileLockManager] Releasing lock on daemon addresses registry.
2025-03-31T15:20:56.338+0700 [DEBUG] [org.gradle.cache.internal.DefaultFileLockManager] Waiting to acquire shared lock on daemon addresses registry.
2025-03-31T15:20:56.338+0700 [DEBUG] [org.gradle.cache.internal.DefaultFileLockManager] Lock acquired on daemon addresses registry.
2025-03-31T15:20:56.338+0700 [DEBUG] [org.gradle.cache.internal.DefaultFileLockManager] Releasing lock on daemon addresses registry.
2025-03-31T15:21:06.343+0700 [DEBUG] [org.gradle.cache.internal.DefaultFileLockManager] Waiting to acquire shared lock on daemon addresses registry.
2025-03-31T15:21:06.343+0700 [DEBUG] [org.gradle.cache.internal.DefaultFileLockManager] Lock acquired on daemon addresses registry.
2025-03-31T15:21:06.343+0700 [DEBUG] [org.gradle.cache.internal.DefaultFileLockManager] Releasing lock on daemon addresses registry.
2025-03-31T15:21:06.344+0700 [DEBUG] [org.gradle.cache.internal.DefaultFileLockManager] Waiting to acquire shared lock on daemon addresses registry.
2025-03-31T15:21:06.344+0700 [DEBUG] [org.gradle.cache.internal.DefaultFileLockManager] Lock acquired on daemon addresses registry.
2025-03-31T15:21:06.344+0700 [DEBUG] [org.gradle.cache.internal.DefaultFileLockManager] Releasing lock on daemon addresses registry.
2025-03-31T15:21:06.345+0700 [DEBUG] [org.gradle.cache.internal.DefaultFileLockManager] Waiting to acquire shared lock on daemon addresses registry.
2025-03-31T15:21:06.345+0700 [DEBUG] [org.gradle.cache.internal.DefaultFileLockManager] Lock acquired on daemon addresses registry.
2025-03-31T15:21:06.345+0700 [DEBUG] [org.gradle.cache.internal.DefaultFileLockManager] Releasing lock on daemon addresses registry.
2025-03-31T15:21:06.952+0700 [DEBUG] [org.gradle.internal.remote.internal.inet.TcpIncomingConnector] Accepted connection from /127.0.0.1:60143 to /127.0.0.1:58883.
2025-03-31T15:21:06.958+0700 [DEBUG] [org.gradle.launcher.daemon.server.SynchronizedDispatchConnection] thread 907: received class org.gradle.launcher.daemon.protocol.StopWhenIdle
2025-03-31T15:21:06.958+0700 [DEBUG] [org.gradle.launcher.daemon.server.DefaultDaemonConnection] thread 907: Received non-IO message from client: StopWhenIdle[id=016f8e33-9154-4d50-b64f-adea1c4929ee]
2025-03-31T15:21:06.958+0700 [INFO] [org.gradle.launcher.daemon.server.DefaultIncomingConnectionHandler] Received command: StopWhenIdle[id=016f8e33-9154-4d50-b64f-adea1c4929ee].
2025-03-31T15:21:06.958+0700 [DEBUG] [org.gradle.launcher.daemon.server.DefaultIncomingConnectionHandler] Starting executing command: StopWhenIdle[id=016f8e33-9154-4d50-b64f-adea1c4929ee] with connection: socket connection from /127.0.0.1:58883 to /127.0.0.1:60143.
2025-03-31T15:21:06.958+0700 [DEBUG] [org.gradle.launcher.daemon.server.DaemonRegistryUpdater] Storing daemon stop event: stop command received
2025-03-31T15:21:06.958+0700 [DEBUG] [org.gradle.launcher.daemon.registry.PersistentDaemonRegistry] Storing daemon stop event with timestamp 1743409266952
2025-03-31T15:21:06.960+0700 [DEBUG] [org.gradle.cache.internal.DefaultFileLockManager] Waiting to acquire exclusive lock on daemon addresses registry.
2025-03-31T15:21:06.961+0700 [DEBUG] [org.gradle.cache.internal.DefaultFileLockManager] Lock acquired on daemon addresses registry.
2025-03-31T15:21:06.962+0700 [DEBUG] [org.gradle.cache.internal.DefaultFileLockManager] Releasing lock on daemon addresses registry.
2025-03-31T15:21:06.963+0700 [LIFECYCLE] [org.gradle.launcher.daemon.server.DaemonStateCoordinator] Daemon will be stopped at the end of the build stop command received
2025-03-31T15:21:06.963+0700 [DEBUG] [org.gradle.launcher.daemon.server.DaemonStateCoordinator] Marking daemon stopped due to stop command received. The daemon is not running a build
2025-03-31T15:21:06.963+0700 [DEBUG] [org.gradle.launcher.daemon.server.DaemonStateCoordinator] daemon has stopped.
2025-03-31T15:21:06.963+0700 [DEBUG] [org.gradle.launcher.daemon.server.SynchronizedDispatchConnection] thread 906: dispatching Success[value=null]
2025-03-31T15:21:06.963+0700 [DEBUG] [org.gradle.launcher.daemon.server.DefaultIncomingConnectionHandler] Finishing executing command: StopWhenIdle[id=016f8e33-9154-4d50-b64f-adea1c4929ee]
2025-03-31T15:21:06.963+0700 [DEBUG] [org.gradle.launcher.daemon.server.Daemon] stop() called on daemon
2025-03-31T15:21:06.964+0700 [DEBUG] [org.gradle.launcher.daemon.server.SynchronizedDispatchConnection] thread 907: received class org.gradle.launcher.daemon.protocol.Finished
2025-03-31T15:21:06.964+0700 [DEBUG] [org.gradle.launcher.daemon.server.DefaultDaemonConnection] thread 907: Received non-IO message from client: org.gradle.launcher.daemon.protocol.Finished@7a762e5e
2025-03-31T15:21:06.964+0700 [INFO] [org.gradle.launcher.daemon.server.Daemon] Stop requested. Daemon is removing its presence from the registry...
2025-03-31T15:21:06.964+0700 [DEBUG] [org.gradle.launcher.daemon.server.DefaultIncomingConnectionHandler] Received finished message: org.gradle.launcher.daemon.protocol.Finished@7a762e5e
2025-03-31T15:21:06.964+0700 [DEBUG] [org.gradle.internal.remote.internal.inet.SocketConnection] Discarding EOFException: java.io.EOFException
2025-03-31T15:21:06.964+0700 [DEBUG] [org.gradle.launcher.daemon.server.SynchronizedDispatchConnection] thread 907: received null
2025-03-31T15:21:06.964+0700 [DEBUG] [org.gradle.launcher.daemon.server.DefaultDaemonConnection] thread 907: Received end-of-input from client.
2025-03-31T15:21:06.964+0700 [DEBUG] [org.gradle.launcher.daemon.server.SynchronizedDispatchConnection] thread 906: stopping connection
2025-03-31T15:21:06.964+0700 [DEBUG] [org.gradle.launcher.daemon.server.DaemonRegistryUpdater] Removing our presence to clients, eg. removing this address from the registry: [585f90fc-9774-45e1-96e1-e03717c9af97 port:58883, addresses:[localhost/127.0.0.1]]
2025-03-31T15:21:06.964+0700 [DEBUG] [org.gradle.launcher.daemon.registry.PersistentDaemonRegistry] Removing daemon address: [585f90fc-9774-45e1-96e1-e03717c9af97 port:58883, addresses:[localhost/127.0.0.1]]
2025-03-31T15:21:06.964+0700 [DEBUG] [org.gradle.launcher.daemon.server.SynchronizedDispatchConnection] thread 906: stopping connection
2025-03-31T15:21:06.965+0700 [DEBUG] [org.gradle.cache.internal.DefaultFileLockManager] Waiting to acquire exclusive lock on daemon addresses registry.
2025-03-31T15:21:06.966+0700 [DEBUG] [org.gradle.cache.internal.DefaultFileLockManager] Lock acquired on daemon addresses registry.
2025-03-31T15:21:06.967+0700 [DEBUG] [org.gradle.cache.internal.DefaultFileLockManager] Releasing lock on daemon addresses registry.
2025-03-31T15:21:06.967+0700 [DEBUG] [org.gradle.launcher.daemon.server.DaemonRegistryUpdater] Address removed from registry.
2025-03-31T15:21:06.974+0700 [DEBUG] [org.gradle.cache.internal.DefaultCacheCleanupExecutor] jars (C:\Users\Administrator\AndroidStudioProjects\PrescriptionManagementApp\caches\jars-9) has last been fully cleaned up 16 hours ago
2025-03-31T15:21:06.975+0700 [DEBUG] [org.gradle.cache.internal.DefaultCacheCleanupExecutor] Skipping cleanup for jars (C:\Users\Administrator\AndroidStudioProjects\PrescriptionManagementApp\caches\jars-9) as it is not yet due
2025-03-31T15:21:06.975+0700 [DEBUG] [org.gradle.cache.internal.DefaultCacheCoordinator] Cache jars (C:\Users\Administrator\AndroidStudioProjects\PrescriptionManagementApp\caches\jars-9) was closed 0 times.
2025-03-31T15:21:06.975+0700 [DEBUG] [org.gradle.cache.internal.LockOnDemandCrossProcessCacheAccess] Releasing file lock for file content cache (C:\Users\Administrator\AndroidStudioProjects\PrescriptionManagementApp\caches\8.10.2\fileContent)
2025-03-31T15:21:06.975+0700 [DEBUG] [org.gradle.cache.internal.DefaultFileLockManager] Releasing lock on file content cache (C:\Users\Administrator\AndroidStudioProjects\PrescriptionManagementApp\caches\8.10.2\fileContent).
2025-03-31T15:21:06.976+0700 [DEBUG] [org.gradle.internal.watch.vfs.impl.WatchingVirtualFileSystem] Closing VFS, dropping state
2025-03-31T15:21:06.977+0700 [DEBUG] [org.gradle.cache.internal.LockOnDemandCrossProcessCacheAccess] Releasing file lock for Generated Gradle JARs cache (C:\Users\Administrator\AndroidStudioProjects\PrescriptionManagementApp\caches\8.10.2\generated-gradle-jars)
2025-03-31T15:21:06.977+0700 [DEBUG] [org.gradle.cache.internal.DefaultFileLockManager] Releasing lock on Generated Gradle JARs cache (C:\Users\Administrator\AndroidStudioProjects\PrescriptionManagementApp\caches\8.10.2\generated-gradle-jars).
2025-03-31T15:21:06.977+0700 [DEBUG] [org.gradle.internal.watch.registry.impl.DefaultFileWatcherRegistry] Finished listening to file system change events
2025-03-31T15:21:06.978+0700 [DEBUG] [org.gradle.cache.internal.LockOnDemandCrossProcessCacheAccess] Releasing file lock for artifact cache (C:\Users\Administrator\AndroidStudioProjects\PrescriptionManagementApp\caches\modules-2)
2025-03-31T15:21:06.978+0700 [DEBUG] [org.gradle.cache.internal.btree.BTreePersistentIndexedCache] Closing cache module-artifact.bin (C:\Users\Administrator\AndroidStudioProjects\PrescriptionManagementApp\caches\modules-2\metadata-2.106\module-artifact.bin)
2025-03-31T15:21:06.978+0700 [DEBUG] [org.gradle.cache.internal.btree.BTreePersistentIndexedCache] Closing cache module-metadata.bin (C:\Users\Administrator\AndroidStudioProjects\PrescriptionManagementApp\caches\modules-2\metadata-2.106\module-metadata.bin)
2025-03-31T15:21:06.979+0700 [DEBUG] [org.gradle.cache.internal.DefaultFileLockManager] Releasing lock on artifact cache (C:\Users\Administrator\AndroidStudioProjects\PrescriptionManagementApp\caches\modules-2).
2025-03-31T15:21:06.979+0700 [DEBUG] [org.gradle.cache.internal.DefaultCacheCleanupExecutor] artifact cache (C:\Users\Administrator\AndroidStudioProjects\PrescriptionManagementApp\caches\modules-2) has last been fully cleaned up 16 hours ago
2025-03-31T15:21:06.979+0700 [DEBUG] [org.gradle.cache.internal.DefaultCacheCleanupExecutor] Skipping cleanup for artifact cache (C:\Users\Administrator\AndroidStudioProjects\PrescriptionManagementApp\caches\modules-2) as it is not yet due
2025-03-31T15:21:06.980+0700 [DEBUG] [org.gradle.cache.internal.DefaultCacheCleanupExecutor] groovy-dsl (C:\Users\Administrator\AndroidStudioProjects\PrescriptionManagementApp\caches\8.10.2\groovy-dsl) has last been fully cleaned up 16 hours ago
2025-03-31T15:21:06.980+0700 [DEBUG] [org.gradle.cache.internal.DefaultCacheCleanupExecutor] Skipping cleanup for groovy-dsl (C:\Users\Administrator\AndroidStudioProjects\PrescriptionManagementApp\caches\8.10.2\groovy-dsl) as it is not yet due
2025-03-31T15:21:06.980+0700 [DEBUG] [org.gradle.cache.internal.DefaultCacheCoordinator] Cache groovy-dsl (C:\Users\Administrator\AndroidStudioProjects\PrescriptionManagementApp\caches\8.10.2\groovy-dsl) was closed 0 times.
2025-03-31T15:21:06.980+0700 [DEBUG] [org.gradle.cache.internal.DefaultCacheCleanupExecutor] Artifact transforms cache (C:\Users\Administrator\AndroidStudioProjects\PrescriptionManagementApp\caches\8.10.2\transforms) has last been fully cleaned up 16 hours ago
2025-03-31T15:21:06.981+0700 [DEBUG] [org.gradle.cache.internal.DefaultCacheCleanupExecutor] Skipping cleanup for Artifact transforms cache (C:\Users\Administrator\AndroidStudioProjects\PrescriptionManagementApp\caches\8.10.2\transforms) as it is not yet due
2025-03-31T15:21:06.981+0700 [DEBUG] [org.gradle.cache.internal.DefaultCacheCoordinator] Cache Artifact transforms cache (C:\Users\Administrator\AndroidStudioProjects\PrescriptionManagementApp\caches\8.10.2\transforms) was closed 0 times.
2025-03-31T15:21:06.981+0700 [DEBUG] [org.gradle.cache.internal.DefaultCacheCleanupExecutor] kotlin-dsl (C:\Users\Administrator\AndroidStudioProjects\PrescriptionManagementApp\caches\8.10.2\kotlin-dsl) has last been fully cleaned up 16 hours ago
2025-03-31T15:21:06.981+0700 [DEBUG] [org.gradle.cache.internal.DefaultCacheCleanupExecutor] Skipping cleanup for kotlin-dsl (C:\Users\Administrator\AndroidStudioProjects\PrescriptionManagementApp\caches\8.10.2\kotlin-dsl) as it is not yet due
2025-03-31T15:21:06.981+0700 [DEBUG] [org.gradle.cache.internal.DefaultCacheCoordinator] Cache kotlin-dsl (C:\Users\Administrator\AndroidStudioProjects\PrescriptionManagementApp\caches\8.10.2\kotlin-dsl) was closed 0 times.
2025-03-31T15:21:06.981+0700 [DEBUG] [org.gradle.cache.internal.LockOnDemandCrossProcessCacheAccess] Releasing file lock for journal cache (C:\Users\Administrator\AndroidStudioProjects\PrescriptionManagementApp\caches\journal-1)
2025-03-31T15:21:06.981+0700 [DEBUG] [org.gradle.cache.internal.btree.BTreePersistentIndexedCache] Closing cache file-access.bin (C:\Users\Administrator\AndroidStudioProjects\PrescriptionManagementApp\caches\journal-1\file-access.bin)
2025-03-31T15:21:06.982+0700 [DEBUG] [org.gradle.cache.internal.DefaultFileLockManager] Releasing lock on journal cache (C:\Users\Administrator\AndroidStudioProjects\PrescriptionManagementApp\caches\journal-1).
2025-03-31T15:21:06.982+0700 [DEBUG] [org.gradle.cache.internal.LockOnDemandCrossProcessCacheAccess] Releasing file lock for file hash cache (C:\Users\Administrator\AndroidStudioProjects\PrescriptionManagementApp\caches\8.10.2\fileHashes)
2025-03-31T15:21:06.982+0700 [DEBUG] [org.gradle.cache.internal.btree.BTreePersistentIndexedCache] Closing cache fileHashes.bin (C:\Users\Administrator\AndroidStudioProjects\PrescriptionManagementApp\caches\8.10.2\fileHashes\fileHashes.bin)
2025-03-31T15:21:06.983+0700 [DEBUG] [org.gradle.cache.internal.btree.BTreePersistentIndexedCache] Closing cache resourceHashesCache.bin (C:\Users\Administrator\AndroidStudioProjects\PrescriptionManagementApp\caches\8.10.2\fileHashes\resourceHashesCache.bin)
2025-03-31T15:21:06.983+0700 [DEBUG] [org.gradle.cache.internal.DefaultFileLockManager] Releasing lock on file hash cache (C:\Users\Administrator\AndroidStudioProjects\PrescriptionManagementApp\caches\8.10.2\fileHashes).
2025-03-31T15:21:06.983+0700 [DEBUG] [org.gradle.cache.internal.LockOnDemandCrossProcessCacheAccess] Releasing file lock for Java compile cache (C:\Users\Administrator\AndroidStudioProjects\PrescriptionManagementApp\caches\8.10.2\javaCompile)
2025-03-31T15:21:06.984+0700 [DEBUG] [org.gradle.cache.internal.btree.BTreePersistentIndexedCache] Closing cache jarAnalysis.bin (C:\Users\Administrator\AndroidStudioProjects\PrescriptionManagementApp\caches\8.10.2\javaCompile\jarAnalysis.bin)
2025-03-31T15:21:06.984+0700 [DEBUG] [org.gradle.cache.internal.btree.BTreePersistentIndexedCache] Closing cache classAnalysis.bin (C:\Users\Administrator\AndroidStudioProjects\PrescriptionManagementApp\caches\8.10.2\javaCompile\classAnalysis.bin)
2025-03-31T15:21:06.984+0700 [DEBUG] [org.gradle.cache.internal.DefaultFileLockManager] Releasing lock on Java compile cache (C:\Users\Administrator\AndroidStudioProjects\PrescriptionManagementApp\caches\8.10.2\javaCompile).
2025-03-31T15:21:06.986+0700 [DEBUG] [org.gradle.internal.operations.DefaultBuildOperationRunner] Build operation 'Deleting unused version-specific caches in C:\Users\Administrator\AndroidStudioProjects\PrescriptionManagementApp\caches' started
2025-03-31T15:21:06.987+0700 [DEBUG] [org.gradle.internal.operations.DefaultBuildOperationRunner] Completing Build operation 'Deleting unused version-specific caches in C:\Users\Administrator\AndroidStudioProjects\PrescriptionManagementApp\caches'
2025-03-31T15:21:06.987+0700 [DEBUG] [org.gradle.internal.operations.DefaultBuildOperationRunner] Build operation 'Deleting unused version-specific caches in C:\Users\Administrator\AndroidStudioProjects\PrescriptionManagementApp\caches' completed
2025-03-31T15:21:06.987+0700 [DEBUG] [org.gradle.launcher.daemon.server.Daemon] stop() called on daemon
2025-03-31T15:21:06.987+0700 [INFO] [org.gradle.launcher.daemon.server.Daemon] Stop requested. Daemon is removing its presence from the registry...
2025-03-31T15:21:06.987+0700 [DEBUG] [org.gradle.launcher.daemon.server.DaemonRegistryUpdater] Removing our presence to clients, eg. removing this address from the registry: [585f90fc-9774-45e1-96e1-e03717c9af97 port:58883, addresses:[localhost/127.0.0.1]]
2025-03-31T15:21:06.987+0700 [DEBUG] [org.gradle.launcher.daemon.registry.PersistentDaemonRegistry] Removing daemon address: [585f90fc-9774-45e1-96e1-e03717c9af97 port:58883, addresses:[localhost/127.0.0.1]]
2025-03-31T15:21:06.988+0700 [DEBUG] [org.gradle.cache.internal.DefaultFileLockManager] Waiting to acquire exclusive lock on daemon addresses registry.
2025-03-31T15:21:06.989+0700 [DEBUG] [org.gradle.cache.internal.DefaultFileLockManager] Lock acquired on daemon addresses registry.
2025-03-31T15:21:06.990+0700 [DEBUG] [org.gradle.cache.internal.DefaultFileLockManager] Releasing lock on daemon addresses registry.
2025-03-31T15:21:06.990+0700 [DEBUG] [org.gradle.launcher.daemon.server.DaemonRegistryUpdater] Address removed from registry.
2025-03-31T15:21:06.994+0700 [DEBUG] [org.gradle.cache.internal.locklistener.DefaultFileLockContentionHandler] File lock listener thread completed.
2025-03-31T15:21:06.995+0700 [DEBUG] [java.lang.Runtime] Runtime.exit() called with status: 0
java.lang.Throwable: Runtime.exit(0)
	at java.base/java.lang.Shutdown.logRuntimeExit(Unknown Source)
	at java.base/java.lang.Shutdown.exit(Unknown Source)
	at java.base/java.lang.Runtime.exit(Unknown Source)
	at java.base/java.lang.System.exit(Unknown Source)
	at org.gradle.launcher.bootstrap.ProcessCompleter.complete(ProcessCompleter.java:21)
	at org.gradle.launcher.bootstrap.EntryPoint.run(EntryPoint.java:61)
	at java.base/jdk.internal.reflect.DirectMethodHandleAccessor.invoke(Unknown Source)
	at java.base/java.lang.reflect.Method.invoke(Unknown Source)
	at org.gradle.launcher.bootstrap.ProcessBootstrap.runNoExit(ProcessBootstrap.java:72)
	at org.gradle.launcher.bootstrap.ProcessBootstrap.run(ProcessBootstrap.java:39)
	at org.gradle.launcher.daemon.bootstrap.GradleDaemon.main(GradleDaemon.java:22)
Daemon vm is shutting down... The daemon has exited normally or was terminated in response to a user interrupt.
2025-03-31T15:21:06.996+0700 [DEBUG] [org.gradle.launcher.daemon.registry.PersistentDaemonRegistry] Removing daemon address: [585f90fc-9774-45e1-96e1-e03717c9af97 port:58883, addresses:[localhost/127.0.0.1]]
2025-03-31T15:21:06.997+0700 [DEBUG] [org.gradle.launcher.daemon.server.Daemon] VM shutdown hook was unable to remove the daemon address from the registry. It will be cleaned up later.
java.lang.IllegalStateException: Cannot start managing file contention because this handler has been closed.
	at org.gradle.cache.internal.locklistener.DefaultFileLockContentionHandler.assertNotStopped(DefaultFileLockContentionHandler.java:217)
	at org.gradle.cache.internal.locklistener.DefaultFileLockContentionHandler.getCommunicator(DefaultFileLockContentionHandler.java:260)
	at org.gradle.cache.internal.locklistener.DefaultFileLockContentionHandler.reservePort(DefaultFileLockContentionHandler.java:254)
	at org.gradle.cache.internal.DefaultFileLockManager.lock(DefaultFileLockManager.java:124)
	at org.gradle.cache.internal.DefaultFileLockManager.lock(DefaultFileLockManager.java:106)
	at org.gradle.cache.internal.DefaultFileLockManager.lock(DefaultFileLockManager.java:101)
	at org.gradle.cache.internal.OnDemandFileAccess.updateFile(OnDemandFileAccess.java:51)
	at org.gradle.cache.internal.FileBackedObjectHolder.update(FileBackedObjectHolder.java:77)
	at org.gradle.cache.internal.FileIntegrityViolationSuppressingObjectHolderDecorator.lambda$update$0(FileIntegrityViolationSuppressingObjectHolderDecorator.java:48)
	at org.gradle.cache.internal.FileIntegrityViolationSuppressingObjectHolderDecorator.doUpdate(FileIntegrityViolationSuppressingObjectHolderDecorator.java:58)
	at org.gradle.cache.internal.FileIntegrityViolationSuppressingObjectHolderDecorator.update(FileIntegrityViolationSuppressingObjectHolderDecorator.java:48)
	at org.gradle.launcher.daemon.registry.PersistentDaemonRegistry.remove(PersistentDaemonRegistry.java:133)
	at org.gradle.launcher.daemon.server.Daemon$1.run(Daemon.java:133)
	at java.base/java.lang.Thread.run(Unknown Source)
