2025-03-31T17:04:09.034+0700 [DEBUG] [org.gradle.launcher.daemon.bootstrap.DaemonMain] Assuming the daemon was started with following jvm opts: [--add-opens=java.base/java.util=ALL-UNNAMED, --add-opens=java.base/java.lang=ALL-UNNAMED, --add-opens=java.base/java.lang.invoke=ALL-UNNAMED, --add-opens=java.prefs/java.util.prefs=ALL-UNNAMED, --add-exports=jdk.compiler/com.sun.tools.javac.api=ALL-UNNAMED, --add-exports=jdk.compiler/com.sun.tools.javac.util=ALL-UNNAMED, --add-opens=java.base/java.nio.charset=ALL-UNNAMED, --add-opens=java.base/java.net=ALL-UNNAMED, --add-opens=java.base/java.util.concurrent.atomic=ALL-UNNAMED, -Xmx2048m, -Dfile.encoding=UTF-8, -Duser.country=US, -Duser.language=en, -Duser.variant]
2025-03-31T17:04:09.169+0700 [DEBUG] [org.gradle.internal.nativeintegration.services.NativeServices] Native-platform posix files integration is not available. Continuing with fallback.
2025-03-31T17:04:09.193+0700 [INFO] [org.gradle.launcher.daemon.server.Daemon] start() called on daemon - DefaultDaemonContext[uid=a97743ed-cf6e-403d-8d1a-163ae677a089,javaHome=C:\Program Files\Android\Android Studio\jbr,javaVersion=21,javaVendor=JetBrains s.r.o.,daemonRegistryDir=C:\Users\Administrator\AndroidStudioProjects\PrescriptionManagementApp\daemon,pid=26596,idleTimeout=10800000,priority=NORMAL,applyInstrumentationAgent=true,nativeServicesMode=ENABLED,daemonOpts=--add-opens=java.base/java.util=ALL-UNNAMED,--add-opens=java.base/java.lang=ALL-UNNAMED,--add-opens=java.base/java.lang.invoke=ALL-UNNAMED,--add-opens=java.prefs/java.util.prefs=ALL-UNNAMED,--add-exports=jdk.compiler/com.sun.tools.javac.api=ALL-UNNAMED,--add-exports=jdk.compiler/com.sun.tools.javac.util=ALL-UNNAMED,--add-opens=java.base/java.nio.charset=ALL-UNNAMED,--add-opens=java.base/java.net=ALL-UNNAMED,--add-opens=java.base/java.util.concurrent.atomic=ALL-UNNAMED,-Xmx2048m,-Dfile.encoding=UTF-8,-Duser.country=US,-Duser.language=en,-Duser.variant]
2025-03-31T17:04:09.254+0700 [DEBUG] [org.gradle.internal.remote.internal.inet.InetAddresses] Adding IP addresses for network interface Realtek PCIe GbE Family Controller-WFP Native MAC Layer LightWeight Filter-0000
2025-03-31T17:04:09.254+0700 [DEBUG] [org.gradle.internal.remote.internal.inet.InetAddresses] Is this a loopback interface? false
2025-03-31T17:04:09.254+0700 [DEBUG] [org.gradle.internal.remote.internal.inet.InetAddresses] Adding IP addresses for network interface Realtek PCIe GbE Family Controller-QoS Packet Scheduler-0000
2025-03-31T17:04:09.255+0700 [DEBUG] [org.gradle.internal.remote.internal.inet.InetAddresses] Is this a loopback interface? false
2025-03-31T17:04:09.255+0700 [DEBUG] [org.gradle.internal.remote.internal.inet.InetAddresses] Adding IP addresses for network interface Realtek PCIe GbE Family Controller-WFP 802.3 MAC Layer LightWeight Filter-0000
2025-03-31T17:04:09.255+0700 [DEBUG] [org.gradle.internal.remote.internal.inet.InetAddresses] Is this a loopback interface? false
2025-03-31T17:04:09.256+0700 [DEBUG] [org.gradle.internal.remote.internal.inet.InetAddresses] Adding IP addresses for network interface WAN Miniport (IP)-WFP Native MAC Layer LightWeight Filter-0000
2025-03-31T17:04:09.256+0700 [DEBUG] [org.gradle.internal.remote.internal.inet.InetAddresses] Is this a loopback interface? false
2025-03-31T17:04:09.257+0700 [DEBUG] [org.gradle.internal.remote.internal.inet.InetAddresses] Adding IP addresses for network interface WAN Miniport (IP)-QoS Packet Scheduler-0000
2025-03-31T17:04:09.257+0700 [DEBUG] [org.gradle.internal.remote.internal.inet.InetAddresses] Is this a loopback interface? false
2025-03-31T17:04:09.257+0700 [DEBUG] [org.gradle.internal.remote.internal.inet.InetAddresses] Adding IP addresses for network interface WAN Miniport (IPv6)-WFP Native MAC Layer LightWeight Filter-0000
2025-03-31T17:04:09.257+0700 [DEBUG] [org.gradle.internal.remote.internal.inet.InetAddresses] Is this a loopback interface? false
2025-03-31T17:04:09.257+0700 [DEBUG] [org.gradle.internal.remote.internal.inet.InetAddresses] Adding IP addresses for network interface WAN Miniport (IPv6)-QoS Packet Scheduler-0000
2025-03-31T17:04:09.258+0700 [DEBUG] [org.gradle.internal.remote.internal.inet.InetAddresses] Is this a loopback interface? false
2025-03-31T17:04:09.258+0700 [DEBUG] [org.gradle.internal.remote.internal.inet.InetAddresses] Adding IP addresses for network interface WAN Miniport (Network Monitor)-WFP Native MAC Layer LightWeight Filter-0000
2025-03-31T17:04:09.258+0700 [DEBUG] [org.gradle.internal.remote.internal.inet.InetAddresses] Is this a loopback interface? false
2025-03-31T17:04:09.258+0700 [DEBUG] [org.gradle.internal.remote.internal.inet.InetAddresses] Adding IP addresses for network interface WAN Miniport (Network Monitor)-QoS Packet Scheduler-0000
2025-03-31T17:04:09.258+0700 [DEBUG] [org.gradle.internal.remote.internal.inet.InetAddresses] Is this a loopback interface? false
2025-03-31T17:04:09.258+0700 [DEBUG] [org.gradle.internal.remote.internal.inet.InetAddresses] Adding IP addresses for network interface Hyper-V Virtual Switch Extension Adapter-Hyper-V Virtual Switch Extension Filter-0000
2025-03-31T17:04:09.259+0700 [DEBUG] [org.gradle.internal.remote.internal.inet.InetAddresses] Is this a loopback interface? false
2025-03-31T17:04:09.259+0700 [DEBUG] [org.gradle.internal.remote.internal.inet.InetAddresses] Adding IP addresses for network interface Hyper-V Virtual Switch Extension Adapter-Virtual Filtering Platform VMSwitch Extension-0000
2025-03-31T17:04:09.259+0700 [DEBUG] [org.gradle.internal.remote.internal.inet.InetAddresses] Is this a loopback interface? false
2025-03-31T17:04:09.259+0700 [DEBUG] [org.gradle.internal.remote.internal.inet.InetAddresses] Adding IP addresses for network interface Hyper-V Virtual Ethernet Adapter-WFP Native MAC Layer LightWeight Filter-0000
2025-03-31T17:04:09.259+0700 [DEBUG] [org.gradle.internal.remote.internal.inet.InetAddresses] Is this a loopback interface? false
2025-03-31T17:04:09.260+0700 [DEBUG] [org.gradle.internal.remote.internal.inet.InetAddresses] Adding IP addresses for network interface Hyper-V Virtual Ethernet Adapter-QoS Packet Scheduler-0000
2025-03-31T17:04:09.260+0700 [DEBUG] [org.gradle.internal.remote.internal.inet.InetAddresses] Is this a loopback interface? false
2025-03-31T17:04:09.260+0700 [DEBUG] [org.gradle.internal.remote.internal.inet.InetAddresses] Adding IP addresses for network interface Hyper-V Virtual Ethernet Adapter-WFP 802.3 MAC Layer LightWeight Filter-0000
2025-03-31T17:04:09.260+0700 [DEBUG] [org.gradle.internal.remote.internal.inet.InetAddresses] Is this a loopback interface? false
2025-03-31T17:04:09.260+0700 [DEBUG] [org.gradle.internal.remote.internal.inet.InetAddresses] Adding IP addresses for network interface Microsoft Kernel Debug Network Adapter
2025-03-31T17:04:09.261+0700 [DEBUG] [org.gradle.internal.remote.internal.inet.InetAddresses] Is this a loopback interface? false
2025-03-31T17:04:09.261+0700 [DEBUG] [org.gradle.internal.remote.internal.inet.InetAddresses] Adding IP addresses for network interface Intel(R) 82574L Gigabit Network Connection
2025-03-31T17:04:09.261+0700 [DEBUG] [org.gradle.internal.remote.internal.inet.InetAddresses] Is this a loopback interface? false
2025-03-31T17:04:09.261+0700 [DEBUG] [org.gradle.internal.remote.internal.inet.InetAddresses] Adding IP addresses for network interface WAN Miniport (IP)
2025-03-31T17:04:09.261+0700 [DEBUG] [org.gradle.internal.remote.internal.inet.InetAddresses] Is this a loopback interface? false
2025-03-31T17:04:09.261+0700 [DEBUG] [org.gradle.internal.remote.internal.inet.InetAddresses] Adding IP addresses for network interface WAN Miniport (IPv6)
2025-03-31T17:04:09.262+0700 [DEBUG] [org.gradle.internal.remote.internal.inet.InetAddresses] Is this a loopback interface? false
2025-03-31T17:04:09.262+0700 [DEBUG] [org.gradle.internal.remote.internal.inet.InetAddresses] Adding IP addresses for network interface WAN Miniport (Network Monitor)
2025-03-31T17:04:09.262+0700 [DEBUG] [org.gradle.internal.remote.internal.inet.InetAddresses] Is this a loopback interface? false
2025-03-31T17:04:09.262+0700 [DEBUG] [org.gradle.internal.remote.internal.inet.InetAddresses] Adding IP addresses for network interface Realtek PCIe GbE Family Controller
2025-03-31T17:04:09.262+0700 [DEBUG] [org.gradle.internal.remote.internal.inet.InetAddresses] Is this a loopback interface? false
2025-03-31T17:04:09.263+0700 [DEBUG] [org.gradle.internal.remote.internal.inet.InetAddresses] Adding remote address /fe80:0:0:0:31a7:5673:b523:bd11%ethernet_32773
2025-03-31T17:04:09.263+0700 [DEBUG] [org.gradle.internal.remote.internal.inet.InetAddresses] Adding remote address /2405:4802:4b0:8560:ffff:ffff:ffff:ffb1
2025-03-31T17:04:09.263+0700 [DEBUG] [org.gradle.internal.remote.internal.inet.InetAddresses] Adding remote address /2405:4802:4b0:8560:1dd4:c257:9444:39f0
2025-03-31T17:04:09.263+0700 [DEBUG] [org.gradle.internal.remote.internal.inet.InetAddresses] Adding remote address /2405:4802:4b0:8560:971:af19:412e:97d7
2025-03-31T17:04:09.263+0700 [DEBUG] [org.gradle.internal.remote.internal.inet.InetAddresses] Adding remote address /192.168.1.71
2025-03-31T17:04:09.263+0700 [DEBUG] [org.gradle.internal.remote.internal.inet.InetAddresses] Adding IP addresses for network interface Bluetooth Device (Personal Area Network)
2025-03-31T17:04:09.264+0700 [DEBUG] [org.gradle.internal.remote.internal.inet.InetAddresses] Is this a loopback interface? false
2025-03-31T17:04:09.264+0700 [DEBUG] [org.gradle.internal.remote.internal.inet.InetAddresses] Adding remote address /fe80:0:0:0:5b3b:13b2:27ae:559%ethernet_32774
2025-03-31T17:04:09.264+0700 [DEBUG] [org.gradle.internal.remote.internal.inet.InetAddresses] Adding IP addresses for network interface Hyper-V Virtual Switch Extension Adapter
2025-03-31T17:04:09.264+0700 [DEBUG] [org.gradle.internal.remote.internal.inet.InetAddresses] Is this a loopback interface? false
2025-03-31T17:04:09.264+0700 [DEBUG] [org.gradle.internal.remote.internal.inet.InetAddresses] Adding IP addresses for network interface Hyper-V Virtual Ethernet Adapter
2025-03-31T17:04:09.265+0700 [DEBUG] [org.gradle.internal.remote.internal.inet.InetAddresses] Is this a loopback interface? false
2025-03-31T17:04:09.265+0700 [DEBUG] [org.gradle.internal.remote.internal.inet.InetAddresses] Adding remote address /fe80:0:0:0:acde:e10f:1356:2292%ethernet_32776
2025-03-31T17:04:09.265+0700 [DEBUG] [org.gradle.internal.remote.internal.inet.InetAddresses] Adding remote address /172.20.112.1
2025-03-31T17:04:09.265+0700 [DEBUG] [org.gradle.internal.remote.internal.inet.InetAddresses] Adding IP addresses for network interface WAN Miniport (PPPOE)
2025-03-31T17:04:09.265+0700 [DEBUG] [org.gradle.internal.remote.internal.inet.InetAddresses] Is this a loopback interface? false
2025-03-31T17:04:09.265+0700 [DEBUG] [org.gradle.internal.remote.internal.inet.InetAddresses] Adding IP addresses for network interface RAS Async Adapter
2025-03-31T17:04:09.265+0700 [DEBUG] [org.gradle.internal.remote.internal.inet.InetAddresses] Is this a loopback interface? false
2025-03-31T17:04:09.265+0700 [DEBUG] [org.gradle.internal.remote.internal.inet.InetAddresses] Adding IP addresses for network interface Software Loopback Interface 1
2025-03-31T17:04:09.266+0700 [DEBUG] [org.gradle.internal.remote.internal.inet.InetAddresses] Is this a loopback interface? true
2025-03-31T17:04:09.266+0700 [DEBUG] [org.gradle.internal.remote.internal.inet.InetAddresses] Adding loopback address /0:0:0:0:0:0:0:1
2025-03-31T17:04:09.266+0700 [DEBUG] [org.gradle.internal.remote.internal.inet.InetAddresses] Adding loopback address /127.0.0.1
2025-03-31T17:04:09.267+0700 [DEBUG] [org.gradle.internal.remote.internal.inet.InetAddresses] Adding IP addresses for network interface Intel(R) Wi-Fi 6 AX200 160MHz-WFP Native MAC Layer LightWeight Filter-0000
2025-03-31T17:04:09.267+0700 [DEBUG] [org.gradle.internal.remote.internal.inet.InetAddresses] Is this a loopback interface? false
2025-03-31T17:04:09.267+0700 [DEBUG] [org.gradle.internal.remote.internal.inet.InetAddresses] Adding IP addresses for network interface Intel(R) Wi-Fi 6 AX200 160MHz-Virtual WiFi Filter Driver-0000
2025-03-31T17:04:09.267+0700 [DEBUG] [org.gradle.internal.remote.internal.inet.InetAddresses] Is this a loopback interface? false
2025-03-31T17:04:09.267+0700 [DEBUG] [org.gradle.internal.remote.internal.inet.InetAddresses] Adding IP addresses for network interface Intel(R) Wi-Fi 6 AX200 160MHz-Native WiFi Filter Driver-0000
2025-03-31T17:04:09.267+0700 [DEBUG] [org.gradle.internal.remote.internal.inet.InetAddresses] Is this a loopback interface? false
2025-03-31T17:04:09.268+0700 [DEBUG] [org.gradle.internal.remote.internal.inet.InetAddresses] Adding IP addresses for network interface Intel(R) Wi-Fi 6 AX200 160MHz-QoS Packet Scheduler-0000
2025-03-31T17:04:09.268+0700 [DEBUG] [org.gradle.internal.remote.internal.inet.InetAddresses] Is this a loopback interface? false
2025-03-31T17:04:09.268+0700 [DEBUG] [org.gradle.internal.remote.internal.inet.InetAddresses] Adding IP addresses for network interface Intel(R) Wi-Fi 6 AX200 160MHz-WFP 802.3 MAC Layer LightWeight Filter-0000
2025-03-31T17:04:09.268+0700 [DEBUG] [org.gradle.internal.remote.internal.inet.InetAddresses] Is this a loopback interface? false
2025-03-31T17:04:09.268+0700 [DEBUG] [org.gradle.internal.remote.internal.inet.InetAddresses] Adding IP addresses for network interface Microsoft Wi-Fi Direct Virtual Adapter-WFP Native MAC Layer LightWeight Filter-0000
2025-03-31T17:04:09.268+0700 [DEBUG] [org.gradle.internal.remote.internal.inet.InetAddresses] Is this a loopback interface? false
2025-03-31T17:04:09.268+0700 [DEBUG] [org.gradle.internal.remote.internal.inet.InetAddresses] Adding IP addresses for network interface Microsoft Wi-Fi Direct Virtual Adapter-Native WiFi Filter Driver-0000
2025-03-31T17:04:09.269+0700 [DEBUG] [org.gradle.internal.remote.internal.inet.InetAddresses] Is this a loopback interface? false
2025-03-31T17:04:09.269+0700 [DEBUG] [org.gradle.internal.remote.internal.inet.InetAddresses] Adding IP addresses for network interface Microsoft Wi-Fi Direct Virtual Adapter-QoS Packet Scheduler-0000
2025-03-31T17:04:09.269+0700 [DEBUG] [org.gradle.internal.remote.internal.inet.InetAddresses] Is this a loopback interface? false
2025-03-31T17:04:09.269+0700 [DEBUG] [org.gradle.internal.remote.internal.inet.InetAddresses] Adding IP addresses for network interface Microsoft Wi-Fi Direct Virtual Adapter-WFP 802.3 MAC Layer LightWeight Filter-0000
2025-03-31T17:04:09.269+0700 [DEBUG] [org.gradle.internal.remote.internal.inet.InetAddresses] Is this a loopback interface? false
2025-03-31T17:04:09.269+0700 [DEBUG] [org.gradle.internal.remote.internal.inet.InetAddresses] Adding IP addresses for network interface Microsoft Wi-Fi Direct Virtual Adapter #2-WFP Native MAC Layer LightWeight Filter-0000
2025-03-31T17:04:09.270+0700 [DEBUG] [org.gradle.internal.remote.internal.inet.InetAddresses] Is this a loopback interface? false
2025-03-31T17:04:09.270+0700 [DEBUG] [org.gradle.internal.remote.internal.inet.InetAddresses] Adding IP addresses for network interface Microsoft Wi-Fi Direct Virtual Adapter #2-Native WiFi Filter Driver-0000
2025-03-31T17:04:09.270+0700 [DEBUG] [org.gradle.internal.remote.internal.inet.InetAddresses] Is this a loopback interface? false
2025-03-31T17:04:09.270+0700 [DEBUG] [org.gradle.internal.remote.internal.inet.InetAddresses] Adding IP addresses for network interface Microsoft Wi-Fi Direct Virtual Adapter #2-QoS Packet Scheduler-0000
2025-03-31T17:04:09.270+0700 [DEBUG] [org.gradle.internal.remote.internal.inet.InetAddresses] Is this a loopback interface? false
2025-03-31T17:04:09.270+0700 [DEBUG] [org.gradle.internal.remote.internal.inet.InetAddresses] Adding IP addresses for network interface Microsoft Wi-Fi Direct Virtual Adapter #2-WFP 802.3 MAC Layer LightWeight Filter-0000
2025-03-31T17:04:09.271+0700 [DEBUG] [org.gradle.internal.remote.internal.inet.InetAddresses] Is this a loopback interface? false
2025-03-31T17:04:09.271+0700 [DEBUG] [org.gradle.internal.remote.internal.inet.InetAddresses] Adding IP addresses for network interface Intel(R) Wi-Fi 6 AX200 160MHz
2025-03-31T17:04:09.271+0700 [DEBUG] [org.gradle.internal.remote.internal.inet.InetAddresses] Is this a loopback interface? false
2025-03-31T17:04:09.271+0700 [DEBUG] [org.gradle.internal.remote.internal.inet.InetAddresses] Adding remote address /fe80:0:0:0:d556:332:3c3f:ddc5%wireless_32768
2025-03-31T17:04:09.271+0700 [DEBUG] [org.gradle.internal.remote.internal.inet.InetAddresses] Adding remote address /2405:4802:4b0:8560:60a6:bbfc:4b09:2ba6
2025-03-31T17:04:09.271+0700 [DEBUG] [org.gradle.internal.remote.internal.inet.InetAddresses] Adding remote address /2405:4802:4b0:8560:5b83:2248:ce10:9299
2025-03-31T17:04:09.272+0700 [DEBUG] [org.gradle.internal.remote.internal.inet.InetAddresses] Adding remote address /192.168.1.95
2025-03-31T17:04:09.272+0700 [DEBUG] [org.gradle.internal.remote.internal.inet.InetAddresses] Adding IP addresses for network interface Microsoft Wi-Fi Direct Virtual Adapter
2025-03-31T17:04:09.272+0700 [DEBUG] [org.gradle.internal.remote.internal.inet.InetAddresses] Is this a loopback interface? false
2025-03-31T17:04:09.272+0700 [DEBUG] [org.gradle.internal.remote.internal.inet.InetAddresses] Adding remote address /fe80:0:0:0:f88b:95ca:2924:519d%wireless_32769
2025-03-31T17:04:09.272+0700 [DEBUG] [org.gradle.internal.remote.internal.inet.InetAddresses] Adding IP addresses for network interface Microsoft Wi-Fi Direct Virtual Adapter #2
2025-03-31T17:04:09.272+0700 [DEBUG] [org.gradle.internal.remote.internal.inet.InetAddresses] Is this a loopback interface? false
2025-03-31T17:04:09.272+0700 [DEBUG] [org.gradle.internal.remote.internal.inet.InetAddresses] Adding remote address /fe80:0:0:0:c381:97d7:a45c:6d6f%wireless_32770
2025-03-31T17:04:09.272+0700 [DEBUG] [org.gradle.internal.remote.internal.inet.InetAddresses] Adding IP addresses for network interface Microsoft Teredo Tunneling Adapter
2025-03-31T17:04:09.273+0700 [DEBUG] [org.gradle.internal.remote.internal.inet.InetAddresses] Is this a loopback interface? false
2025-03-31T17:04:09.273+0700 [DEBUG] [org.gradle.internal.remote.internal.inet.InetAddresses] Adding IP addresses for network interface Microsoft IP-HTTPS Platform Adapter
2025-03-31T17:04:09.273+0700 [DEBUG] [org.gradle.internal.remote.internal.inet.InetAddresses] Is this a loopback interface? false
2025-03-31T17:04:09.273+0700 [DEBUG] [org.gradle.internal.remote.internal.inet.InetAddresses] Adding IP addresses for network interface Microsoft 6to4 Adapter
2025-03-31T17:04:09.273+0700 [DEBUG] [org.gradle.internal.remote.internal.inet.InetAddresses] Is this a loopback interface? false
2025-03-31T17:04:09.273+0700 [DEBUG] [org.gradle.internal.remote.internal.inet.InetAddresses] Adding IP addresses for network interface WAN Miniport (SSTP)
2025-03-31T17:04:09.273+0700 [DEBUG] [org.gradle.internal.remote.internal.inet.InetAddresses] Is this a loopback interface? false
2025-03-31T17:04:09.273+0700 [DEBUG] [org.gradle.internal.remote.internal.inet.InetAddresses] Adding IP addresses for network interface WAN Miniport (IKEv2)
2025-03-31T17:04:09.274+0700 [DEBUG] [org.gradle.internal.remote.internal.inet.InetAddresses] Is this a loopback interface? false
2025-03-31T17:04:09.274+0700 [DEBUG] [org.gradle.internal.remote.internal.inet.InetAddresses] Adding IP addresses for network interface WAN Miniport (L2TP)
2025-03-31T17:04:09.274+0700 [DEBUG] [org.gradle.internal.remote.internal.inet.InetAddresses] Is this a loopback interface? false
2025-03-31T17:04:09.274+0700 [DEBUG] [org.gradle.internal.remote.internal.inet.InetAddresses] Adding IP addresses for network interface WAN Miniport (PPTP)
2025-03-31T17:04:09.274+0700 [DEBUG] [org.gradle.internal.remote.internal.inet.InetAddresses] Is this a loopback interface? false
2025-03-31T17:04:09.276+0700 [DEBUG] [org.gradle.internal.remote.internal.inet.TcpIncomingConnector] Listening on [43fc7997-7880-43e7-bdf2-38e43675e797 port:49415, addresses:[localhost/127.0.0.1]].
2025-03-31T17:04:09.294+0700 [DEBUG] [org.gradle.launcher.daemon.server.Daemon] Daemon starting at: Mon Mar 31 17:04:09 ICT 2025, with address: [43fc7997-7880-43e7-bdf2-38e43675e797 port:49415, addresses:[localhost/127.0.0.1]]
2025-03-31T17:04:09.294+0700 [INFO] [org.gradle.launcher.daemon.server.DaemonRegistryUpdater] Advertising the daemon address to the clients: [43fc7997-7880-43e7-bdf2-38e43675e797 port:49415, addresses:[localhost/127.0.0.1]]
2025-03-31T17:04:09.294+0700 [DEBUG] [org.gradle.launcher.daemon.server.DaemonRegistryUpdater] Advertised daemon context: DefaultDaemonContext[uid=a97743ed-cf6e-403d-8d1a-163ae677a089,javaHome=C:\Program Files\Android\Android Studio\jbr,javaVersion=21,javaVendor=JetBrains s.r.o.,daemonRegistryDir=C:\Users\Administrator\AndroidStudioProjects\PrescriptionManagementApp\daemon,pid=26596,idleTimeout=10800000,priority=NORMAL,applyInstrumentationAgent=true,nativeServicesMode=ENABLED,daemonOpts=--add-opens=java.base/java.util=ALL-UNNAMED,--add-opens=java.base/java.lang=ALL-UNNAMED,--add-opens=java.base/java.lang.invoke=ALL-UNNAMED,--add-opens=java.prefs/java.util.prefs=ALL-UNNAMED,--add-exports=jdk.compiler/com.sun.tools.javac.api=ALL-UNNAMED,--add-exports=jdk.compiler/com.sun.tools.javac.util=ALL-UNNAMED,--add-opens=java.base/java.nio.charset=ALL-UNNAMED,--add-opens=java.base/java.net=ALL-UNNAMED,--add-opens=java.base/java.util.concurrent.atomic=ALL-UNNAMED,-Xmx2048m,-Dfile.encoding=UTF-8,-Duser.country=US,-Duser.language=en,-Duser.variant]
2025-03-31T17:04:09.295+0700 [DEBUG] [org.gradle.launcher.daemon.registry.PersistentDaemonRegistry] Storing daemon address: [43fc7997-7880-43e7-bdf2-38e43675e797 port:49415, addresses:[localhost/127.0.0.1]], context: DefaultDaemonContext[uid=a97743ed-cf6e-403d-8d1a-163ae677a089,javaHome=C:\Program Files\Android\Android Studio\jbr,javaVersion=21,javaVendor=JetBrains s.r.o.,daemonRegistryDir=C:\Users\Administrator\AndroidStudioProjects\PrescriptionManagementApp\daemon,pid=26596,idleTimeout=10800000,priority=NORMAL,applyInstrumentationAgent=true,nativeServicesMode=ENABLED,daemonOpts=--add-opens=java.base/java.util=ALL-UNNAMED,--add-opens=java.base/java.lang=ALL-UNNAMED,--add-opens=java.base/java.lang.invoke=ALL-UNNAMED,--add-opens=java.prefs/java.util.prefs=ALL-UNNAMED,--add-exports=jdk.compiler/com.sun.tools.javac.api=ALL-UNNAMED,--add-exports=jdk.compiler/com.sun.tools.javac.util=ALL-UNNAMED,--add-opens=java.base/java.nio.charset=ALL-UNNAMED,--add-opens=java.base/java.net=ALL-UNNAMED,--add-opens=java.base/java.util.concurrent.atomic=ALL-UNNAMED,-Xmx2048m,-Dfile.encoding=UTF-8,-Duser.country=US,-Duser.language=en,-Duser.variant]
2025-03-31T17:04:09.308+0700 [DEBUG] [org.gradle.cache.internal.DefaultFileLockManager] Waiting to acquire exclusive lock on daemon addresses registry.
2025-03-31T17:04:09.312+0700 [DEBUG] [org.gradle.cache.internal.DefaultFileLockManager] Lock acquired on daemon addresses registry.
2025-03-31T17:04:09.317+0700 [DEBUG] [org.gradle.cache.internal.DefaultFileLockManager] Releasing lock on daemon addresses registry.
2025-03-31T17:04:09.318+0700 [LIFECYCLE] [org.gradle.launcher.daemon.server.Daemon] Daemon server started.
2025-03-31T17:04:09.319+0700 [DEBUG] [org.gradle.launcher.daemon.bootstrap.DaemonStartupCommunication] Completed writing the daemon greeting. Closing streams...
2025-03-31T17:04:09.323+0700 [DEBUG] [org.gradle.internal.remote.internal.inet.TcpIncomingConnector] Accepted connection from /127.0.0.1:49416 to /127.0.0.1:49415.
2025-03-31T17:04:09.328+0700 [DEBUG] [org.gradle.launcher.daemon.server.Daemon] stopOnExpiration() called on daemon
2025-03-31T17:04:09.329+0700 [DEBUG] [org.gradle.launcher.daemon.server.Daemon] awaitExpiration() called on daemon
2025-03-31T17:04:09.330+0700 [DEBUG] [org.gradle.launcher.daemon.server.DaemonStateCoordinator] daemon is running. Sleeping until state changes.
2025-03-31T17:04:09.382+0700 [DEBUG] [org.gradle.launcher.daemon.server.SynchronizedDispatchConnection] thread 33: received class org.gradle.launcher.daemon.protocol.Build
2025-03-31T17:04:09.383+0700 [DEBUG] [org.gradle.launcher.daemon.server.DefaultDaemonConnection] thread 33: Received non-IO message from client: Build{id=2b741781-51d3-40bd-babd-4542793626a1, currentDir=C:\Users\Administrator\AndroidStudioProjects\PrescriptionManagementApp}
2025-03-31T17:04:09.383+0700 [INFO] [org.gradle.launcher.daemon.server.DefaultIncomingConnectionHandler] Received command: Build{id=2b741781-51d3-40bd-babd-4542793626a1, currentDir=C:\Users\Administrator\AndroidStudioProjects\PrescriptionManagementApp}.
2025-03-31T17:04:09.383+0700 [DEBUG] [org.gradle.launcher.daemon.server.DefaultIncomingConnectionHandler] Starting executing command: Build{id=2b741781-51d3-40bd-babd-4542793626a1, currentDir=C:\Users\Administrator\AndroidStudioProjects\PrescriptionManagementApp} with connection: socket connection from /127.0.0.1:49415 to /127.0.0.1:49416.
2025-03-31T17:04:09.386+0700 [DEBUG] [org.gradle.launcher.daemon.server.DaemonStateCoordinator] Command execution: started DaemonCommandExecution[command = Build{id=2b741781-51d3-40bd-babd-4542793626a1, currentDir=C:\Users\Administrator\AndroidStudioProjects\PrescriptionManagementApp}, connection = DefaultDaemonConnection: socket connection from /127.0.0.1:49415 to /127.0.0.1:49416] after 0.0023333333333333335 minutes of idle
2025-03-31T17:04:09.386+0700 [INFO] [org.gradle.launcher.daemon.server.DaemonRegistryUpdater] Marking the daemon as busy, address: [43fc7997-7880-43e7-bdf2-38e43675e797 port:49415, addresses:[localhost/127.0.0.1]]
2025-03-31T17:04:09.386+0700 [DEBUG] [org.gradle.launcher.daemon.registry.PersistentDaemonRegistry] Marking busy by address: [43fc7997-7880-43e7-bdf2-38e43675e797 port:49415, addresses:[localhost/127.0.0.1]]
2025-03-31T17:04:09.387+0700 [DEBUG] [org.gradle.cache.internal.DefaultFileLockManager] Waiting to acquire exclusive lock on daemon addresses registry.
2025-03-31T17:04:09.387+0700 [DEBUG] [org.gradle.cache.internal.DefaultFileLockManager] Lock acquired on daemon addresses registry.
2025-03-31T17:04:09.388+0700 [DEBUG] [org.gradle.cache.internal.DefaultFileLockManager] Releasing lock on daemon addresses registry.
2025-03-31T17:04:09.389+0700 [DEBUG] [org.gradle.launcher.daemon.server.DaemonStateCoordinator] resetting idle timer
2025-03-31T17:04:09.389+0700 [DEBUG] [org.gradle.launcher.daemon.server.DaemonStateCoordinator] daemon is running. Sleeping until state changes.
2025-03-31T17:04:09.390+0700 [INFO] [org.gradle.launcher.daemon.server.exec.StartBuildOrRespondWithBusy] Daemon is about to start building Build{id=2b741781-51d3-40bd-babd-4542793626a1, currentDir=C:\Users\Administrator\AndroidStudioProjects\PrescriptionManagementApp}. Dispatching build started information...
2025-03-31T17:04:09.390+0700 [DEBUG] [org.gradle.launcher.daemon.server.SynchronizedDispatchConnection] thread 35: dispatching org.gradle.launcher.daemon.protocol.BuildStarted@6ee158ab
2025-03-31T17:04:09.392+0700 [DEBUG] [org.gradle.launcher.daemon.server.exec.EstablishBuildEnvironment] Configuring env variables: [USERDOMAIN_ROAMINGPROFILE, LOCALAPPDATA, PROCESSOR_LEVEL, USERDOMAIN, LOGONSERVER, FPS_BROWSER_APP_PROFILE_STRING, SESSIONNAME, ALLUSERSPROFILE, PROCESSOR_ARCHITECTURE, PSModulePath, SystemDrive, EFC_3896, OneDrive, MAVEN_HOME, APPDATA, NODEJS, USERNAME, ProgramFiles(x86), CommonProgramFiles, Path, FPS_BROWSER_USER_PROFILE_STRING, PATHEXT, DriverData, OS, COMPUTERNAME, PROCESSOR_REVISION, CommonProgramW6432, ComSpec, ProgramData, ProgramW6432, TEMP, HOMEPATH, SystemRoot, PROCESSOR_IDENTIFIER, HOMEDRIVE, USERPROFILE, TMP, CommonProgramFiles(x86), ProgramFiles, PUBLIC, windir, NUMBER_OF_PROCESSORS, Java17, =::]
2025-03-31T17:04:09.396+0700 [DEBUG] [org.gradle.launcher.daemon.server.exec.LogToClient] About to start relaying all logs to the client via the connection.
2025-03-31T17:04:09.397+0700 [INFO] [org.gradle.launcher.daemon.server.exec.LogToClient] The client will now receive all logging from the daemon (pid: 26596). The daemon log file: C:\Users\Administrator\AndroidStudioProjects\PrescriptionManagementApp\daemon\8.10.2\daemon-26596.out.log
2025-03-31T17:04:09.399+0700 [INFO] [org.gradle.launcher.daemon.server.exec.LogAndCheckHealth] Starting build in new daemon [memory: 2 GiB]
2025-03-31T17:04:09.401+0700 [DEBUG] [org.gradle.launcher.daemon.server.exec.ExecuteBuild] The daemon has started executing the build.
2025-03-31T17:04:09.401+0700 [DEBUG] [org.gradle.launcher.daemon.server.exec.ExecuteBuild] Executing build with daemon context: DefaultDaemonContext[uid=a97743ed-cf6e-403d-8d1a-163ae677a089,javaHome=C:\Program Files\Android\Android Studio\jbr,javaVersion=21,javaVendor=JetBrains s.r.o.,daemonRegistryDir=C:\Users\Administrator\AndroidStudioProjects\PrescriptionManagementApp\daemon,pid=26596,idleTimeout=10800000,priority=NORMAL,applyInstrumentationAgent=true,nativeServicesMode=ENABLED,daemonOpts=--add-opens=java.base/java.util=ALL-UNNAMED,--add-opens=java.base/java.lang=ALL-UNNAMED,--add-opens=java.base/java.lang.invoke=ALL-UNNAMED,--add-opens=java.prefs/java.util.prefs=ALL-UNNAMED,--add-exports=jdk.compiler/com.sun.tools.javac.api=ALL-UNNAMED,--add-exports=jdk.compiler/com.sun.tools.javac.util=ALL-UNNAMED,--add-opens=java.base/java.nio.charset=ALL-UNNAMED,--add-opens=java.base/java.net=ALL-UNNAMED,--add-opens=java.base/java.util.concurrent.atomic=ALL-UNNAMED,-Xmx2048m,-Dfile.encoding=UTF-8,-Duser.country=US,-Duser.language=en,-Duser.variant]

BUILD SUCCESSFUL in 15s
31 actionable tasks: 4 executed, 27 up-to-date
2025-03-31T17:04:23.263+0700 [DEBUG] [org.gradle.launcher.daemon.server.exec.ExecuteBuild] The daemon has finished executing the build.
2025-03-31T17:04:23.279+0700 [DEBUG] [org.gradle.launcher.daemon.server.DaemonStateCoordinator] daemon is running. Sleeping until state changes.
2025-03-31T17:04:23.280+0700 [DEBUG] [org.gradle.launcher.daemon.server.DaemonStateCoordinator] Command execution: finished waiting for DaemonCommandExecution[command = Build{id=2b741781-51d3-40bd-babd-4542793626a1, currentDir=C:\Users\Administrator\AndroidStudioProjects\PrescriptionManagementApp}, connection = DefaultDaemonConnection: socket connection from /127.0.0.1:49415 to /127.0.0.1:49416]. Result org.gradle.launcher.daemon.server.DaemonStateCoordinator@4abb80ca with state Busy
2025-03-31T17:04:23.280+0700 [DEBUG] [org.gradle.launcher.daemon.server.DaemonStateCoordinator] Command execution: completed DaemonCommandExecution[command = Build{id=2b741781-51d3-40bd-babd-4542793626a1, currentDir=C:\Users\Administrator\AndroidStudioProjects\PrescriptionManagementApp}, connection = DefaultDaemonConnection: socket connection from /127.0.0.1:49415 to /127.0.0.1:49416]
2025-03-31T17:04:23.280+0700 [DEBUG] [org.gradle.launcher.daemon.server.DaemonStateCoordinator] resetting idle timer
2025-03-31T17:04:23.280+0700 [INFO] [org.gradle.launcher.daemon.server.DaemonRegistryUpdater] Marking the daemon as idle, address: [43fc7997-7880-43e7-bdf2-38e43675e797 port:49415, addresses:[localhost/127.0.0.1]]
2025-03-31T17:04:23.280+0700 [DEBUG] [org.gradle.launcher.daemon.registry.PersistentDaemonRegistry] Marking busy by address: [43fc7997-7880-43e7-bdf2-38e43675e797 port:49415, addresses:[localhost/127.0.0.1]]
2025-03-31T17:04:23.281+0700 [DEBUG] [org.gradle.cache.internal.DefaultFileLockManager] Waiting to acquire exclusive lock on daemon addresses registry.
2025-03-31T17:04:23.281+0700 [DEBUG] [org.gradle.cache.internal.DefaultFileLockManager] Lock acquired on daemon addresses registry.
2025-03-31T17:04:23.282+0700 [DEBUG] [org.gradle.cache.internal.DefaultFileLockManager] Releasing lock on daemon addresses registry.
2025-03-31T17:04:23.283+0700 [DEBUG] [org.gradle.launcher.daemon.server.DaemonStateCoordinator] daemon is running. Sleeping until state changes.
2025-03-31T17:04:23.283+0700 [DEBUG] [org.gradle.launcher.daemon.server.exec.ReturnResult] Daemon is dispatching the build result: Success[value=org.gradle.launcher.exec.BuildActionResult@401c92f5]
2025-03-31T17:04:23.283+0700 [DEBUG] [org.gradle.launcher.daemon.server.SynchronizedDispatchConnection] thread 32: dispatching Success[value=org.gradle.launcher.exec.BuildActionResult@401c92f5]
2025-03-31T17:04:23.284+0700 [DEBUG] [org.gradle.launcher.daemon.server.SynchronizedDispatchConnection] thread 33: received class org.gradle.launcher.daemon.protocol.CloseInput
2025-03-31T17:04:23.284+0700 [DEBUG] [org.gradle.launcher.daemon.server.DefaultDaemonConnection] thread 33: Received IO message from client: org.gradle.launcher.daemon.protocol.CloseInput@188f9830
2025-03-31T17:04:23.284+0700 [DEBUG] [org.gradle.launcher.daemon.server.SynchronizedDispatchConnection] thread 33: received class org.gradle.launcher.daemon.protocol.Finished
2025-03-31T17:04:23.285+0700 [DEBUG] [org.gradle.launcher.daemon.server.DefaultDaemonConnection] thread 33: Received non-IO message from client: org.gradle.launcher.daemon.protocol.Finished@4839f7f7
2025-03-31T17:04:23.285+0700 [DEBUG] [org.gradle.launcher.daemon.server.exec.CleanUpVirtualFileSystemAfterBuild] Cleaning virtual file system after build finished
2025-03-31T17:04:23.285+0700 [DEBUG] [org.gradle.launcher.daemon.server.DefaultIncomingConnectionHandler] Finishing executing command: Build{id=2b741781-51d3-40bd-babd-4542793626a1, currentDir=C:\Users\Administrator\AndroidStudioProjects\PrescriptionManagementApp}
2025-03-31T17:04:23.285+0700 [DEBUG] [org.gradle.internal.remote.internal.inet.SocketConnection] Discarding EOFException: java.io.EOFException
2025-03-31T17:04:23.285+0700 [DEBUG] [org.gradle.launcher.daemon.server.SynchronizedDispatchConnection] thread 33: received null
2025-03-31T17:04:23.285+0700 [DEBUG] [org.gradle.launcher.daemon.server.DefaultDaemonConnection] thread 33: Received end-of-input from client.
2025-03-31T17:04:23.285+0700 [DEBUG] [org.gradle.launcher.daemon.server.DefaultIncomingConnectionHandler] Received finished message: org.gradle.launcher.daemon.protocol.Finished@4839f7f7
2025-03-31T17:04:23.285+0700 [DEBUG] [org.gradle.launcher.daemon.server.SynchronizedDispatchConnection] thread 32: stopping connection
2025-03-31T17:04:23.286+0700 [DEBUG] [org.gradle.launcher.daemon.server.SynchronizedDispatchConnection] thread 32: stopping connection
2025-03-31T17:04:29.333+0700 [DEBUG] [org.gradle.cache.internal.DefaultFileLockManager] Waiting to acquire shared lock on daemon addresses registry.
2025-03-31T17:04:29.334+0700 [DEBUG] [org.gradle.cache.internal.DefaultFileLockManager] Lock acquired on daemon addresses registry.
2025-03-31T17:04:29.334+0700 [DEBUG] [org.gradle.cache.internal.DefaultFileLockManager] Releasing lock on daemon addresses registry.
2025-03-31T17:04:29.336+0700 [DEBUG] [org.gradle.cache.internal.DefaultFileLockManager] Waiting to acquire shared lock on daemon addresses registry.
2025-03-31T17:04:29.336+0700 [DEBUG] [org.gradle.cache.internal.DefaultFileLockManager] Lock acquired on daemon addresses registry.
2025-03-31T17:04:29.336+0700 [DEBUG] [org.gradle.cache.internal.DefaultFileLockManager] Releasing lock on daemon addresses registry.
2025-03-31T17:04:39.340+0700 [DEBUG] [org.gradle.cache.internal.DefaultFileLockManager] Waiting to acquire shared lock on daemon addresses registry.
2025-03-31T17:04:39.341+0700 [DEBUG] [org.gradle.cache.internal.DefaultFileLockManager] Lock acquired on daemon addresses registry.
2025-03-31T17:04:39.341+0700 [DEBUG] [org.gradle.cache.internal.DefaultFileLockManager] Releasing lock on daemon addresses registry.
2025-03-31T17:04:39.342+0700 [DEBUG] [org.gradle.cache.internal.DefaultFileLockManager] Waiting to acquire shared lock on daemon addresses registry.
2025-03-31T17:04:39.342+0700 [DEBUG] [org.gradle.cache.internal.DefaultFileLockManager] Lock acquired on daemon addresses registry.
2025-03-31T17:04:39.342+0700 [DEBUG] [org.gradle.cache.internal.DefaultFileLockManager] Releasing lock on daemon addresses registry.
2025-03-31T17:04:39.343+0700 [DEBUG] [org.gradle.cache.internal.DefaultFileLockManager] Waiting to acquire shared lock on daemon addresses registry.
2025-03-31T17:04:39.344+0700 [DEBUG] [org.gradle.cache.internal.DefaultFileLockManager] Lock acquired on daemon addresses registry.
2025-03-31T17:04:39.344+0700 [DEBUG] [org.gradle.cache.internal.DefaultFileLockManager] Releasing lock on daemon addresses registry.
2025-03-31T17:04:49.341+0700 [DEBUG] [org.gradle.cache.internal.DefaultFileLockManager] Waiting to acquire shared lock on daemon addresses registry.
2025-03-31T17:04:49.341+0700 [DEBUG] [org.gradle.cache.internal.DefaultFileLockManager] Lock acquired on daemon addresses registry.
2025-03-31T17:04:49.341+0700 [DEBUG] [org.gradle.cache.internal.DefaultFileLockManager] Releasing lock on daemon addresses registry.
2025-03-31T17:04:49.342+0700 [DEBUG] [org.gradle.cache.internal.DefaultFileLockManager] Waiting to acquire shared lock on daemon addresses registry.
2025-03-31T17:04:49.342+0700 [DEBUG] [org.gradle.cache.internal.DefaultFileLockManager] Lock acquired on daemon addresses registry.
2025-03-31T17:04:49.343+0700 [DEBUG] [org.gradle.cache.internal.DefaultFileLockManager] Releasing lock on daemon addresses registry.
2025-03-31T17:04:49.343+0700 [DEBUG] [org.gradle.cache.internal.DefaultFileLockManager] Waiting to acquire shared lock on daemon addresses registry.
2025-03-31T17:04:49.344+0700 [DEBUG] [org.gradle.cache.internal.DefaultFileLockManager] Lock acquired on daemon addresses registry.
2025-03-31T17:04:49.344+0700 [DEBUG] [org.gradle.cache.internal.DefaultFileLockManager] Releasing lock on daemon addresses registry.
2025-03-31T17:04:59.339+0700 [DEBUG] [org.gradle.cache.internal.DefaultFileLockManager] Waiting to acquire shared lock on daemon addresses registry.
2025-03-31T17:04:59.340+0700 [DEBUG] [org.gradle.cache.internal.DefaultFileLockManager] Lock acquired on daemon addresses registry.
2025-03-31T17:04:59.340+0700 [DEBUG] [org.gradle.cache.internal.DefaultFileLockManager] Releasing lock on daemon addresses registry.
2025-03-31T17:04:59.341+0700 [DEBUG] [org.gradle.cache.internal.DefaultFileLockManager] Waiting to acquire shared lock on daemon addresses registry.
2025-03-31T17:04:59.341+0700 [DEBUG] [org.gradle.cache.internal.DefaultFileLockManager] Lock acquired on daemon addresses registry.
2025-03-31T17:04:59.342+0700 [DEBUG] [org.gradle.cache.internal.DefaultFileLockManager] Releasing lock on daemon addresses registry.
2025-03-31T17:04:59.342+0700 [DEBUG] [org.gradle.cache.internal.DefaultFileLockManager] Waiting to acquire shared lock on daemon addresses registry.
2025-03-31T17:04:59.342+0700 [DEBUG] [org.gradle.cache.internal.DefaultFileLockManager] Lock acquired on daemon addresses registry.
2025-03-31T17:04:59.343+0700 [DEBUG] [org.gradle.cache.internal.DefaultFileLockManager] Releasing lock on daemon addresses registry.
2025-03-31T17:05:03.992+0700 [DEBUG] [org.gradle.internal.watch.vfs.impl.WatchingVirtualFileSystem] Handling VFS change CREATED C:\Users\Administrator\AndroidStudioProjects\PrescriptionManagementApp\app\src\main\java\com\mad\prescriptionmanagementapp\ui\activity\MainActivity.java~
2025-03-31T17:05:03.993+0700 [DEBUG] [org.gradle.internal.watch.vfs.impl.WatchingVirtualFileSystem] Handling VFS change MODIFIED C:\Users\Administrator\AndroidStudioProjects\PrescriptionManagementApp\app\src\main\java\com\mad\prescriptionmanagementapp\ui\activity\MainActivity.java
2025-03-31T17:05:04.014+0700 [DEBUG] [org.gradle.internal.remote.internal.inet.TcpIncomingConnector] Accepted connection from /127.0.0.1:49480 to /127.0.0.1:49415.
2025-03-31T17:05:04.018+0700 [DEBUG] [org.gradle.launcher.daemon.server.SynchronizedDispatchConnection] thread 226: received class org.gradle.launcher.daemon.protocol.Build
2025-03-31T17:05:04.018+0700 [DEBUG] [org.gradle.launcher.daemon.server.DefaultDaemonConnection] thread 226: Received non-IO message from client: Build{id=c4726912-64cd-4b94-a977-ed15416c7f96, currentDir=C:\Users\Administrator\AndroidStudioProjects\PrescriptionManagementApp}
2025-03-31T17:05:04.018+0700 [INFO] [org.gradle.launcher.daemon.server.DefaultIncomingConnectionHandler] Received command: Build{id=c4726912-64cd-4b94-a977-ed15416c7f96, currentDir=C:\Users\Administrator\AndroidStudioProjects\PrescriptionManagementApp}.
2025-03-31T17:05:04.019+0700 [DEBUG] [org.gradle.launcher.daemon.server.DefaultIncomingConnectionHandler] Starting executing command: Build{id=c4726912-64cd-4b94-a977-ed15416c7f96, currentDir=C:\Users\Administrator\AndroidStudioProjects\PrescriptionManagementApp} with connection: socket connection from /127.0.0.1:49415 to /127.0.0.1:49480.
2025-03-31T17:05:04.019+0700 [DEBUG] [org.gradle.launcher.daemon.server.DaemonStateCoordinator] Command execution: started DaemonCommandExecution[command = Build{id=c4726912-64cd-4b94-a977-ed15416c7f96, currentDir=C:\Users\Administrator\AndroidStudioProjects\PrescriptionManagementApp}, connection = DefaultDaemonConnection: socket connection from /127.0.0.1:49415 to /127.0.0.1:49480] after 0.6789666666666666 minutes of idle
2025-03-31T17:05:04.019+0700 [INFO] [org.gradle.launcher.daemon.server.DaemonRegistryUpdater] Marking the daemon as busy, address: [43fc7997-7880-43e7-bdf2-38e43675e797 port:49415, addresses:[localhost/127.0.0.1]]
2025-03-31T17:05:04.019+0700 [DEBUG] [org.gradle.launcher.daemon.registry.PersistentDaemonRegistry] Marking busy by address: [43fc7997-7880-43e7-bdf2-38e43675e797 port:49415, addresses:[localhost/127.0.0.1]]
2025-03-31T17:05:04.020+0700 [DEBUG] [org.gradle.cache.internal.DefaultFileLockManager] Waiting to acquire exclusive lock on daemon addresses registry.
2025-03-31T17:05:04.021+0700 [DEBUG] [org.gradle.cache.internal.DefaultFileLockManager] Lock acquired on daemon addresses registry.
2025-03-31T17:05:04.022+0700 [DEBUG] [org.gradle.cache.internal.DefaultFileLockManager] Releasing lock on daemon addresses registry.
2025-03-31T17:05:04.022+0700 [DEBUG] [org.gradle.launcher.daemon.server.DaemonStateCoordinator] resetting idle timer
2025-03-31T17:05:04.023+0700 [DEBUG] [org.gradle.launcher.daemon.server.DaemonStateCoordinator] daemon is running. Sleeping until state changes.
2025-03-31T17:05:04.023+0700 [INFO] [org.gradle.launcher.daemon.server.exec.StartBuildOrRespondWithBusy] Daemon is about to start building Build{id=c4726912-64cd-4b94-a977-ed15416c7f96, currentDir=C:\Users\Administrator\AndroidStudioProjects\PrescriptionManagementApp}. Dispatching build started information...
2025-03-31T17:05:04.023+0700 [DEBUG] [org.gradle.launcher.daemon.server.SynchronizedDispatchConnection] thread 35: dispatching org.gradle.launcher.daemon.protocol.BuildStarted@6aefdb97
2025-03-31T17:05:04.024+0700 [DEBUG] [org.gradle.launcher.daemon.server.exec.EstablishBuildEnvironment] Configuring env variables: [USERDOMAIN_ROAMINGPROFILE, LOCALAPPDATA, PROCESSOR_LEVEL, USERDOMAIN, LOGONSERVER, FPS_BROWSER_APP_PROFILE_STRING, SESSIONNAME, ALLUSERSPROFILE, PROCESSOR_ARCHITECTURE, PSModulePath, SystemDrive, EFC_3896, OneDrive, MAVEN_HOME, APPDATA, NODEJS, USERNAME, ProgramFiles(x86), CommonProgramFiles, Path, FPS_BROWSER_USER_PROFILE_STRING, PATHEXT, DriverData, OS, COMPUTERNAME, PROCESSOR_REVISION, CommonProgramW6432, ComSpec, ProgramData, ProgramW6432, TEMP, HOMEPATH, SystemRoot, PROCESSOR_IDENTIFIER, HOMEDRIVE, USERPROFILE, TMP, CommonProgramFiles(x86), ProgramFiles, PUBLIC, windir, NUMBER_OF_PROCESSORS, Java17, =::]
2025-03-31T17:05:04.025+0700 [DEBUG] [org.gradle.launcher.daemon.server.exec.LogToClient] About to start relaying all logs to the client via the connection.
2025-03-31T17:05:04.025+0700 [INFO] [org.gradle.launcher.daemon.server.exec.LogToClient] The client will now receive all logging from the daemon (pid: 26596). The daemon log file: C:\Users\Administrator\AndroidStudioProjects\PrescriptionManagementApp\daemon\8.10.2\daemon-26596.out.log
2025-03-31T17:05:04.026+0700 [INFO] [org.gradle.launcher.daemon.server.exec.LogAndCheckHealth] Starting 2nd build in daemon [uptime: 54.921 secs, performance: 99%, GC rate: 0.00/s, heap usage: 0% of 2 GiB]
2025-03-31T17:05:04.027+0700 [DEBUG] [org.gradle.launcher.daemon.server.exec.ExecuteBuild] The daemon has started executing the build.
2025-03-31T17:05:04.027+0700 [DEBUG] [org.gradle.launcher.daemon.server.exec.ExecuteBuild] Executing build with daemon context: DefaultDaemonContext[uid=a97743ed-cf6e-403d-8d1a-163ae677a089,javaHome=C:\Program Files\Android\Android Studio\jbr,javaVersion=21,javaVendor=JetBrains s.r.o.,daemonRegistryDir=C:\Users\Administrator\AndroidStudioProjects\PrescriptionManagementApp\daemon,pid=26596,idleTimeout=10800000,priority=NORMAL,applyInstrumentationAgent=true,nativeServicesMode=ENABLED,daemonOpts=--add-opens=java.base/java.util=ALL-UNNAMED,--add-opens=java.base/java.lang=ALL-UNNAMED,--add-opens=java.base/java.lang.invoke=ALL-UNNAMED,--add-opens=java.prefs/java.util.prefs=ALL-UNNAMED,--add-exports=jdk.compiler/com.sun.tools.javac.api=ALL-UNNAMED,--add-exports=jdk.compiler/com.sun.tools.javac.util=ALL-UNNAMED,--add-opens=java.base/java.nio.charset=ALL-UNNAMED,--add-opens=java.base/java.net=ALL-UNNAMED,--add-opens=java.base/java.util.concurrent.atomic=ALL-UNNAMED,-Xmx2048m,-Dfile.encoding=UTF-8,-Duser.country=US,-Duser.language=en,-Duser.variant]

BUILD SUCCESSFUL in 1s
31 actionable tasks: 4 executed, 27 up-to-date
2025-03-31T17:05:05.450+0700 [DEBUG] [org.gradle.launcher.daemon.server.exec.ExecuteBuild] The daemon has finished executing the build.
2025-03-31T17:05:05.466+0700 [DEBUG] [org.gradle.launcher.daemon.server.DaemonStateCoordinator] daemon is running. Sleeping until state changes.
2025-03-31T17:05:05.467+0700 [DEBUG] [org.gradle.launcher.daemon.server.DaemonStateCoordinator] Command execution: finished waiting for DaemonCommandExecution[command = Build{id=c4726912-64cd-4b94-a977-ed15416c7f96, currentDir=C:\Users\Administrator\AndroidStudioProjects\PrescriptionManagementApp}, connection = DefaultDaemonConnection: socket connection from /127.0.0.1:49415 to /127.0.0.1:49480]. Result org.gradle.launcher.daemon.server.DaemonStateCoordinator@4abb80ca with state Busy
2025-03-31T17:05:05.467+0700 [DEBUG] [org.gradle.launcher.daemon.server.DaemonStateCoordinator] Command execution: completed DaemonCommandExecution[command = Build{id=c4726912-64cd-4b94-a977-ed15416c7f96, currentDir=C:\Users\Administrator\AndroidStudioProjects\PrescriptionManagementApp}, connection = DefaultDaemonConnection: socket connection from /127.0.0.1:49415 to /127.0.0.1:49480]
2025-03-31T17:05:05.467+0700 [DEBUG] [org.gradle.launcher.daemon.server.DaemonStateCoordinator] resetting idle timer
2025-03-31T17:05:05.467+0700 [INFO] [org.gradle.launcher.daemon.server.DaemonRegistryUpdater] Marking the daemon as idle, address: [43fc7997-7880-43e7-bdf2-38e43675e797 port:49415, addresses:[localhost/127.0.0.1]]
2025-03-31T17:05:05.467+0700 [DEBUG] [org.gradle.launcher.daemon.registry.PersistentDaemonRegistry] Marking busy by address: [43fc7997-7880-43e7-bdf2-38e43675e797 port:49415, addresses:[localhost/127.0.0.1]]
2025-03-31T17:05:05.468+0700 [DEBUG] [org.gradle.cache.internal.DefaultFileLockManager] Waiting to acquire exclusive lock on daemon addresses registry.
2025-03-31T17:05:05.468+0700 [DEBUG] [org.gradle.cache.internal.DefaultFileLockManager] Lock acquired on daemon addresses registry.
2025-03-31T17:05:05.469+0700 [DEBUG] [org.gradle.cache.internal.DefaultFileLockManager] Releasing lock on daemon addresses registry.
2025-03-31T17:05:05.470+0700 [DEBUG] [org.gradle.launcher.daemon.server.DaemonStateCoordinator] daemon is running. Sleeping until state changes.
2025-03-31T17:05:05.470+0700 [DEBUG] [org.gradle.launcher.daemon.server.exec.ReturnResult] Daemon is dispatching the build result: Success[value=org.gradle.launcher.exec.BuildActionResult@5f56f344]
2025-03-31T17:05:05.470+0700 [DEBUG] [org.gradle.launcher.daemon.server.SynchronizedDispatchConnection] thread 32: dispatching Success[value=org.gradle.launcher.exec.BuildActionResult@5f56f344]
2025-03-31T17:05:05.471+0700 [DEBUG] [org.gradle.launcher.daemon.server.exec.CleanUpVirtualFileSystemAfterBuild] Cleaning virtual file system after build finished
2025-03-31T17:05:05.471+0700 [DEBUG] [org.gradle.launcher.daemon.server.SynchronizedDispatchConnection] thread 226: received class org.gradle.launcher.daemon.protocol.CloseInput
2025-03-31T17:05:05.471+0700 [DEBUG] [org.gradle.launcher.daemon.server.DefaultIncomingConnectionHandler] Finishing executing command: Build{id=c4726912-64cd-4b94-a977-ed15416c7f96, currentDir=C:\Users\Administrator\AndroidStudioProjects\PrescriptionManagementApp}
2025-03-31T17:05:05.471+0700 [DEBUG] [org.gradle.launcher.daemon.server.DefaultDaemonConnection] thread 226: Received IO message from client: org.gradle.launcher.daemon.protocol.CloseInput@2d8d28e9
2025-03-31T17:05:05.472+0700 [DEBUG] [org.gradle.launcher.daemon.server.SynchronizedDispatchConnection] thread 226: received class org.gradle.launcher.daemon.protocol.Finished
2025-03-31T17:05:05.472+0700 [DEBUG] [org.gradle.launcher.daemon.server.DefaultDaemonConnection] thread 226: Received non-IO message from client: org.gradle.launcher.daemon.protocol.Finished@234ac328
2025-03-31T17:05:05.472+0700 [DEBUG] [org.gradle.launcher.daemon.server.DefaultIncomingConnectionHandler] Received finished message: org.gradle.launcher.daemon.protocol.Finished@234ac328
2025-03-31T17:05:05.472+0700 [DEBUG] [org.gradle.internal.remote.internal.inet.SocketConnection] Discarding EOFException: java.io.EOFException
2025-03-31T17:05:05.472+0700 [DEBUG] [org.gradle.launcher.daemon.server.SynchronizedDispatchConnection] thread 32: stopping connection
2025-03-31T17:05:05.472+0700 [DEBUG] [org.gradle.launcher.daemon.server.SynchronizedDispatchConnection] thread 226: received null
2025-03-31T17:05:05.473+0700 [DEBUG] [org.gradle.launcher.daemon.server.DefaultDaemonConnection] thread 226: Received end-of-input from client.
2025-03-31T17:05:05.473+0700 [DEBUG] [org.gradle.launcher.daemon.server.SynchronizedDispatchConnection] thread 32: stopping connection
2025-03-31T17:05:09.335+0700 [DEBUG] [org.gradle.cache.internal.DefaultFileLockManager] Waiting to acquire shared lock on daemon addresses registry.
2025-03-31T17:05:09.335+0700 [DEBUG] [org.gradle.cache.internal.DefaultFileLockManager] Lock acquired on daemon addresses registry.
2025-03-31T17:05:09.336+0700 [DEBUG] [org.gradle.cache.internal.DefaultFileLockManager] Releasing lock on daemon addresses registry.
2025-03-31T17:05:09.336+0700 [DEBUG] [org.gradle.cache.internal.DefaultFileLockManager] Waiting to acquire shared lock on daemon addresses registry.
2025-03-31T17:05:09.337+0700 [DEBUG] [org.gradle.cache.internal.DefaultFileLockManager] Lock acquired on daemon addresses registry.
2025-03-31T17:05:09.337+0700 [DEBUG] [org.gradle.cache.internal.DefaultFileLockManager] Releasing lock on daemon addresses registry.
2025-03-31T17:05:19.334+0700 [DEBUG] [org.gradle.cache.internal.DefaultFileLockManager] Waiting to acquire shared lock on daemon addresses registry.
2025-03-31T17:05:19.334+0700 [DEBUG] [org.gradle.cache.internal.DefaultFileLockManager] Lock acquired on daemon addresses registry.
2025-03-31T17:05:19.334+0700 [DEBUG] [org.gradle.cache.internal.DefaultFileLockManager] Releasing lock on daemon addresses registry.
2025-03-31T17:05:19.335+0700 [DEBUG] [org.gradle.cache.internal.DefaultFileLockManager] Waiting to acquire shared lock on daemon addresses registry.
2025-03-31T17:05:19.335+0700 [DEBUG] [org.gradle.cache.internal.DefaultFileLockManager] Lock acquired on daemon addresses registry.
2025-03-31T17:05:19.336+0700 [DEBUG] [org.gradle.cache.internal.DefaultFileLockManager] Releasing lock on daemon addresses registry.
2025-03-31T17:05:19.337+0700 [DEBUG] [org.gradle.cache.internal.DefaultFileLockManager] Waiting to acquire shared lock on daemon addresses registry.
2025-03-31T17:05:19.337+0700 [DEBUG] [org.gradle.cache.internal.DefaultFileLockManager] Lock acquired on daemon addresses registry.
2025-03-31T17:05:19.337+0700 [DEBUG] [org.gradle.cache.internal.DefaultFileLockManager] Releasing lock on daemon addresses registry.
2025-03-31T17:05:28.777+0700 [DEBUG] [org.gradle.internal.remote.internal.inet.TcpIncomingConnector] Accepted connection from /127.0.0.1:49513 to /127.0.0.1:49415.
2025-03-31T17:05:28.781+0700 [DEBUG] [org.gradle.launcher.daemon.server.SynchronizedDispatchConnection] thread 329: received class org.gradle.launcher.daemon.protocol.Build
2025-03-31T17:05:28.781+0700 [DEBUG] [org.gradle.launcher.daemon.server.DefaultDaemonConnection] thread 329: Received non-IO message from client: Build{id=76d42792-0f6e-4d3b-896a-7fd77e96aceb, currentDir=C:\Users\Administrator\AndroidStudioProjects\PrescriptionManagementApp}
2025-03-31T17:05:28.781+0700 [INFO] [org.gradle.launcher.daemon.server.DefaultIncomingConnectionHandler] Received command: Build{id=76d42792-0f6e-4d3b-896a-7fd77e96aceb, currentDir=C:\Users\Administrator\AndroidStudioProjects\PrescriptionManagementApp}.
2025-03-31T17:05:28.781+0700 [DEBUG] [org.gradle.launcher.daemon.server.DefaultIncomingConnectionHandler] Starting executing command: Build{id=76d42792-0f6e-4d3b-896a-7fd77e96aceb, currentDir=C:\Users\Administrator\AndroidStudioProjects\PrescriptionManagementApp} with connection: socket connection from /127.0.0.1:49415 to /127.0.0.1:49513.
2025-03-31T17:05:28.782+0700 [DEBUG] [org.gradle.launcher.daemon.server.DaemonStateCoordinator] Command execution: started DaemonCommandExecution[command = Build{id=76d42792-0f6e-4d3b-896a-7fd77e96aceb, currentDir=C:\Users\Administrator\AndroidStudioProjects\PrescriptionManagementApp}, connection = DefaultDaemonConnection: socket connection from /127.0.0.1:49415 to /127.0.0.1:49513] after 0.38858333333333334 minutes of idle
2025-03-31T17:05:28.782+0700 [INFO] [org.gradle.launcher.daemon.server.DaemonRegistryUpdater] Marking the daemon as busy, address: [43fc7997-7880-43e7-bdf2-38e43675e797 port:49415, addresses:[localhost/127.0.0.1]]
2025-03-31T17:05:28.782+0700 [DEBUG] [org.gradle.launcher.daemon.registry.PersistentDaemonRegistry] Marking busy by address: [43fc7997-7880-43e7-bdf2-38e43675e797 port:49415, addresses:[localhost/127.0.0.1]]
2025-03-31T17:05:28.783+0700 [DEBUG] [org.gradle.cache.internal.DefaultFileLockManager] Waiting to acquire exclusive lock on daemon addresses registry.
2025-03-31T17:05:28.783+0700 [DEBUG] [org.gradle.cache.internal.DefaultFileLockManager] Lock acquired on daemon addresses registry.
2025-03-31T17:05:28.784+0700 [DEBUG] [org.gradle.cache.internal.DefaultFileLockManager] Releasing lock on daemon addresses registry.
2025-03-31T17:05:28.785+0700 [DEBUG] [org.gradle.launcher.daemon.server.DaemonStateCoordinator] resetting idle timer
2025-03-31T17:05:28.785+0700 [DEBUG] [org.gradle.launcher.daemon.server.DaemonStateCoordinator] daemon is running. Sleeping until state changes.
2025-03-31T17:05:28.785+0700 [INFO] [org.gradle.launcher.daemon.server.exec.StartBuildOrRespondWithBusy] Daemon is about to start building Build{id=76d42792-0f6e-4d3b-896a-7fd77e96aceb, currentDir=C:\Users\Administrator\AndroidStudioProjects\PrescriptionManagementApp}. Dispatching build started information...
2025-03-31T17:05:28.785+0700 [DEBUG] [org.gradle.launcher.daemon.server.SynchronizedDispatchConnection] thread 35: dispatching org.gradle.launcher.daemon.protocol.BuildStarted@66fb54b0
2025-03-31T17:05:28.786+0700 [DEBUG] [org.gradle.launcher.daemon.server.exec.EstablishBuildEnvironment] Configuring env variables: [USERDOMAIN_ROAMINGPROFILE, LOCALAPPDATA, PROCESSOR_LEVEL, USERDOMAIN, LOGONSERVER, FPS_BROWSER_APP_PROFILE_STRING, SESSIONNAME, ALLUSERSPROFILE, PROCESSOR_ARCHITECTURE, PSModulePath, SystemDrive, EFC_3896, OneDrive, MAVEN_HOME, APPDATA, NODEJS, USERNAME, ProgramFiles(x86), CommonProgramFiles, Path, FPS_BROWSER_USER_PROFILE_STRING, PATHEXT, DriverData, OS, COMPUTERNAME, PROCESSOR_REVISION, CommonProgramW6432, ComSpec, ProgramData, ProgramW6432, TEMP, HOMEPATH, SystemRoot, PROCESSOR_IDENTIFIER, HOMEDRIVE, USERPROFILE, TMP, CommonProgramFiles(x86), ProgramFiles, PUBLIC, windir, NUMBER_OF_PROCESSORS, Java17, =::]
2025-03-31T17:05:28.787+0700 [DEBUG] [org.gradle.launcher.daemon.server.exec.LogToClient] About to start relaying all logs to the client via the connection.
2025-03-31T17:05:28.788+0700 [INFO] [org.gradle.launcher.daemon.server.exec.LogToClient] The client will now receive all logging from the daemon (pid: 26596). The daemon log file: C:\Users\Administrator\AndroidStudioProjects\PrescriptionManagementApp\daemon\8.10.2\daemon-26596.out.log
2025-03-31T17:05:28.788+0700 [INFO] [org.gradle.launcher.daemon.server.exec.LogAndCheckHealth] Starting 3rd build in daemon [uptime: 1 mins 19.684 secs, performance: 99%, GC rate: 0.00/s, heap usage: 0% of 2 GiB]
2025-03-31T17:05:28.788+0700 [DEBUG] [org.gradle.launcher.daemon.server.exec.ExecuteBuild] The daemon has started executing the build.
2025-03-31T17:05:28.789+0700 [DEBUG] [org.gradle.launcher.daemon.server.exec.ExecuteBuild] Executing build with daemon context: DefaultDaemonContext[uid=a97743ed-cf6e-403d-8d1a-163ae677a089,javaHome=C:\Program Files\Android\Android Studio\jbr,javaVersion=21,javaVendor=JetBrains s.r.o.,daemonRegistryDir=C:\Users\Administrator\AndroidStudioProjects\PrescriptionManagementApp\daemon,pid=26596,idleTimeout=10800000,priority=NORMAL,applyInstrumentationAgent=true,nativeServicesMode=ENABLED,daemonOpts=--add-opens=java.base/java.util=ALL-UNNAMED,--add-opens=java.base/java.lang=ALL-UNNAMED,--add-opens=java.base/java.lang.invoke=ALL-UNNAMED,--add-opens=java.prefs/java.util.prefs=ALL-UNNAMED,--add-exports=jdk.compiler/com.sun.tools.javac.api=ALL-UNNAMED,--add-exports=jdk.compiler/com.sun.tools.javac.util=ALL-UNNAMED,--add-opens=java.base/java.nio.charset=ALL-UNNAMED,--add-opens=java.base/java.net=ALL-UNNAMED,--add-opens=java.base/java.util.concurrent.atomic=ALL-UNNAMED,-Xmx2048m,-Dfile.encoding=UTF-8,-Duser.country=US,-Duser.language=en,-Duser.variant]

BUILD SUCCESSFUL in 709ms
31 actionable tasks: 31 up-to-date
2025-03-31T17:05:29.515+0700 [DEBUG] [org.gradle.launcher.daemon.server.exec.ExecuteBuild] The daemon has finished executing the build.
2025-03-31T17:05:29.532+0700 [DEBUG] [org.gradle.launcher.daemon.server.DaemonStateCoordinator] daemon is running. Sleeping until state changes.
2025-03-31T17:05:29.533+0700 [DEBUG] [org.gradle.launcher.daemon.server.DaemonStateCoordinator] Command execution: finished waiting for DaemonCommandExecution[command = Build{id=76d42792-0f6e-4d3b-896a-7fd77e96aceb, currentDir=C:\Users\Administrator\AndroidStudioProjects\PrescriptionManagementApp}, connection = DefaultDaemonConnection: socket connection from /127.0.0.1:49415 to /127.0.0.1:49513]. Result org.gradle.launcher.daemon.server.DaemonStateCoordinator@4abb80ca with state Busy
2025-03-31T17:05:29.533+0700 [DEBUG] [org.gradle.launcher.daemon.server.DaemonStateCoordinator] Command execution: completed DaemonCommandExecution[command = Build{id=76d42792-0f6e-4d3b-896a-7fd77e96aceb, currentDir=C:\Users\Administrator\AndroidStudioProjects\PrescriptionManagementApp}, connection = DefaultDaemonConnection: socket connection from /127.0.0.1:49415 to /127.0.0.1:49513]
2025-03-31T17:05:29.533+0700 [DEBUG] [org.gradle.launcher.daemon.server.DaemonStateCoordinator] resetting idle timer
2025-03-31T17:05:29.533+0700 [INFO] [org.gradle.launcher.daemon.server.DaemonRegistryUpdater] Marking the daemon as idle, address: [43fc7997-7880-43e7-bdf2-38e43675e797 port:49415, addresses:[localhost/127.0.0.1]]
2025-03-31T17:05:29.533+0700 [DEBUG] [org.gradle.launcher.daemon.registry.PersistentDaemonRegistry] Marking busy by address: [43fc7997-7880-43e7-bdf2-38e43675e797 port:49415, addresses:[localhost/127.0.0.1]]
2025-03-31T17:05:29.534+0700 [DEBUG] [org.gradle.cache.internal.DefaultFileLockManager] Waiting to acquire exclusive lock on daemon addresses registry.
2025-03-31T17:05:29.534+0700 [DEBUG] [org.gradle.cache.internal.DefaultFileLockManager] Lock acquired on daemon addresses registry.
2025-03-31T17:05:29.536+0700 [DEBUG] [org.gradle.cache.internal.DefaultFileLockManager] Releasing lock on daemon addresses registry.
2025-03-31T17:05:29.536+0700 [DEBUG] [org.gradle.launcher.daemon.server.DaemonStateCoordinator] daemon is running. Sleeping until state changes.
2025-03-31T17:05:29.536+0700 [DEBUG] [org.gradle.launcher.daemon.server.exec.ReturnResult] Daemon is dispatching the build result: Success[value=org.gradle.launcher.exec.BuildActionResult@7056da70]
2025-03-31T17:05:29.536+0700 [DEBUG] [org.gradle.launcher.daemon.server.SynchronizedDispatchConnection] thread 32: dispatching Success[value=org.gradle.launcher.exec.BuildActionResult@7056da70]
2025-03-31T17:05:29.537+0700 [DEBUG] [org.gradle.launcher.daemon.server.exec.CleanUpVirtualFileSystemAfterBuild] Cleaning virtual file system after build finished
2025-03-31T17:05:29.537+0700 [DEBUG] [org.gradle.launcher.daemon.server.DefaultIncomingConnectionHandler] Finishing executing command: Build{id=76d42792-0f6e-4d3b-896a-7fd77e96aceb, currentDir=C:\Users\Administrator\AndroidStudioProjects\PrescriptionManagementApp}
2025-03-31T17:05:29.537+0700 [DEBUG] [org.gradle.launcher.daemon.server.SynchronizedDispatchConnection] thread 329: received class org.gradle.launcher.daemon.protocol.CloseInput
2025-03-31T17:05:29.537+0700 [DEBUG] [org.gradle.launcher.daemon.server.DefaultDaemonConnection] thread 329: Received IO message from client: org.gradle.launcher.daemon.protocol.CloseInput@454468f7
2025-03-31T17:05:29.537+0700 [DEBUG] [org.gradle.launcher.daemon.server.SynchronizedDispatchConnection] thread 329: received class org.gradle.launcher.daemon.protocol.Finished
2025-03-31T17:05:29.537+0700 [DEBUG] [org.gradle.launcher.daemon.server.DefaultDaemonConnection] thread 329: Received non-IO message from client: org.gradle.launcher.daemon.protocol.Finished@4b838e2f
2025-03-31T17:05:29.537+0700 [DEBUG] [org.gradle.launcher.daemon.server.DefaultIncomingConnectionHandler] Received finished message: org.gradle.launcher.daemon.protocol.Finished@4b838e2f
2025-03-31T17:05:29.537+0700 [DEBUG] [org.gradle.internal.remote.internal.inet.SocketConnection] Discarding EOFException: java.io.EOFException
2025-03-31T17:05:29.537+0700 [DEBUG] [org.gradle.launcher.daemon.server.SynchronizedDispatchConnection] thread 329: received null
2025-03-31T17:05:29.537+0700 [DEBUG] [org.gradle.launcher.daemon.server.SynchronizedDispatchConnection] thread 32: stopping connection
2025-03-31T17:05:29.538+0700 [DEBUG] [org.gradle.launcher.daemon.server.DefaultDaemonConnection] thread 329: Received end-of-input from client.
2025-03-31T17:05:29.538+0700 [DEBUG] [org.gradle.launcher.daemon.server.SynchronizedDispatchConnection] thread 32: stopping connection
2025-03-31T17:05:39.344+0700 [DEBUG] [org.gradle.cache.internal.DefaultFileLockManager] Waiting to acquire shared lock on daemon addresses registry.
2025-03-31T17:05:39.344+0700 [DEBUG] [org.gradle.cache.internal.DefaultFileLockManager] Lock acquired on daemon addresses registry.
2025-03-31T17:05:39.344+0700 [DEBUG] [org.gradle.cache.internal.DefaultFileLockManager] Releasing lock on daemon addresses registry.
2025-03-31T17:05:39.345+0700 [DEBUG] [org.gradle.cache.internal.DefaultFileLockManager] Waiting to acquire shared lock on daemon addresses registry.
2025-03-31T17:05:39.345+0700 [DEBUG] [org.gradle.cache.internal.DefaultFileLockManager] Lock acquired on daemon addresses registry.
2025-03-31T17:05:39.345+0700 [DEBUG] [org.gradle.cache.internal.DefaultFileLockManager] Releasing lock on daemon addresses registry.
2025-03-31T17:05:49.340+0700 [DEBUG] [org.gradle.cache.internal.DefaultFileLockManager] Waiting to acquire shared lock on daemon addresses registry.
2025-03-31T17:05:49.341+0700 [DEBUG] [org.gradle.cache.internal.DefaultFileLockManager] Lock acquired on daemon addresses registry.
2025-03-31T17:05:49.341+0700 [DEBUG] [org.gradle.cache.internal.DefaultFileLockManager] Releasing lock on daemon addresses registry.
2025-03-31T17:05:49.342+0700 [DEBUG] [org.gradle.cache.internal.DefaultFileLockManager] Waiting to acquire shared lock on daemon addresses registry.
2025-03-31T17:05:49.342+0700 [DEBUG] [org.gradle.cache.internal.DefaultFileLockManager] Lock acquired on daemon addresses registry.
2025-03-31T17:05:49.342+0700 [DEBUG] [org.gradle.cache.internal.DefaultFileLockManager] Releasing lock on daemon addresses registry.
2025-03-31T17:05:49.343+0700 [DEBUG] [org.gradle.cache.internal.DefaultFileLockManager] Waiting to acquire shared lock on daemon addresses registry.
2025-03-31T17:05:49.343+0700 [DEBUG] [org.gradle.cache.internal.DefaultFileLockManager] Lock acquired on daemon addresses registry.
2025-03-31T17:05:49.343+0700 [DEBUG] [org.gradle.cache.internal.DefaultFileLockManager] Releasing lock on daemon addresses registry.
2025-03-31T17:05:59.344+0700 [DEBUG] [org.gradle.cache.internal.DefaultFileLockManager] Waiting to acquire shared lock on daemon addresses registry.
2025-03-31T17:05:59.345+0700 [DEBUG] [org.gradle.cache.internal.DefaultFileLockManager] Lock acquired on daemon addresses registry.
2025-03-31T17:05:59.345+0700 [DEBUG] [org.gradle.cache.internal.DefaultFileLockManager] Releasing lock on daemon addresses registry.
2025-03-31T17:05:59.346+0700 [DEBUG] [org.gradle.cache.internal.DefaultFileLockManager] Waiting to acquire shared lock on daemon addresses registry.
2025-03-31T17:05:59.347+0700 [DEBUG] [org.gradle.cache.internal.DefaultFileLockManager] Lock acquired on daemon addresses registry.
2025-03-31T17:05:59.347+0700 [DEBUG] [org.gradle.cache.internal.DefaultFileLockManager] Releasing lock on daemon addresses registry.
2025-03-31T17:05:59.347+0700 [DEBUG] [org.gradle.cache.internal.DefaultFileLockManager] Waiting to acquire shared lock on daemon addresses registry.
2025-03-31T17:05:59.348+0700 [DEBUG] [org.gradle.cache.internal.DefaultFileLockManager] Lock acquired on daemon addresses registry.
2025-03-31T17:05:59.348+0700 [DEBUG] [org.gradle.cache.internal.DefaultFileLockManager] Releasing lock on daemon addresses registry.
2025-03-31T17:06:09.335+0700 [DEBUG] [org.gradle.cache.internal.DefaultFileLockManager] Waiting to acquire shared lock on daemon addresses registry.
2025-03-31T17:06:09.335+0700 [DEBUG] [org.gradle.cache.internal.DefaultFileLockManager] Lock acquired on daemon addresses registry.
2025-03-31T17:06:09.336+0700 [DEBUG] [org.gradle.cache.internal.DefaultFileLockManager] Releasing lock on daemon addresses registry.
2025-03-31T17:06:09.337+0700 [DEBUG] [org.gradle.cache.internal.DefaultFileLockManager] Waiting to acquire shared lock on daemon addresses registry.
2025-03-31T17:06:09.337+0700 [DEBUG] [org.gradle.cache.internal.DefaultFileLockManager] Lock acquired on daemon addresses registry.
2025-03-31T17:06:09.337+0700 [DEBUG] [org.gradle.cache.internal.DefaultFileLockManager] Releasing lock on daemon addresses registry.
2025-03-31T17:06:09.338+0700 [DEBUG] [org.gradle.cache.internal.DefaultFileLockManager] Waiting to acquire shared lock on daemon addresses registry.
2025-03-31T17:06:09.338+0700 [DEBUG] [org.gradle.cache.internal.DefaultFileLockManager] Lock acquired on daemon addresses registry.
2025-03-31T17:06:09.338+0700 [DEBUG] [org.gradle.cache.internal.DefaultFileLockManager] Releasing lock on daemon addresses registry.
2025-03-31T17:06:19.346+0700 [DEBUG] [org.gradle.cache.internal.DefaultFileLockManager] Waiting to acquire shared lock on daemon addresses registry.
2025-03-31T17:06:19.346+0700 [DEBUG] [org.gradle.cache.internal.DefaultFileLockManager] Lock acquired on daemon addresses registry.
2025-03-31T17:06:19.346+0700 [DEBUG] [org.gradle.cache.internal.DefaultFileLockManager] Releasing lock on daemon addresses registry.
2025-03-31T17:06:19.347+0700 [DEBUG] [org.gradle.cache.internal.DefaultFileLockManager] Waiting to acquire shared lock on daemon addresses registry.
2025-03-31T17:06:19.347+0700 [DEBUG] [org.gradle.cache.internal.DefaultFileLockManager] Lock acquired on daemon addresses registry.
2025-03-31T17:06:19.347+0700 [DEBUG] [org.gradle.cache.internal.DefaultFileLockManager] Releasing lock on daemon addresses registry.
2025-03-31T17:06:19.348+0700 [DEBUG] [org.gradle.cache.internal.DefaultFileLockManager] Waiting to acquire shared lock on daemon addresses registry.
2025-03-31T17:06:19.348+0700 [DEBUG] [org.gradle.cache.internal.DefaultFileLockManager] Lock acquired on daemon addresses registry.
2025-03-31T17:06:19.348+0700 [DEBUG] [org.gradle.cache.internal.DefaultFileLockManager] Releasing lock on daemon addresses registry.
2025-03-31T17:06:29.337+0700 [DEBUG] [org.gradle.cache.internal.DefaultFileLockManager] Waiting to acquire shared lock on daemon addresses registry.
2025-03-31T17:06:29.337+0700 [DEBUG] [org.gradle.cache.internal.DefaultFileLockManager] Lock acquired on daemon addresses registry.
2025-03-31T17:06:29.337+0700 [DEBUG] [org.gradle.cache.internal.DefaultFileLockManager] Releasing lock on daemon addresses registry.
2025-03-31T17:06:29.338+0700 [DEBUG] [org.gradle.cache.internal.DefaultFileLockManager] Waiting to acquire shared lock on daemon addresses registry.
2025-03-31T17:06:29.338+0700 [DEBUG] [org.gradle.cache.internal.DefaultFileLockManager] Lock acquired on daemon addresses registry.
2025-03-31T17:06:29.339+0700 [DEBUG] [org.gradle.cache.internal.DefaultFileLockManager] Releasing lock on daemon addresses registry.
2025-03-31T17:06:29.340+0700 [DEBUG] [org.gradle.cache.internal.DefaultFileLockManager] Waiting to acquire shared lock on daemon addresses registry.
2025-03-31T17:06:29.340+0700 [DEBUG] [org.gradle.cache.internal.DefaultFileLockManager] Lock acquired on daemon addresses registry.
2025-03-31T17:06:29.340+0700 [DEBUG] [org.gradle.cache.internal.DefaultFileLockManager] Releasing lock on daemon addresses registry.
2025-03-31T17:06:39.344+0700 [DEBUG] [org.gradle.cache.internal.DefaultFileLockManager] Waiting to acquire shared lock on daemon addresses registry.
2025-03-31T17:06:39.344+0700 [DEBUG] [org.gradle.cache.internal.DefaultFileLockManager] Lock acquired on daemon addresses registry.
2025-03-31T17:06:39.344+0700 [DEBUG] [org.gradle.cache.internal.DefaultFileLockManager] Releasing lock on daemon addresses registry.
2025-03-31T17:06:39.345+0700 [DEBUG] [org.gradle.cache.internal.DefaultFileLockManager] Waiting to acquire shared lock on daemon addresses registry.
2025-03-31T17:06:39.345+0700 [DEBUG] [org.gradle.cache.internal.DefaultFileLockManager] Lock acquired on daemon addresses registry.
2025-03-31T17:06:39.345+0700 [DEBUG] [org.gradle.cache.internal.DefaultFileLockManager] Releasing lock on daemon addresses registry.
2025-03-31T17:06:39.346+0700 [DEBUG] [org.gradle.cache.internal.DefaultFileLockManager] Waiting to acquire shared lock on daemon addresses registry.
2025-03-31T17:06:39.346+0700 [DEBUG] [org.gradle.cache.internal.DefaultFileLockManager] Lock acquired on daemon addresses registry.
2025-03-31T17:06:39.347+0700 [DEBUG] [org.gradle.cache.internal.DefaultFileLockManager] Releasing lock on daemon addresses registry.
2025-03-31T17:06:49.332+0700 [DEBUG] [org.gradle.cache.internal.DefaultFileLockManager] Waiting to acquire shared lock on daemon addresses registry.
2025-03-31T17:06:49.332+0700 [DEBUG] [org.gradle.cache.internal.DefaultFileLockManager] Lock acquired on daemon addresses registry.
2025-03-31T17:06:49.332+0700 [DEBUG] [org.gradle.cache.internal.DefaultFileLockManager] Releasing lock on daemon addresses registry.
2025-03-31T17:06:49.333+0700 [DEBUG] [org.gradle.cache.internal.DefaultFileLockManager] Waiting to acquire shared lock on daemon addresses registry.
2025-03-31T17:06:49.333+0700 [DEBUG] [org.gradle.cache.internal.DefaultFileLockManager] Lock acquired on daemon addresses registry.
2025-03-31T17:06:49.334+0700 [DEBUG] [org.gradle.cache.internal.DefaultFileLockManager] Releasing lock on daemon addresses registry.
2025-03-31T17:06:49.335+0700 [DEBUG] [org.gradle.cache.internal.DefaultFileLockManager] Waiting to acquire shared lock on daemon addresses registry.
2025-03-31T17:06:49.335+0700 [DEBUG] [org.gradle.cache.internal.DefaultFileLockManager] Lock acquired on daemon addresses registry.
2025-03-31T17:06:49.335+0700 [DEBUG] [org.gradle.cache.internal.DefaultFileLockManager] Releasing lock on daemon addresses registry.
2025-03-31T17:06:59.331+0700 [DEBUG] [org.gradle.cache.internal.DefaultFileLockManager] Waiting to acquire shared lock on daemon addresses registry.
2025-03-31T17:06:59.331+0700 [DEBUG] [org.gradle.cache.internal.DefaultFileLockManager] Lock acquired on daemon addresses registry.
2025-03-31T17:06:59.332+0700 [DEBUG] [org.gradle.cache.internal.DefaultFileLockManager] Releasing lock on daemon addresses registry.
2025-03-31T17:06:59.332+0700 [DEBUG] [org.gradle.cache.internal.DefaultFileLockManager] Waiting to acquire shared lock on daemon addresses registry.
2025-03-31T17:06:59.333+0700 [DEBUG] [org.gradle.cache.internal.DefaultFileLockManager] Lock acquired on daemon addresses registry.
2025-03-31T17:06:59.333+0700 [DEBUG] [org.gradle.cache.internal.DefaultFileLockManager] Releasing lock on daemon addresses registry.
2025-03-31T17:06:59.333+0700 [DEBUG] [org.gradle.cache.internal.DefaultFileLockManager] Waiting to acquire shared lock on daemon addresses registry.
2025-03-31T17:06:59.334+0700 [DEBUG] [org.gradle.cache.internal.DefaultFileLockManager] Lock acquired on daemon addresses registry.
2025-03-31T17:06:59.334+0700 [DEBUG] [org.gradle.cache.internal.DefaultFileLockManager] Releasing lock on daemon addresses registry.
2025-03-31T17:07:09.343+0700 [DEBUG] [org.gradle.cache.internal.DefaultFileLockManager] Waiting to acquire shared lock on daemon addresses registry.
2025-03-31T17:07:09.343+0700 [DEBUG] [org.gradle.cache.internal.DefaultFileLockManager] Lock acquired on daemon addresses registry.
2025-03-31T17:07:09.343+0700 [DEBUG] [org.gradle.cache.internal.DefaultFileLockManager] Releasing lock on daemon addresses registry.
2025-03-31T17:07:09.344+0700 [DEBUG] [org.gradle.cache.internal.DefaultFileLockManager] Waiting to acquire shared lock on daemon addresses registry.
2025-03-31T17:07:09.344+0700 [DEBUG] [org.gradle.cache.internal.DefaultFileLockManager] Lock acquired on daemon addresses registry.
2025-03-31T17:07:09.345+0700 [DEBUG] [org.gradle.cache.internal.DefaultFileLockManager] Releasing lock on daemon addresses registry.
2025-03-31T17:07:09.345+0700 [DEBUG] [org.gradle.cache.internal.DefaultFileLockManager] Waiting to acquire shared lock on daemon addresses registry.
2025-03-31T17:07:09.345+0700 [DEBUG] [org.gradle.cache.internal.DefaultFileLockManager] Lock acquired on daemon addresses registry.
2025-03-31T17:07:09.346+0700 [DEBUG] [org.gradle.cache.internal.DefaultFileLockManager] Releasing lock on daemon addresses registry.
2025-03-31T17:07:19.337+0700 [DEBUG] [org.gradle.cache.internal.DefaultFileLockManager] Waiting to acquire shared lock on daemon addresses registry.
2025-03-31T17:07:19.337+0700 [DEBUG] [org.gradle.cache.internal.DefaultFileLockManager] Lock acquired on daemon addresses registry.
2025-03-31T17:07:19.337+0700 [DEBUG] [org.gradle.cache.internal.DefaultFileLockManager] Releasing lock on daemon addresses registry.
2025-03-31T17:07:19.338+0700 [DEBUG] [org.gradle.cache.internal.DefaultFileLockManager] Waiting to acquire shared lock on daemon addresses registry.
2025-03-31T17:07:19.338+0700 [DEBUG] [org.gradle.cache.internal.DefaultFileLockManager] Lock acquired on daemon addresses registry.
2025-03-31T17:07:19.338+0700 [DEBUG] [org.gradle.cache.internal.DefaultFileLockManager] Releasing lock on daemon addresses registry.
2025-03-31T17:07:19.339+0700 [DEBUG] [org.gradle.cache.internal.DefaultFileLockManager] Waiting to acquire shared lock on daemon addresses registry.
2025-03-31T17:07:19.339+0700 [DEBUG] [org.gradle.cache.internal.DefaultFileLockManager] Lock acquired on daemon addresses registry.
2025-03-31T17:07:19.339+0700 [DEBUG] [org.gradle.cache.internal.DefaultFileLockManager] Releasing lock on daemon addresses registry.
2025-03-31T17:07:29.339+0700 [DEBUG] [org.gradle.cache.internal.DefaultFileLockManager] Waiting to acquire shared lock on daemon addresses registry.
2025-03-31T17:07:29.339+0700 [DEBUG] [org.gradle.cache.internal.DefaultFileLockManager] Lock acquired on daemon addresses registry.
2025-03-31T17:07:29.339+0700 [DEBUG] [org.gradle.cache.internal.DefaultFileLockManager] Releasing lock on daemon addresses registry.
2025-03-31T17:07:29.341+0700 [DEBUG] [org.gradle.cache.internal.DefaultFileLockManager] Waiting to acquire shared lock on daemon addresses registry.
2025-03-31T17:07:29.341+0700 [DEBUG] [org.gradle.cache.internal.DefaultFileLockManager] Lock acquired on daemon addresses registry.
2025-03-31T17:07:29.342+0700 [DEBUG] [org.gradle.cache.internal.DefaultFileLockManager] Releasing lock on daemon addresses registry.
2025-03-31T17:07:29.343+0700 [DEBUG] [org.gradle.cache.internal.DefaultFileLockManager] Waiting to acquire shared lock on daemon addresses registry.
2025-03-31T17:07:29.343+0700 [DEBUG] [org.gradle.cache.internal.DefaultFileLockManager] Lock acquired on daemon addresses registry.
2025-03-31T17:07:29.343+0700 [DEBUG] [org.gradle.cache.internal.DefaultFileLockManager] Releasing lock on daemon addresses registry.
2025-03-31T17:07:39.341+0700 [DEBUG] [org.gradle.cache.internal.DefaultFileLockManager] Waiting to acquire shared lock on daemon addresses registry.
2025-03-31T17:07:39.342+0700 [DEBUG] [org.gradle.cache.internal.DefaultFileLockManager] Lock acquired on daemon addresses registry.
2025-03-31T17:07:39.342+0700 [DEBUG] [org.gradle.cache.internal.DefaultFileLockManager] Releasing lock on daemon addresses registry.
2025-03-31T17:07:39.343+0700 [DEBUG] [org.gradle.cache.internal.DefaultFileLockManager] Waiting to acquire shared lock on daemon addresses registry.
2025-03-31T17:07:39.343+0700 [DEBUG] [org.gradle.cache.internal.DefaultFileLockManager] Lock acquired on daemon addresses registry.
2025-03-31T17:07:39.343+0700 [DEBUG] [org.gradle.cache.internal.DefaultFileLockManager] Releasing lock on daemon addresses registry.
2025-03-31T17:07:39.344+0700 [DEBUG] [org.gradle.cache.internal.DefaultFileLockManager] Waiting to acquire shared lock on daemon addresses registry.
2025-03-31T17:07:39.344+0700 [DEBUG] [org.gradle.cache.internal.DefaultFileLockManager] Lock acquired on daemon addresses registry.
2025-03-31T17:07:39.344+0700 [DEBUG] [org.gradle.cache.internal.DefaultFileLockManager] Releasing lock on daemon addresses registry.
2025-03-31T17:07:49.343+0700 [DEBUG] [org.gradle.cache.internal.DefaultFileLockManager] Waiting to acquire shared lock on daemon addresses registry.
2025-03-31T17:07:49.343+0700 [DEBUG] [org.gradle.cache.internal.DefaultFileLockManager] Lock acquired on daemon addresses registry.
2025-03-31T17:07:49.343+0700 [DEBUG] [org.gradle.cache.internal.DefaultFileLockManager] Releasing lock on daemon addresses registry.
2025-03-31T17:07:49.344+0700 [DEBUG] [org.gradle.cache.internal.DefaultFileLockManager] Waiting to acquire shared lock on daemon addresses registry.
2025-03-31T17:07:49.344+0700 [DEBUG] [org.gradle.cache.internal.DefaultFileLockManager] Lock acquired on daemon addresses registry.
2025-03-31T17:07:49.344+0700 [DEBUG] [org.gradle.cache.internal.DefaultFileLockManager] Releasing lock on daemon addresses registry.
2025-03-31T17:07:49.345+0700 [DEBUG] [org.gradle.cache.internal.DefaultFileLockManager] Waiting to acquire shared lock on daemon addresses registry.
2025-03-31T17:07:49.345+0700 [DEBUG] [org.gradle.cache.internal.DefaultFileLockManager] Lock acquired on daemon addresses registry.
2025-03-31T17:07:49.345+0700 [DEBUG] [org.gradle.cache.internal.DefaultFileLockManager] Releasing lock on daemon addresses registry.
2025-03-31T17:07:59.339+0700 [DEBUG] [org.gradle.cache.internal.DefaultFileLockManager] Waiting to acquire shared lock on daemon addresses registry.
2025-03-31T17:07:59.339+0700 [DEBUG] [org.gradle.cache.internal.DefaultFileLockManager] Lock acquired on daemon addresses registry.
2025-03-31T17:07:59.339+0700 [DEBUG] [org.gradle.cache.internal.DefaultFileLockManager] Releasing lock on daemon addresses registry.
2025-03-31T17:07:59.340+0700 [DEBUG] [org.gradle.cache.internal.DefaultFileLockManager] Waiting to acquire shared lock on daemon addresses registry.
2025-03-31T17:07:59.340+0700 [DEBUG] [org.gradle.cache.internal.DefaultFileLockManager] Lock acquired on daemon addresses registry.
2025-03-31T17:07:59.340+0700 [DEBUG] [org.gradle.cache.internal.DefaultFileLockManager] Releasing lock on daemon addresses registry.
2025-03-31T17:07:59.341+0700 [DEBUG] [org.gradle.cache.internal.DefaultFileLockManager] Waiting to acquire shared lock on daemon addresses registry.
2025-03-31T17:07:59.341+0700 [DEBUG] [org.gradle.cache.internal.DefaultFileLockManager] Lock acquired on daemon addresses registry.
2025-03-31T17:07:59.341+0700 [DEBUG] [org.gradle.cache.internal.DefaultFileLockManager] Releasing lock on daemon addresses registry.
2025-03-31T17:08:09.346+0700 [DEBUG] [org.gradle.cache.internal.DefaultFileLockManager] Waiting to acquire shared lock on daemon addresses registry.
2025-03-31T17:08:09.347+0700 [DEBUG] [org.gradle.cache.internal.DefaultFileLockManager] Lock acquired on daemon addresses registry.
2025-03-31T17:08:09.347+0700 [DEBUG] [org.gradle.cache.internal.DefaultFileLockManager] Releasing lock on daemon addresses registry.
2025-03-31T17:08:09.348+0700 [DEBUG] [org.gradle.cache.internal.DefaultFileLockManager] Waiting to acquire shared lock on daemon addresses registry.
2025-03-31T17:08:09.348+0700 [DEBUG] [org.gradle.cache.internal.DefaultFileLockManager] Lock acquired on daemon addresses registry.
2025-03-31T17:08:09.348+0700 [DEBUG] [org.gradle.cache.internal.DefaultFileLockManager] Releasing lock on daemon addresses registry.
2025-03-31T17:08:09.349+0700 [DEBUG] [org.gradle.cache.internal.DefaultFileLockManager] Waiting to acquire shared lock on daemon addresses registry.
2025-03-31T17:08:09.349+0700 [DEBUG] [org.gradle.cache.internal.DefaultFileLockManager] Lock acquired on daemon addresses registry.
2025-03-31T17:08:09.349+0700 [DEBUG] [org.gradle.cache.internal.DefaultFileLockManager] Releasing lock on daemon addresses registry.
2025-03-31T17:08:19.333+0700 [DEBUG] [org.gradle.cache.internal.DefaultFileLockManager] Waiting to acquire shared lock on daemon addresses registry.
2025-03-31T17:08:19.333+0700 [DEBUG] [org.gradle.cache.internal.DefaultFileLockManager] Lock acquired on daemon addresses registry.
2025-03-31T17:08:19.334+0700 [DEBUG] [org.gradle.cache.internal.DefaultFileLockManager] Releasing lock on daemon addresses registry.
2025-03-31T17:08:19.335+0700 [DEBUG] [org.gradle.cache.internal.DefaultFileLockManager] Waiting to acquire shared lock on daemon addresses registry.
2025-03-31T17:08:19.335+0700 [DEBUG] [org.gradle.cache.internal.DefaultFileLockManager] Lock acquired on daemon addresses registry.
2025-03-31T17:08:19.335+0700 [DEBUG] [org.gradle.cache.internal.DefaultFileLockManager] Releasing lock on daemon addresses registry.
2025-03-31T17:08:19.336+0700 [DEBUG] [org.gradle.cache.internal.DefaultFileLockManager] Waiting to acquire shared lock on daemon addresses registry.
2025-03-31T17:08:19.336+0700 [DEBUG] [org.gradle.cache.internal.DefaultFileLockManager] Lock acquired on daemon addresses registry.
2025-03-31T17:08:19.336+0700 [DEBUG] [org.gradle.cache.internal.DefaultFileLockManager] Releasing lock on daemon addresses registry.
2025-03-31T17:08:29.335+0700 [DEBUG] [org.gradle.cache.internal.DefaultFileLockManager] Waiting to acquire shared lock on daemon addresses registry.
2025-03-31T17:08:29.336+0700 [DEBUG] [org.gradle.cache.internal.DefaultFileLockManager] Lock acquired on daemon addresses registry.
2025-03-31T17:08:29.336+0700 [DEBUG] [org.gradle.cache.internal.DefaultFileLockManager] Releasing lock on daemon addresses registry.
2025-03-31T17:08:29.337+0700 [DEBUG] [org.gradle.cache.internal.DefaultFileLockManager] Waiting to acquire shared lock on daemon addresses registry.
2025-03-31T17:08:29.337+0700 [DEBUG] [org.gradle.cache.internal.DefaultFileLockManager] Lock acquired on daemon addresses registry.
2025-03-31T17:08:29.337+0700 [DEBUG] [org.gradle.cache.internal.DefaultFileLockManager] Releasing lock on daemon addresses registry.
2025-03-31T17:08:29.338+0700 [DEBUG] [org.gradle.cache.internal.DefaultFileLockManager] Waiting to acquire shared lock on daemon addresses registry.
2025-03-31T17:08:29.339+0700 [DEBUG] [org.gradle.cache.internal.DefaultFileLockManager] Lock acquired on daemon addresses registry.
2025-03-31T17:08:29.339+0700 [DEBUG] [org.gradle.cache.internal.DefaultFileLockManager] Releasing lock on daemon addresses registry.
2025-03-31T17:08:37.837+0700 [DEBUG] [org.gradle.internal.remote.internal.inet.TcpIncomingConnector] Accepted connection from /127.0.0.1:49705 to /127.0.0.1:49415.
2025-03-31T17:08:37.852+0700 [DEBUG] [org.gradle.launcher.daemon.server.SynchronizedDispatchConnection] thread 403: received class org.gradle.launcher.daemon.protocol.Build
2025-03-31T17:08:37.852+0700 [DEBUG] [org.gradle.launcher.daemon.server.DefaultDaemonConnection] thread 403: Received non-IO message from client: Build{id=1e3af268-5141-4472-9a61-dc7c1b825b52, currentDir=C:\Users\Administrator\AndroidStudioProjects\PrescriptionManagementApp}
2025-03-31T17:08:37.852+0700 [INFO] [org.gradle.launcher.daemon.server.DefaultIncomingConnectionHandler] Received command: Build{id=1e3af268-5141-4472-9a61-dc7c1b825b52, currentDir=C:\Users\Administrator\AndroidStudioProjects\PrescriptionManagementApp}.
2025-03-31T17:08:37.852+0700 [DEBUG] [org.gradle.launcher.daemon.server.DefaultIncomingConnectionHandler] Starting executing command: Build{id=1e3af268-5141-4472-9a61-dc7c1b825b52, currentDir=C:\Users\Administrator\AndroidStudioProjects\PrescriptionManagementApp} with connection: socket connection from /127.0.0.1:49415 to /127.0.0.1:49705.
2025-03-31T17:08:37.852+0700 [DEBUG] [org.gradle.launcher.daemon.server.DaemonStateCoordinator] Command execution: started DaemonCommandExecution[command = Build{id=1e3af268-5141-4472-9a61-dc7c1b825b52, currentDir=C:\Users\Administrator\AndroidStudioProjects\PrescriptionManagementApp}, connection = DefaultDaemonConnection: socket connection from /127.0.0.1:49415 to /127.0.0.1:49705] after 3.1386333333333334 minutes of idle
2025-03-31T17:08:37.853+0700 [INFO] [org.gradle.launcher.daemon.server.DaemonRegistryUpdater] Marking the daemon as busy, address: [43fc7997-7880-43e7-bdf2-38e43675e797 port:49415, addresses:[localhost/127.0.0.1]]
2025-03-31T17:08:37.853+0700 [DEBUG] [org.gradle.launcher.daemon.registry.PersistentDaemonRegistry] Marking busy by address: [43fc7997-7880-43e7-bdf2-38e43675e797 port:49415, addresses:[localhost/127.0.0.1]]
2025-03-31T17:08:37.853+0700 [DEBUG] [org.gradle.cache.internal.DefaultFileLockManager] Waiting to acquire exclusive lock on daemon addresses registry.
2025-03-31T17:08:37.854+0700 [DEBUG] [org.gradle.cache.internal.DefaultFileLockManager] Lock acquired on daemon addresses registry.
2025-03-31T17:08:37.855+0700 [DEBUG] [org.gradle.cache.internal.DefaultFileLockManager] Releasing lock on daemon addresses registry.
2025-03-31T17:08:37.856+0700 [DEBUG] [org.gradle.launcher.daemon.server.DaemonStateCoordinator] resetting idle timer
2025-03-31T17:08:37.856+0700 [DEBUG] [org.gradle.launcher.daemon.server.DaemonStateCoordinator] daemon is running. Sleeping until state changes.
2025-03-31T17:08:37.857+0700 [INFO] [org.gradle.launcher.daemon.server.exec.StartBuildOrRespondWithBusy] Daemon is about to start building Build{id=1e3af268-5141-4472-9a61-dc7c1b825b52, currentDir=C:\Users\Administrator\AndroidStudioProjects\PrescriptionManagementApp}. Dispatching build started information...
2025-03-31T17:08:37.857+0700 [DEBUG] [org.gradle.launcher.daemon.server.SynchronizedDispatchConnection] thread 405: dispatching org.gradle.launcher.daemon.protocol.BuildStarted@2d875880
2025-03-31T17:08:37.858+0700 [DEBUG] [org.gradle.launcher.daemon.server.exec.EstablishBuildEnvironment] Configuring env variables: [USERDOMAIN_ROAMINGPROFILE, LOCALAPPDATA, PROCESSOR_LEVEL, USERDOMAIN, LOGONSERVER, FPS_BROWSER_APP_PROFILE_STRING, SESSIONNAME, ALLUSERSPROFILE, PROCESSOR_ARCHITECTURE, PSModulePath, SystemDrive, EFC_3896, OneDrive, MAVEN_HOME, APPDATA, NODEJS, USERNAME, ProgramFiles(x86), CommonProgramFiles, Path, FPS_BROWSER_USER_PROFILE_STRING, PATHEXT, DriverData, OS, COMPUTERNAME, PROCESSOR_REVISION, CommonProgramW6432, ComSpec, ProgramData, ProgramW6432, TEMP, HOMEPATH, SystemRoot, PROCESSOR_IDENTIFIER, HOMEDRIVE, USERPROFILE, TMP, CommonProgramFiles(x86), ProgramFiles, PUBLIC, windir, NUMBER_OF_PROCESSORS, Java17, =::]
2025-03-31T17:08:37.859+0700 [DEBUG] [org.gradle.launcher.daemon.server.exec.LogToClient] About to start relaying all logs to the client via the connection.
2025-03-31T17:08:37.859+0700 [INFO] [org.gradle.launcher.daemon.server.exec.LogToClient] The client will now receive all logging from the daemon (pid: 26596). The daemon log file: C:\Users\Administrator\AndroidStudioProjects\PrescriptionManagementApp\daemon\8.10.2\daemon-26596.out.log
2025-03-31T17:08:37.860+0700 [INFO] [org.gradle.launcher.daemon.server.exec.LogAndCheckHealth] Starting 4th build in daemon [uptime: 4 mins 28.755 secs, performance: 99%, GC rate: 0.00/s, heap usage: 0% of 2 GiB]
2025-03-31T17:08:37.860+0700 [DEBUG] [org.gradle.launcher.daemon.server.exec.ExecuteBuild] The daemon has started executing the build.
2025-03-31T17:08:37.860+0700 [DEBUG] [org.gradle.launcher.daemon.server.exec.ExecuteBuild] Executing build with daemon context: DefaultDaemonContext[uid=a97743ed-cf6e-403d-8d1a-163ae677a089,javaHome=C:\Program Files\Android\Android Studio\jbr,javaVersion=21,javaVendor=JetBrains s.r.o.,daemonRegistryDir=C:\Users\Administrator\AndroidStudioProjects\PrescriptionManagementApp\daemon,pid=26596,idleTimeout=10800000,priority=NORMAL,applyInstrumentationAgent=true,nativeServicesMode=ENABLED,daemonOpts=--add-opens=java.base/java.util=ALL-UNNAMED,--add-opens=java.base/java.lang=ALL-UNNAMED,--add-opens=java.base/java.lang.invoke=ALL-UNNAMED,--add-opens=java.prefs/java.util.prefs=ALL-UNNAMED,--add-exports=jdk.compiler/com.sun.tools.javac.api=ALL-UNNAMED,--add-exports=jdk.compiler/com.sun.tools.javac.util=ALL-UNNAMED,--add-opens=java.base/java.nio.charset=ALL-UNNAMED,--add-opens=java.base/java.net=ALL-UNNAMED,--add-opens=java.base/java.util.concurrent.atomic=ALL-UNNAMED,-Xmx2048m,-Dfile.encoding=UTF-8,-Duser.country=US,-Duser.language=en,-Duser.variant]

BUILD SUCCESSFUL in 5s
2025-03-31T17:08:43.851+0700 [DEBUG] [org.gradle.launcher.daemon.server.exec.ExecuteBuild] The daemon has finished executing the build.
2025-03-31T17:08:43.866+0700 [DEBUG] [org.gradle.launcher.daemon.server.DaemonStateCoordinator] daemon is running. Sleeping until state changes.
2025-03-31T17:08:43.867+0700 [DEBUG] [org.gradle.launcher.daemon.server.DaemonStateCoordinator] Command execution: finished waiting for DaemonCommandExecution[command = Build{id=1e3af268-5141-4472-9a61-dc7c1b825b52, currentDir=C:\Users\Administrator\AndroidStudioProjects\PrescriptionManagementApp}, connection = DefaultDaemonConnection: socket connection from /127.0.0.1:49415 to /127.0.0.1:49705]. Result org.gradle.launcher.daemon.server.DaemonStateCoordinator@4abb80ca with state Busy
2025-03-31T17:08:43.867+0700 [DEBUG] [org.gradle.launcher.daemon.server.DaemonStateCoordinator] Command execution: completed DaemonCommandExecution[command = Build{id=1e3af268-5141-4472-9a61-dc7c1b825b52, currentDir=C:\Users\Administrator\AndroidStudioProjects\PrescriptionManagementApp}, connection = DefaultDaemonConnection: socket connection from /127.0.0.1:49415 to /127.0.0.1:49705]
2025-03-31T17:08:43.867+0700 [DEBUG] [org.gradle.launcher.daemon.server.DaemonStateCoordinator] resetting idle timer
2025-03-31T17:08:43.867+0700 [INFO] [org.gradle.launcher.daemon.server.DaemonRegistryUpdater] Marking the daemon as idle, address: [43fc7997-7880-43e7-bdf2-38e43675e797 port:49415, addresses:[localhost/127.0.0.1]]
2025-03-31T17:08:43.867+0700 [DEBUG] [org.gradle.launcher.daemon.registry.PersistentDaemonRegistry] Marking busy by address: [43fc7997-7880-43e7-bdf2-38e43675e797 port:49415, addresses:[localhost/127.0.0.1]]
2025-03-31T17:08:43.868+0700 [DEBUG] [org.gradle.cache.internal.DefaultFileLockManager] Waiting to acquire exclusive lock on daemon addresses registry.
2025-03-31T17:08:43.868+0700 [DEBUG] [org.gradle.cache.internal.DefaultFileLockManager] Lock acquired on daemon addresses registry.
2025-03-31T17:08:43.870+0700 [DEBUG] [org.gradle.cache.internal.DefaultFileLockManager] Releasing lock on daemon addresses registry.
2025-03-31T17:08:43.870+0700 [DEBUG] [org.gradle.launcher.daemon.server.DaemonStateCoordinator] daemon is running. Sleeping until state changes.
2025-03-31T17:08:43.870+0700 [DEBUG] [org.gradle.launcher.daemon.server.exec.ReturnResult] Daemon is dispatching the build result: Success[value=org.gradle.launcher.exec.BuildActionResult@e7d6c56]
2025-03-31T17:08:43.870+0700 [DEBUG] [org.gradle.launcher.daemon.server.SynchronizedDispatchConnection] thread 402: dispatching Success[value=org.gradle.launcher.exec.BuildActionResult@e7d6c56]
2025-03-31T17:08:43.871+0700 [DEBUG] [org.gradle.launcher.daemon.server.DefaultIncomingConnectionHandler] Finishing executing command: Build{id=1e3af268-5141-4472-9a61-dc7c1b825b52, currentDir=C:\Users\Administrator\AndroidStudioProjects\PrescriptionManagementApp}
2025-03-31T17:08:43.871+0700 [DEBUG] [org.gradle.launcher.daemon.server.exec.CleanUpVirtualFileSystemAfterBuild] Cleaning virtual file system after build finished
2025-03-31T17:08:43.909+0700 [DEBUG] [org.gradle.launcher.daemon.server.SynchronizedDispatchConnection] thread 403: received class org.gradle.launcher.daemon.protocol.CloseInput
2025-03-31T17:08:43.910+0700 [DEBUG] [org.gradle.launcher.daemon.server.DefaultDaemonConnection] thread 403: Received IO message from client: org.gradle.launcher.daemon.protocol.CloseInput@2d6d8d0
2025-03-31T17:08:43.910+0700 [DEBUG] [org.gradle.launcher.daemon.server.SynchronizedDispatchConnection] thread 403: received class org.gradle.launcher.daemon.protocol.Finished
2025-03-31T17:08:43.910+0700 [DEBUG] [org.gradle.launcher.daemon.server.DefaultDaemonConnection] thread 403: Received non-IO message from client: org.gradle.launcher.daemon.protocol.Finished@60092368
2025-03-31T17:08:43.910+0700 [DEBUG] [org.gradle.launcher.daemon.server.DefaultIncomingConnectionHandler] Received finished message: org.gradle.launcher.daemon.protocol.Finished@60092368
2025-03-31T17:08:43.910+0700 [DEBUG] [org.gradle.launcher.daemon.server.SynchronizedDispatchConnection] thread 402: stopping connection
2025-03-31T17:08:43.910+0700 [DEBUG] [org.gradle.internal.remote.internal.inet.SocketConnection] Discarding EOFException: java.io.EOFException
2025-03-31T17:08:43.910+0700 [DEBUG] [org.gradle.launcher.daemon.server.SynchronizedDispatchConnection] thread 403: received null
2025-03-31T17:08:43.910+0700 [DEBUG] [org.gradle.launcher.daemon.server.DefaultDaemonConnection] thread 403: Received end-of-input from client.
2025-03-31T17:08:43.911+0700 [DEBUG] [org.gradle.launcher.daemon.server.SynchronizedDispatchConnection] thread 402: stopping connection
2025-03-31T17:08:49.248+0700 [DEBUG] [org.gradle.internal.remote.internal.inet.TcpIncomingConnector] Accepted connection from /127.0.0.1:49725 to /127.0.0.1:49415.
2025-03-31T17:08:49.252+0700 [DEBUG] [org.gradle.launcher.daemon.server.SynchronizedDispatchConnection] thread 536: received class org.gradle.launcher.daemon.protocol.Build
2025-03-31T17:08:49.253+0700 [DEBUG] [org.gradle.launcher.daemon.server.DefaultDaemonConnection] thread 536: Received non-IO message from client: Build{id=6eb23b44-c895-46c0-87cc-22029cc8ad20, currentDir=C:\Users\Administrator\AndroidStudioProjects\PrescriptionManagementApp}
2025-03-31T17:08:49.253+0700 [INFO] [org.gradle.launcher.daemon.server.DefaultIncomingConnectionHandler] Received command: Build{id=6eb23b44-c895-46c0-87cc-22029cc8ad20, currentDir=C:\Users\Administrator\AndroidStudioProjects\PrescriptionManagementApp}.
2025-03-31T17:08:49.253+0700 [DEBUG] [org.gradle.launcher.daemon.server.DefaultIncomingConnectionHandler] Starting executing command: Build{id=6eb23b44-c895-46c0-87cc-22029cc8ad20, currentDir=C:\Users\Administrator\AndroidStudioProjects\PrescriptionManagementApp} with connection: socket connection from /127.0.0.1:49415 to /127.0.0.1:49725.
2025-03-31T17:08:49.253+0700 [DEBUG] [org.gradle.launcher.daemon.server.DaemonStateCoordinator] Command execution: started DaemonCommandExecution[command = Build{id=6eb23b44-c895-46c0-87cc-22029cc8ad20, currentDir=C:\Users\Administrator\AndroidStudioProjects\PrescriptionManagementApp}, connection = DefaultDaemonConnection: socket connection from /127.0.0.1:49415 to /127.0.0.1:49725] after 0.08976666666666668 minutes of idle
2025-03-31T17:08:49.253+0700 [INFO] [org.gradle.launcher.daemon.server.DaemonRegistryUpdater] Marking the daemon as busy, address: [43fc7997-7880-43e7-bdf2-38e43675e797 port:49415, addresses:[localhost/127.0.0.1]]
2025-03-31T17:08:49.253+0700 [DEBUG] [org.gradle.launcher.daemon.registry.PersistentDaemonRegistry] Marking busy by address: [43fc7997-7880-43e7-bdf2-38e43675e797 port:49415, addresses:[localhost/127.0.0.1]]
2025-03-31T17:08:49.254+0700 [DEBUG] [org.gradle.cache.internal.DefaultFileLockManager] Waiting to acquire exclusive lock on daemon addresses registry.
2025-03-31T17:08:49.254+0700 [DEBUG] [org.gradle.cache.internal.DefaultFileLockManager] Lock acquired on daemon addresses registry.
2025-03-31T17:08:49.255+0700 [DEBUG] [org.gradle.cache.internal.DefaultFileLockManager] Releasing lock on daemon addresses registry.
2025-03-31T17:08:49.256+0700 [DEBUG] [org.gradle.launcher.daemon.server.DaemonStateCoordinator] resetting idle timer
2025-03-31T17:08:49.256+0700 [DEBUG] [org.gradle.launcher.daemon.server.DaemonStateCoordinator] daemon is running. Sleeping until state changes.
2025-03-31T17:08:49.256+0700 [INFO] [org.gradle.launcher.daemon.server.exec.StartBuildOrRespondWithBusy] Daemon is about to start building Build{id=6eb23b44-c895-46c0-87cc-22029cc8ad20, currentDir=C:\Users\Administrator\AndroidStudioProjects\PrescriptionManagementApp}. Dispatching build started information...
2025-03-31T17:08:49.256+0700 [DEBUG] [org.gradle.launcher.daemon.server.SynchronizedDispatchConnection] thread 405: dispatching org.gradle.launcher.daemon.protocol.BuildStarted@4504e87f
2025-03-31T17:08:49.257+0700 [DEBUG] [org.gradle.launcher.daemon.server.exec.EstablishBuildEnvironment] Configuring env variables: [USERDOMAIN_ROAMINGPROFILE, LOCALAPPDATA, PROCESSOR_LEVEL, USERDOMAIN, LOGONSERVER, FPS_BROWSER_APP_PROFILE_STRING, SESSIONNAME, ALLUSERSPROFILE, PROCESSOR_ARCHITECTURE, PSModulePath, SystemDrive, EFC_3896, OneDrive, MAVEN_HOME, APPDATA, NODEJS, USERNAME, ProgramFiles(x86), CommonProgramFiles, Path, FPS_BROWSER_USER_PROFILE_STRING, PATHEXT, DriverData, OS, COMPUTERNAME, PROCESSOR_REVISION, CommonProgramW6432, ComSpec, ProgramData, ProgramW6432, TEMP, HOMEPATH, SystemRoot, PROCESSOR_IDENTIFIER, HOMEDRIVE, USERPROFILE, TMP, CommonProgramFiles(x86), ProgramFiles, PUBLIC, windir, NUMBER_OF_PROCESSORS, Java17, =::]
2025-03-31T17:08:49.258+0700 [DEBUG] [org.gradle.launcher.daemon.server.exec.LogToClient] About to start relaying all logs to the client via the connection.
2025-03-31T17:08:49.258+0700 [INFO] [org.gradle.launcher.daemon.server.exec.LogToClient] The client will now receive all logging from the daemon (pid: 26596). The daemon log file: C:\Users\Administrator\AndroidStudioProjects\PrescriptionManagementApp\daemon\8.10.2\daemon-26596.out.log
2025-03-31T17:08:49.258+0700 [INFO] [org.gradle.launcher.daemon.server.exec.LogAndCheckHealth] Starting 5th build in daemon [uptime: 4 mins 40.155 secs, performance: 99%, GC rate: 0.00/s, heap usage: 0% of 2 GiB]
2025-03-31T17:08:49.259+0700 [DEBUG] [org.gradle.launcher.daemon.server.exec.ExecuteBuild] The daemon has started executing the build.
2025-03-31T17:08:49.259+0700 [DEBUG] [org.gradle.launcher.daemon.server.exec.ExecuteBuild] Executing build with daemon context: DefaultDaemonContext[uid=a97743ed-cf6e-403d-8d1a-163ae677a089,javaHome=C:\Program Files\Android\Android Studio\jbr,javaVersion=21,javaVendor=JetBrains s.r.o.,daemonRegistryDir=C:\Users\Administrator\AndroidStudioProjects\PrescriptionManagementApp\daemon,pid=26596,idleTimeout=10800000,priority=NORMAL,applyInstrumentationAgent=true,nativeServicesMode=ENABLED,daemonOpts=--add-opens=java.base/java.util=ALL-UNNAMED,--add-opens=java.base/java.lang=ALL-UNNAMED,--add-opens=java.base/java.lang.invoke=ALL-UNNAMED,--add-opens=java.prefs/java.util.prefs=ALL-UNNAMED,--add-exports=jdk.compiler/com.sun.tools.javac.api=ALL-UNNAMED,--add-exports=jdk.compiler/com.sun.tools.javac.util=ALL-UNNAMED,--add-opens=java.base/java.nio.charset=ALL-UNNAMED,--add-opens=java.base/java.net=ALL-UNNAMED,--add-opens=java.base/java.util.concurrent.atomic=ALL-UNNAMED,-Xmx2048m,-Dfile.encoding=UTF-8,-Duser.country=US,-Duser.language=en,-Duser.variant]

BUILD SUCCESSFUL in 1s
2025-03-31T17:08:50.679+0700 [DEBUG] [org.gradle.launcher.daemon.server.exec.ExecuteBuild] The daemon has finished executing the build.
2025-03-31T17:08:50.699+0700 [DEBUG] [org.gradle.launcher.daemon.server.DaemonStateCoordinator] daemon is running. Sleeping until state changes.
2025-03-31T17:08:50.699+0700 [DEBUG] [org.gradle.launcher.daemon.server.DaemonStateCoordinator] Command execution: finished waiting for DaemonCommandExecution[command = Build{id=6eb23b44-c895-46c0-87cc-22029cc8ad20, currentDir=C:\Users\Administrator\AndroidStudioProjects\PrescriptionManagementApp}, connection = DefaultDaemonConnection: socket connection from /127.0.0.1:49415 to /127.0.0.1:49725]. Result org.gradle.launcher.daemon.server.DaemonStateCoordinator@4abb80ca with state Busy
2025-03-31T17:08:50.699+0700 [DEBUG] [org.gradle.launcher.daemon.server.DaemonStateCoordinator] Command execution: completed DaemonCommandExecution[command = Build{id=6eb23b44-c895-46c0-87cc-22029cc8ad20, currentDir=C:\Users\Administrator\AndroidStudioProjects\PrescriptionManagementApp}, connection = DefaultDaemonConnection: socket connection from /127.0.0.1:49415 to /127.0.0.1:49725]
2025-03-31T17:08:50.699+0700 [DEBUG] [org.gradle.launcher.daemon.server.DaemonStateCoordinator] resetting idle timer
2025-03-31T17:08:50.699+0700 [INFO] [org.gradle.launcher.daemon.server.DaemonRegistryUpdater] Marking the daemon as idle, address: [43fc7997-7880-43e7-bdf2-38e43675e797 port:49415, addresses:[localhost/127.0.0.1]]
2025-03-31T17:08:50.699+0700 [DEBUG] [org.gradle.launcher.daemon.registry.PersistentDaemonRegistry] Marking busy by address: [43fc7997-7880-43e7-bdf2-38e43675e797 port:49415, addresses:[localhost/127.0.0.1]]
2025-03-31T17:08:50.700+0700 [DEBUG] [org.gradle.cache.internal.DefaultFileLockManager] Waiting to acquire exclusive lock on daemon addresses registry.
2025-03-31T17:08:50.701+0700 [DEBUG] [org.gradle.cache.internal.DefaultFileLockManager] Lock acquired on daemon addresses registry.
2025-03-31T17:08:50.703+0700 [DEBUG] [org.gradle.cache.internal.DefaultFileLockManager] Releasing lock on daemon addresses registry.
2025-03-31T17:08:50.704+0700 [DEBUG] [org.gradle.launcher.daemon.server.DaemonStateCoordinator] daemon is running. Sleeping until state changes.
2025-03-31T17:08:50.704+0700 [DEBUG] [org.gradle.launcher.daemon.server.exec.ReturnResult] Daemon is dispatching the build result: Success[value=org.gradle.launcher.exec.BuildActionResult@7a8eed4b]
2025-03-31T17:08:50.704+0700 [DEBUG] [org.gradle.launcher.daemon.server.SynchronizedDispatchConnection] thread 402: dispatching Success[value=org.gradle.launcher.exec.BuildActionResult@7a8eed4b]
2025-03-31T17:08:50.704+0700 [DEBUG] [org.gradle.launcher.daemon.server.exec.CleanUpVirtualFileSystemAfterBuild] Cleaning virtual file system after build finished
2025-03-31T17:08:50.705+0700 [DEBUG] [org.gradle.launcher.daemon.server.SynchronizedDispatchConnection] thread 536: received class org.gradle.launcher.daemon.protocol.CloseInput
2025-03-31T17:08:50.705+0700 [DEBUG] [org.gradle.launcher.daemon.server.DefaultIncomingConnectionHandler] Finishing executing command: Build{id=6eb23b44-c895-46c0-87cc-22029cc8ad20, currentDir=C:\Users\Administrator\AndroidStudioProjects\PrescriptionManagementApp}
2025-03-31T17:08:50.705+0700 [DEBUG] [org.gradle.launcher.daemon.server.DefaultDaemonConnection] thread 536: Received IO message from client: org.gradle.launcher.daemon.protocol.CloseInput@1e758227
2025-03-31T17:08:50.705+0700 [DEBUG] [org.gradle.launcher.daemon.server.SynchronizedDispatchConnection] thread 536: received class org.gradle.launcher.daemon.protocol.Finished
2025-03-31T17:08:50.705+0700 [DEBUG] [org.gradle.launcher.daemon.server.DefaultDaemonConnection] thread 536: Received non-IO message from client: org.gradle.launcher.daemon.protocol.Finished@10b26f99
2025-03-31T17:08:50.706+0700 [DEBUG] [org.gradle.launcher.daemon.server.DefaultIncomingConnectionHandler] Received finished message: org.gradle.launcher.daemon.protocol.Finished@10b26f99
2025-03-31T17:08:50.706+0700 [DEBUG] [org.gradle.internal.remote.internal.inet.SocketConnection] Discarding EOFException: java.io.EOFException
2025-03-31T17:08:50.706+0700 [DEBUG] [org.gradle.launcher.daemon.server.SynchronizedDispatchConnection] thread 536: received null
2025-03-31T17:08:50.706+0700 [DEBUG] [org.gradle.launcher.daemon.server.DefaultDaemonConnection] thread 536: Received end-of-input from client.
2025-03-31T17:08:50.706+0700 [DEBUG] [org.gradle.launcher.daemon.server.SynchronizedDispatchConnection] thread 402: stopping connection
2025-03-31T17:08:50.707+0700 [DEBUG] [org.gradle.launcher.daemon.server.SynchronizedDispatchConnection] thread 402: stopping connection
2025-03-31T17:08:59.344+0700 [DEBUG] [org.gradle.cache.internal.DefaultFileLockManager] Waiting to acquire shared lock on daemon addresses registry.
2025-03-31T17:08:59.344+0700 [DEBUG] [org.gradle.cache.internal.DefaultFileLockManager] Lock acquired on daemon addresses registry.
2025-03-31T17:08:59.345+0700 [DEBUG] [org.gradle.cache.internal.DefaultFileLockManager] Releasing lock on daemon addresses registry.
2025-03-31T17:08:59.346+0700 [DEBUG] [org.gradle.cache.internal.DefaultFileLockManager] Waiting to acquire shared lock on daemon addresses registry.
2025-03-31T17:08:59.346+0700 [DEBUG] [org.gradle.cache.internal.DefaultFileLockManager] Lock acquired on daemon addresses registry.
2025-03-31T17:08:59.346+0700 [DEBUG] [org.gradle.cache.internal.DefaultFileLockManager] Releasing lock on daemon addresses registry.
2025-03-31T17:09:09.341+0700 [DEBUG] [org.gradle.cache.internal.DefaultFileLockManager] Waiting to acquire shared lock on daemon addresses registry.
2025-03-31T17:09:09.341+0700 [DEBUG] [org.gradle.cache.internal.DefaultFileLockManager] Lock acquired on daemon addresses registry.
2025-03-31T17:09:09.341+0700 [DEBUG] [org.gradle.cache.internal.DefaultFileLockManager] Releasing lock on daemon addresses registry.
2025-03-31T17:09:09.342+0700 [DEBUG] [org.gradle.cache.internal.DefaultFileLockManager] Waiting to acquire shared lock on daemon addresses registry.
2025-03-31T17:09:09.342+0700 [DEBUG] [org.gradle.cache.internal.DefaultFileLockManager] Lock acquired on daemon addresses registry.
2025-03-31T17:09:09.342+0700 [DEBUG] [org.gradle.cache.internal.DefaultFileLockManager] Releasing lock on daemon addresses registry.
2025-03-31T17:09:09.343+0700 [DEBUG] [org.gradle.cache.internal.DefaultFileLockManager] Waiting to acquire shared lock on daemon addresses registry.
2025-03-31T17:09:09.343+0700 [DEBUG] [org.gradle.cache.internal.DefaultFileLockManager] Lock acquired on daemon addresses registry.
2025-03-31T17:09:09.343+0700 [DEBUG] [org.gradle.cache.internal.DefaultFileLockManager] Releasing lock on daemon addresses registry.
2025-03-31T17:09:19.335+0700 [DEBUG] [org.gradle.cache.internal.DefaultFileLockManager] Waiting to acquire shared lock on daemon addresses registry.
2025-03-31T17:09:19.336+0700 [DEBUG] [org.gradle.cache.internal.DefaultFileLockManager] Lock acquired on daemon addresses registry.
2025-03-31T17:09:19.336+0700 [DEBUG] [org.gradle.cache.internal.DefaultFileLockManager] Releasing lock on daemon addresses registry.
2025-03-31T17:09:19.337+0700 [DEBUG] [org.gradle.cache.internal.DefaultFileLockManager] Waiting to acquire shared lock on daemon addresses registry.
2025-03-31T17:09:19.337+0700 [DEBUG] [org.gradle.cache.internal.DefaultFileLockManager] Lock acquired on daemon addresses registry.
2025-03-31T17:09:19.337+0700 [DEBUG] [org.gradle.cache.internal.DefaultFileLockManager] Releasing lock on daemon addresses registry.
2025-03-31T17:09:19.338+0700 [DEBUG] [org.gradle.cache.internal.DefaultFileLockManager] Waiting to acquire shared lock on daemon addresses registry.
2025-03-31T17:09:19.338+0700 [DEBUG] [org.gradle.cache.internal.DefaultFileLockManager] Lock acquired on daemon addresses registry.
2025-03-31T17:09:19.338+0700 [DEBUG] [org.gradle.cache.internal.DefaultFileLockManager] Releasing lock on daemon addresses registry.
2025-03-31T17:09:29.343+0700 [DEBUG] [org.gradle.cache.internal.DefaultFileLockManager] Waiting to acquire shared lock on daemon addresses registry.
2025-03-31T17:09:29.344+0700 [DEBUG] [org.gradle.cache.internal.DefaultFileLockManager] Lock acquired on daemon addresses registry.
2025-03-31T17:09:29.344+0700 [DEBUG] [org.gradle.cache.internal.DefaultFileLockManager] Releasing lock on daemon addresses registry.
2025-03-31T17:09:29.345+0700 [DEBUG] [org.gradle.cache.internal.DefaultFileLockManager] Waiting to acquire shared lock on daemon addresses registry.
2025-03-31T17:09:29.345+0700 [DEBUG] [org.gradle.cache.internal.DefaultFileLockManager] Lock acquired on daemon addresses registry.
2025-03-31T17:09:29.345+0700 [DEBUG] [org.gradle.cache.internal.DefaultFileLockManager] Releasing lock on daemon addresses registry.
2025-03-31T17:09:29.346+0700 [DEBUG] [org.gradle.cache.internal.DefaultFileLockManager] Waiting to acquire shared lock on daemon addresses registry.
2025-03-31T17:09:29.346+0700 [DEBUG] [org.gradle.cache.internal.DefaultFileLockManager] Lock acquired on daemon addresses registry.
2025-03-31T17:09:29.346+0700 [DEBUG] [org.gradle.cache.internal.DefaultFileLockManager] Releasing lock on daemon addresses registry.
2025-03-31T17:09:39.335+0700 [DEBUG] [org.gradle.cache.internal.DefaultFileLockManager] Waiting to acquire shared lock on daemon addresses registry.
2025-03-31T17:09:39.336+0700 [DEBUG] [org.gradle.cache.internal.DefaultFileLockManager] Lock acquired on daemon addresses registry.
2025-03-31T17:09:39.336+0700 [DEBUG] [org.gradle.cache.internal.DefaultFileLockManager] Releasing lock on daemon addresses registry.
2025-03-31T17:09:39.337+0700 [DEBUG] [org.gradle.cache.internal.DefaultFileLockManager] Waiting to acquire shared lock on daemon addresses registry.
2025-03-31T17:09:39.337+0700 [DEBUG] [org.gradle.cache.internal.DefaultFileLockManager] Lock acquired on daemon addresses registry.
2025-03-31T17:09:39.337+0700 [DEBUG] [org.gradle.cache.internal.DefaultFileLockManager] Releasing lock on daemon addresses registry.
2025-03-31T17:09:39.338+0700 [DEBUG] [org.gradle.cache.internal.DefaultFileLockManager] Waiting to acquire shared lock on daemon addresses registry.
2025-03-31T17:09:39.338+0700 [DEBUG] [org.gradle.cache.internal.DefaultFileLockManager] Lock acquired on daemon addresses registry.
2025-03-31T17:09:39.338+0700 [DEBUG] [org.gradle.cache.internal.DefaultFileLockManager] Releasing lock on daemon addresses registry.
2025-03-31T17:09:49.335+0700 [DEBUG] [org.gradle.cache.internal.DefaultFileLockManager] Waiting to acquire shared lock on daemon addresses registry.
2025-03-31T17:09:49.335+0700 [DEBUG] [org.gradle.cache.internal.DefaultFileLockManager] Lock acquired on daemon addresses registry.
2025-03-31T17:09:49.336+0700 [DEBUG] [org.gradle.cache.internal.DefaultFileLockManager] Releasing lock on daemon addresses registry.
2025-03-31T17:09:49.336+0700 [DEBUG] [org.gradle.cache.internal.DefaultFileLockManager] Waiting to acquire shared lock on daemon addresses registry.
2025-03-31T17:09:49.336+0700 [DEBUG] [org.gradle.cache.internal.DefaultFileLockManager] Lock acquired on daemon addresses registry.
2025-03-31T17:09:49.337+0700 [DEBUG] [org.gradle.cache.internal.DefaultFileLockManager] Releasing lock on daemon addresses registry.
2025-03-31T17:09:49.337+0700 [DEBUG] [org.gradle.cache.internal.DefaultFileLockManager] Waiting to acquire shared lock on daemon addresses registry.
2025-03-31T17:09:49.337+0700 [DEBUG] [org.gradle.cache.internal.DefaultFileLockManager] Lock acquired on daemon addresses registry.
2025-03-31T17:09:49.337+0700 [DEBUG] [org.gradle.cache.internal.DefaultFileLockManager] Releasing lock on daemon addresses registry.
2025-03-31T17:09:59.339+0700 [DEBUG] [org.gradle.cache.internal.DefaultFileLockManager] Waiting to acquire shared lock on daemon addresses registry.
2025-03-31T17:09:59.339+0700 [DEBUG] [org.gradle.cache.internal.DefaultFileLockManager] Lock acquired on daemon addresses registry.
2025-03-31T17:09:59.339+0700 [DEBUG] [org.gradle.cache.internal.DefaultFileLockManager] Releasing lock on daemon addresses registry.
2025-03-31T17:09:59.341+0700 [DEBUG] [org.gradle.cache.internal.DefaultFileLockManager] Waiting to acquire shared lock on daemon addresses registry.
2025-03-31T17:09:59.341+0700 [DEBUG] [org.gradle.cache.internal.DefaultFileLockManager] Lock acquired on daemon addresses registry.
2025-03-31T17:09:59.342+0700 [DEBUG] [org.gradle.cache.internal.DefaultFileLockManager] Releasing lock on daemon addresses registry.
2025-03-31T17:09:59.343+0700 [DEBUG] [org.gradle.cache.internal.DefaultFileLockManager] Waiting to acquire shared lock on daemon addresses registry.
2025-03-31T17:09:59.343+0700 [DEBUG] [org.gradle.cache.internal.DefaultFileLockManager] Lock acquired on daemon addresses registry.
2025-03-31T17:09:59.344+0700 [DEBUG] [org.gradle.cache.internal.DefaultFileLockManager] Releasing lock on daemon addresses registry.
2025-03-31T17:10:09.335+0700 [DEBUG] [org.gradle.cache.internal.DefaultFileLockManager] Waiting to acquire shared lock on daemon addresses registry.
2025-03-31T17:10:09.335+0700 [DEBUG] [org.gradle.cache.internal.DefaultFileLockManager] Lock acquired on daemon addresses registry.
2025-03-31T17:10:09.336+0700 [DEBUG] [org.gradle.cache.internal.DefaultFileLockManager] Releasing lock on daemon addresses registry.
2025-03-31T17:10:09.337+0700 [DEBUG] [org.gradle.cache.internal.DefaultFileLockManager] Waiting to acquire shared lock on daemon addresses registry.
2025-03-31T17:10:09.337+0700 [DEBUG] [org.gradle.cache.internal.DefaultFileLockManager] Lock acquired on daemon addresses registry.
2025-03-31T17:10:09.337+0700 [DEBUG] [org.gradle.cache.internal.DefaultFileLockManager] Releasing lock on daemon addresses registry.
2025-03-31T17:10:09.338+0700 [DEBUG] [org.gradle.cache.internal.DefaultFileLockManager] Waiting to acquire shared lock on daemon addresses registry.
2025-03-31T17:10:09.338+0700 [DEBUG] [org.gradle.cache.internal.DefaultFileLockManager] Lock acquired on daemon addresses registry.
2025-03-31T17:10:09.339+0700 [DEBUG] [org.gradle.cache.internal.DefaultFileLockManager] Releasing lock on daemon addresses registry.
2025-03-31T17:10:19.341+0700 [DEBUG] [org.gradle.cache.internal.DefaultFileLockManager] Waiting to acquire shared lock on daemon addresses registry.
2025-03-31T17:10:19.341+0700 [DEBUG] [org.gradle.cache.internal.DefaultFileLockManager] Lock acquired on daemon addresses registry.
2025-03-31T17:10:19.341+0700 [DEBUG] [org.gradle.cache.internal.DefaultFileLockManager] Releasing lock on daemon addresses registry.
2025-03-31T17:10:19.342+0700 [DEBUG] [org.gradle.cache.internal.DefaultFileLockManager] Waiting to acquire shared lock on daemon addresses registry.
2025-03-31T17:10:19.342+0700 [DEBUG] [org.gradle.cache.internal.DefaultFileLockManager] Lock acquired on daemon addresses registry.
2025-03-31T17:10:19.342+0700 [DEBUG] [org.gradle.cache.internal.DefaultFileLockManager] Releasing lock on daemon addresses registry.
2025-03-31T17:10:19.343+0700 [DEBUG] [org.gradle.cache.internal.DefaultFileLockManager] Waiting to acquire shared lock on daemon addresses registry.
2025-03-31T17:10:19.343+0700 [DEBUG] [org.gradle.cache.internal.DefaultFileLockManager] Lock acquired on daemon addresses registry.
2025-03-31T17:10:19.343+0700 [DEBUG] [org.gradle.cache.internal.DefaultFileLockManager] Releasing lock on daemon addresses registry.
2025-03-31T17:10:29.341+0700 [DEBUG] [org.gradle.cache.internal.DefaultFileLockManager] Waiting to acquire shared lock on daemon addresses registry.
2025-03-31T17:10:29.341+0700 [DEBUG] [org.gradle.cache.internal.DefaultFileLockManager] Lock acquired on daemon addresses registry.
2025-03-31T17:10:29.342+0700 [DEBUG] [org.gradle.cache.internal.DefaultFileLockManager] Releasing lock on daemon addresses registry.
2025-03-31T17:10:29.343+0700 [DEBUG] [org.gradle.cache.internal.DefaultFileLockManager] Waiting to acquire shared lock on daemon addresses registry.
2025-03-31T17:10:29.343+0700 [DEBUG] [org.gradle.cache.internal.DefaultFileLockManager] Lock acquired on daemon addresses registry.
2025-03-31T17:10:29.344+0700 [DEBUG] [org.gradle.cache.internal.DefaultFileLockManager] Releasing lock on daemon addresses registry.
2025-03-31T17:10:29.345+0700 [DEBUG] [org.gradle.cache.internal.DefaultFileLockManager] Waiting to acquire shared lock on daemon addresses registry.
2025-03-31T17:10:29.345+0700 [DEBUG] [org.gradle.cache.internal.DefaultFileLockManager] Lock acquired on daemon addresses registry.
2025-03-31T17:10:29.345+0700 [DEBUG] [org.gradle.cache.internal.DefaultFileLockManager] Releasing lock on daemon addresses registry.
2025-03-31T17:10:39.336+0700 [DEBUG] [org.gradle.cache.internal.DefaultFileLockManager] Waiting to acquire shared lock on daemon addresses registry.
2025-03-31T17:10:39.336+0700 [DEBUG] [org.gradle.cache.internal.DefaultFileLockManager] Lock acquired on daemon addresses registry.
2025-03-31T17:10:39.336+0700 [DEBUG] [org.gradle.cache.internal.DefaultFileLockManager] Releasing lock on daemon addresses registry.
2025-03-31T17:10:39.337+0700 [DEBUG] [org.gradle.cache.internal.DefaultFileLockManager] Waiting to acquire shared lock on daemon addresses registry.
2025-03-31T17:10:39.337+0700 [DEBUG] [org.gradle.cache.internal.DefaultFileLockManager] Lock acquired on daemon addresses registry.
2025-03-31T17:10:39.337+0700 [DEBUG] [org.gradle.cache.internal.DefaultFileLockManager] Releasing lock on daemon addresses registry.
2025-03-31T17:10:39.338+0700 [DEBUG] [org.gradle.cache.internal.DefaultFileLockManager] Waiting to acquire shared lock on daemon addresses registry.
2025-03-31T17:10:39.338+0700 [DEBUG] [org.gradle.cache.internal.DefaultFileLockManager] Lock acquired on daemon addresses registry.
2025-03-31T17:10:39.338+0700 [DEBUG] [org.gradle.cache.internal.DefaultFileLockManager] Releasing lock on daemon addresses registry.
2025-03-31T17:10:45.256+0700 [DEBUG] [org.gradle.internal.watch.vfs.impl.WatchingVirtualFileSystem] Handling VFS change CREATED C:\Users\Administrator\AndroidStudioProjects\PrescriptionManagementApp\app\src\main\java\com\mad\prescriptionmanagementapp\ui\activity\MainActivity.java~
2025-03-31T17:10:45.257+0700 [DEBUG] [org.gradle.internal.watch.vfs.impl.WatchingVirtualFileSystem] Handling VFS change MODIFIED C:\Users\Administrator\AndroidStudioProjects\PrescriptionManagementApp\app\src\main\java\com\mad\prescriptionmanagementapp\ui\activity\MainActivity.java
2025-03-31T17:10:45.298+0700 [DEBUG] [org.gradle.internal.remote.internal.inet.TcpIncomingConnector] Accepted connection from /127.0.0.1:49856 to /127.0.0.1:49415.
2025-03-31T17:10:45.303+0700 [DEBUG] [org.gradle.launcher.daemon.server.SynchronizedDispatchConnection] thread 625: received class org.gradle.launcher.daemon.protocol.Build
2025-03-31T17:10:45.303+0700 [DEBUG] [org.gradle.launcher.daemon.server.DefaultDaemonConnection] thread 625: Received non-IO message from client: Build{id=7b3c9847-1d1c-43de-96b3-b073660e1c86, currentDir=C:\Users\Administrator\AndroidStudioProjects\PrescriptionManagementApp}
2025-03-31T17:10:45.303+0700 [INFO] [org.gradle.launcher.daemon.server.DefaultIncomingConnectionHandler] Received command: Build{id=7b3c9847-1d1c-43de-96b3-b073660e1c86, currentDir=C:\Users\Administrator\AndroidStudioProjects\PrescriptionManagementApp}.
2025-03-31T17:10:45.303+0700 [DEBUG] [org.gradle.launcher.daemon.server.DefaultIncomingConnectionHandler] Starting executing command: Build{id=7b3c9847-1d1c-43de-96b3-b073660e1c86, currentDir=C:\Users\Administrator\AndroidStudioProjects\PrescriptionManagementApp} with connection: socket connection from /127.0.0.1:49415 to /127.0.0.1:49856.
2025-03-31T17:10:45.304+0700 [DEBUG] [org.gradle.launcher.daemon.server.DaemonStateCoordinator] Command execution: started DaemonCommandExecution[command = Build{id=7b3c9847-1d1c-43de-96b3-b073660e1c86, currentDir=C:\Users\Administrator\AndroidStudioProjects\PrescriptionManagementApp}, connection = DefaultDaemonConnection: socket connection from /127.0.0.1:49415 to /127.0.0.1:49856] after 1.9100499999999998 minutes of idle
2025-03-31T17:10:45.304+0700 [INFO] [org.gradle.launcher.daemon.server.DaemonRegistryUpdater] Marking the daemon as busy, address: [43fc7997-7880-43e7-bdf2-38e43675e797 port:49415, addresses:[localhost/127.0.0.1]]
2025-03-31T17:10:45.304+0700 [DEBUG] [org.gradle.launcher.daemon.registry.PersistentDaemonRegistry] Marking busy by address: [43fc7997-7880-43e7-bdf2-38e43675e797 port:49415, addresses:[localhost/127.0.0.1]]
2025-03-31T17:10:45.305+0700 [DEBUG] [org.gradle.cache.internal.DefaultFileLockManager] Waiting to acquire exclusive lock on daemon addresses registry.
2025-03-31T17:10:45.305+0700 [DEBUG] [org.gradle.cache.internal.DefaultFileLockManager] Lock acquired on daemon addresses registry.
2025-03-31T17:10:45.306+0700 [DEBUG] [org.gradle.cache.internal.DefaultFileLockManager] Releasing lock on daemon addresses registry.
2025-03-31T17:10:45.307+0700 [DEBUG] [org.gradle.launcher.daemon.server.DaemonStateCoordinator] resetting idle timer
2025-03-31T17:10:45.307+0700 [DEBUG] [org.gradle.launcher.daemon.server.DaemonStateCoordinator] daemon is running. Sleeping until state changes.
2025-03-31T17:10:45.307+0700 [INFO] [org.gradle.launcher.daemon.server.exec.StartBuildOrRespondWithBusy] Daemon is about to start building Build{id=7b3c9847-1d1c-43de-96b3-b073660e1c86, currentDir=C:\Users\Administrator\AndroidStudioProjects\PrescriptionManagementApp}. Dispatching build started information...
2025-03-31T17:10:45.307+0700 [DEBUG] [org.gradle.launcher.daemon.server.SynchronizedDispatchConnection] thread 627: dispatching org.gradle.launcher.daemon.protocol.BuildStarted@693c0395
2025-03-31T17:10:45.308+0700 [DEBUG] [org.gradle.launcher.daemon.server.exec.EstablishBuildEnvironment] Configuring env variables: [USERDOMAIN_ROAMINGPROFILE, LOCALAPPDATA, PROCESSOR_LEVEL, USERDOMAIN, LOGONSERVER, FPS_BROWSER_APP_PROFILE_STRING, SESSIONNAME, ALLUSERSPROFILE, PROCESSOR_ARCHITECTURE, PSModulePath, SystemDrive, EFC_3896, OneDrive, MAVEN_HOME, APPDATA, NODEJS, USERNAME, ProgramFiles(x86), CommonProgramFiles, Path, FPS_BROWSER_USER_PROFILE_STRING, PATHEXT, DriverData, OS, COMPUTERNAME, PROCESSOR_REVISION, CommonProgramW6432, ComSpec, ProgramData, ProgramW6432, TEMP, HOMEPATH, SystemRoot, PROCESSOR_IDENTIFIER, HOMEDRIVE, USERPROFILE, TMP, CommonProgramFiles(x86), ProgramFiles, PUBLIC, windir, NUMBER_OF_PROCESSORS, Java17, =::]
2025-03-31T17:10:45.309+0700 [DEBUG] [org.gradle.launcher.daemon.server.exec.LogToClient] About to start relaying all logs to the client via the connection.
2025-03-31T17:10:45.309+0700 [INFO] [org.gradle.launcher.daemon.server.exec.LogToClient] The client will now receive all logging from the daemon (pid: 26596). The daemon log file: C:\Users\Administrator\AndroidStudioProjects\PrescriptionManagementApp\daemon\8.10.2\daemon-26596.out.log
2025-03-31T17:10:45.310+0700 [INFO] [org.gradle.launcher.daemon.server.exec.LogAndCheckHealth] Starting 6th build in daemon [uptime: 6 mins 36.206 secs, performance: 99%, GC rate: 0.00/s, heap usage: 0% of 2 GiB]
2025-03-31T17:10:45.311+0700 [DEBUG] [org.gradle.launcher.daemon.server.exec.ExecuteBuild] The daemon has started executing the build.
2025-03-31T17:10:45.311+0700 [DEBUG] [org.gradle.launcher.daemon.server.exec.ExecuteBuild] Executing build with daemon context: DefaultDaemonContext[uid=a97743ed-cf6e-403d-8d1a-163ae677a089,javaHome=C:\Program Files\Android\Android Studio\jbr,javaVersion=21,javaVendor=JetBrains s.r.o.,daemonRegistryDir=C:\Users\Administrator\AndroidStudioProjects\PrescriptionManagementApp\daemon,pid=26596,idleTimeout=10800000,priority=NORMAL,applyInstrumentationAgent=true,nativeServicesMode=ENABLED,daemonOpts=--add-opens=java.base/java.util=ALL-UNNAMED,--add-opens=java.base/java.lang=ALL-UNNAMED,--add-opens=java.base/java.lang.invoke=ALL-UNNAMED,--add-opens=java.prefs/java.util.prefs=ALL-UNNAMED,--add-exports=jdk.compiler/com.sun.tools.javac.api=ALL-UNNAMED,--add-exports=jdk.compiler/com.sun.tools.javac.util=ALL-UNNAMED,--add-opens=java.base/java.nio.charset=ALL-UNNAMED,--add-opens=java.base/java.net=ALL-UNNAMED,--add-opens=java.base/java.util.concurrent.atomic=ALL-UNNAMED,-Xmx2048m,-Dfile.encoding=UTF-8,-Duser.country=US,-Duser.language=en,-Duser.variant]

BUILD SUCCESSFUL in 1s
31 actionable tasks: 4 executed, 27 up-to-date
2025-03-31T17:10:46.896+0700 [DEBUG] [org.gradle.launcher.daemon.server.exec.ExecuteBuild] The daemon has finished executing the build.
2025-03-31T17:10:46.913+0700 [DEBUG] [org.gradle.launcher.daemon.server.DaemonStateCoordinator] daemon is running. Sleeping until state changes.
2025-03-31T17:10:46.913+0700 [DEBUG] [org.gradle.launcher.daemon.server.DaemonStateCoordinator] Command execution: finished waiting for DaemonCommandExecution[command = Build{id=7b3c9847-1d1c-43de-96b3-b073660e1c86, currentDir=C:\Users\Administrator\AndroidStudioProjects\PrescriptionManagementApp}, connection = DefaultDaemonConnection: socket connection from /127.0.0.1:49415 to /127.0.0.1:49856]. Result org.gradle.launcher.daemon.server.DaemonStateCoordinator@4abb80ca with state Busy
2025-03-31T17:10:46.913+0700 [DEBUG] [org.gradle.launcher.daemon.server.DaemonStateCoordinator] Command execution: completed DaemonCommandExecution[command = Build{id=7b3c9847-1d1c-43de-96b3-b073660e1c86, currentDir=C:\Users\Administrator\AndroidStudioProjects\PrescriptionManagementApp}, connection = DefaultDaemonConnection: socket connection from /127.0.0.1:49415 to /127.0.0.1:49856]
2025-03-31T17:10:46.914+0700 [DEBUG] [org.gradle.launcher.daemon.server.DaemonStateCoordinator] resetting idle timer
2025-03-31T17:10:46.914+0700 [INFO] [org.gradle.launcher.daemon.server.DaemonRegistryUpdater] Marking the daemon as idle, address: [43fc7997-7880-43e7-bdf2-38e43675e797 port:49415, addresses:[localhost/127.0.0.1]]
2025-03-31T17:10:46.914+0700 [DEBUG] [org.gradle.launcher.daemon.registry.PersistentDaemonRegistry] Marking busy by address: [43fc7997-7880-43e7-bdf2-38e43675e797 port:49415, addresses:[localhost/127.0.0.1]]
2025-03-31T17:10:46.915+0700 [DEBUG] [org.gradle.cache.internal.DefaultFileLockManager] Waiting to acquire exclusive lock on daemon addresses registry.
2025-03-31T17:10:46.915+0700 [DEBUG] [org.gradle.cache.internal.DefaultFileLockManager] Lock acquired on daemon addresses registry.
2025-03-31T17:10:46.917+0700 [DEBUG] [org.gradle.cache.internal.DefaultFileLockManager] Releasing lock on daemon addresses registry.
2025-03-31T17:10:46.918+0700 [DEBUG] [org.gradle.launcher.daemon.server.DaemonStateCoordinator] daemon is running. Sleeping until state changes.
2025-03-31T17:10:46.918+0700 [DEBUG] [org.gradle.launcher.daemon.server.exec.ReturnResult] Daemon is dispatching the build result: Success[value=org.gradle.launcher.exec.BuildActionResult@a8dd009]
2025-03-31T17:10:46.918+0700 [DEBUG] [org.gradle.launcher.daemon.server.SynchronizedDispatchConnection] thread 624: dispatching Success[value=org.gradle.launcher.exec.BuildActionResult@a8dd009]
2025-03-31T17:10:46.918+0700 [DEBUG] [org.gradle.launcher.daemon.server.SynchronizedDispatchConnection] thread 625: received class org.gradle.launcher.daemon.protocol.CloseInput
2025-03-31T17:10:46.919+0700 [DEBUG] [org.gradle.launcher.daemon.server.DefaultIncomingConnectionHandler] Finishing executing command: Build{id=7b3c9847-1d1c-43de-96b3-b073660e1c86, currentDir=C:\Users\Administrator\AndroidStudioProjects\PrescriptionManagementApp}
2025-03-31T17:10:46.919+0700 [DEBUG] [org.gradle.launcher.daemon.server.exec.CleanUpVirtualFileSystemAfterBuild] Cleaning virtual file system after build finished
2025-03-31T17:10:46.919+0700 [DEBUG] [org.gradle.launcher.daemon.server.DefaultDaemonConnection] thread 625: Received IO message from client: org.gradle.launcher.daemon.protocol.CloseInput@1be6f6fc
2025-03-31T17:10:46.919+0700 [DEBUG] [org.gradle.launcher.daemon.server.SynchronizedDispatchConnection] thread 625: received class org.gradle.launcher.daemon.protocol.Finished
2025-03-31T17:10:46.919+0700 [DEBUG] [org.gradle.launcher.daemon.server.DefaultDaemonConnection] thread 625: Received non-IO message from client: org.gradle.launcher.daemon.protocol.Finished@15211bf0
2025-03-31T17:10:46.919+0700 [DEBUG] [org.gradle.launcher.daemon.server.DefaultIncomingConnectionHandler] Received finished message: org.gradle.launcher.daemon.protocol.Finished@15211bf0
2025-03-31T17:10:46.919+0700 [DEBUG] [org.gradle.launcher.daemon.server.SynchronizedDispatchConnection] thread 624: stopping connection
2025-03-31T17:10:46.919+0700 [DEBUG] [org.gradle.internal.remote.internal.inet.SocketConnection] Discarding EOFException: java.io.EOFException
2025-03-31T17:10:46.919+0700 [DEBUG] [org.gradle.launcher.daemon.server.SynchronizedDispatchConnection] thread 625: received null
2025-03-31T17:10:46.919+0700 [DEBUG] [org.gradle.launcher.daemon.server.DefaultDaemonConnection] thread 625: Received end-of-input from client.
2025-03-31T17:10:46.920+0700 [DEBUG] [org.gradle.launcher.daemon.server.SynchronizedDispatchConnection] thread 624: stopping connection
2025-03-31T17:10:49.335+0700 [DEBUG] [org.gradle.cache.internal.DefaultFileLockManager] Waiting to acquire shared lock on daemon addresses registry.
2025-03-31T17:10:49.335+0700 [DEBUG] [org.gradle.cache.internal.DefaultFileLockManager] Lock acquired on daemon addresses registry.
2025-03-31T17:10:49.335+0700 [DEBUG] [org.gradle.cache.internal.DefaultFileLockManager] Releasing lock on daemon addresses registry.
2025-03-31T17:10:49.336+0700 [DEBUG] [org.gradle.cache.internal.DefaultFileLockManager] Waiting to acquire shared lock on daemon addresses registry.
2025-03-31T17:10:49.336+0700 [DEBUG] [org.gradle.cache.internal.DefaultFileLockManager] Lock acquired on daemon addresses registry.
2025-03-31T17:10:49.336+0700 [DEBUG] [org.gradle.cache.internal.DefaultFileLockManager] Releasing lock on daemon addresses registry.
2025-03-31T17:10:59.344+0700 [DEBUG] [org.gradle.cache.internal.DefaultFileLockManager] Waiting to acquire shared lock on daemon addresses registry.
2025-03-31T17:10:59.345+0700 [DEBUG] [org.gradle.cache.internal.DefaultFileLockManager] Lock acquired on daemon addresses registry.
2025-03-31T17:10:59.345+0700 [DEBUG] [org.gradle.cache.internal.DefaultFileLockManager] Releasing lock on daemon addresses registry.
2025-03-31T17:10:59.346+0700 [DEBUG] [org.gradle.cache.internal.DefaultFileLockManager] Waiting to acquire shared lock on daemon addresses registry.
2025-03-31T17:10:59.346+0700 [DEBUG] [org.gradle.cache.internal.DefaultFileLockManager] Lock acquired on daemon addresses registry.
2025-03-31T17:10:59.346+0700 [DEBUG] [org.gradle.cache.internal.DefaultFileLockManager] Releasing lock on daemon addresses registry.
2025-03-31T17:10:59.346+0700 [DEBUG] [org.gradle.cache.internal.DefaultFileLockManager] Waiting to acquire shared lock on daemon addresses registry.
2025-03-31T17:10:59.347+0700 [DEBUG] [org.gradle.cache.internal.DefaultFileLockManager] Lock acquired on daemon addresses registry.
2025-03-31T17:10:59.347+0700 [DEBUG] [org.gradle.cache.internal.DefaultFileLockManager] Releasing lock on daemon addresses registry.
2025-03-31T17:11:09.335+0700 [DEBUG] [org.gradle.cache.internal.DefaultFileLockManager] Waiting to acquire shared lock on daemon addresses registry.
2025-03-31T17:11:09.335+0700 [DEBUG] [org.gradle.cache.internal.DefaultFileLockManager] Lock acquired on daemon addresses registry.
2025-03-31T17:11:09.335+0700 [DEBUG] [org.gradle.cache.internal.DefaultFileLockManager] Releasing lock on daemon addresses registry.
2025-03-31T17:11:09.336+0700 [DEBUG] [org.gradle.cache.internal.DefaultFileLockManager] Waiting to acquire shared lock on daemon addresses registry.
2025-03-31T17:11:09.336+0700 [DEBUG] [org.gradle.cache.internal.DefaultFileLockManager] Lock acquired on daemon addresses registry.
2025-03-31T17:11:09.336+0700 [DEBUG] [org.gradle.cache.internal.DefaultFileLockManager] Releasing lock on daemon addresses registry.
2025-03-31T17:11:09.337+0700 [DEBUG] [org.gradle.cache.internal.DefaultFileLockManager] Waiting to acquire shared lock on daemon addresses registry.
2025-03-31T17:11:09.337+0700 [DEBUG] [org.gradle.cache.internal.DefaultFileLockManager] Lock acquired on daemon addresses registry.
2025-03-31T17:11:09.337+0700 [DEBUG] [org.gradle.cache.internal.DefaultFileLockManager] Releasing lock on daemon addresses registry.
2025-03-31T17:11:18.571+0700 [DEBUG] [org.gradle.internal.watch.vfs.impl.WatchingVirtualFileSystem] Handling VFS change CREATED C:\Users\Administrator\AndroidStudioProjects\PrescriptionManagementApp\app\src\main\java\com\mad\prescriptionmanagementapp\ui\activity\MainActivity.java~
2025-03-31T17:11:18.574+0700 [DEBUG] [org.gradle.internal.watch.vfs.impl.WatchingVirtualFileSystem] Handling VFS change MODIFIED C:\Users\Administrator\AndroidStudioProjects\PrescriptionManagementApp\app\src\main\java\com\mad\prescriptionmanagementapp\ui\activity\MainActivity.java
2025-03-31T17:11:19.332+0700 [DEBUG] [org.gradle.cache.internal.DefaultFileLockManager] Waiting to acquire shared lock on daemon addresses registry.
2025-03-31T17:11:19.332+0700 [DEBUG] [org.gradle.cache.internal.DefaultFileLockManager] Lock acquired on daemon addresses registry.
2025-03-31T17:11:19.333+0700 [DEBUG] [org.gradle.cache.internal.DefaultFileLockManager] Releasing lock on daemon addresses registry.
2025-03-31T17:11:19.333+0700 [DEBUG] [org.gradle.cache.internal.DefaultFileLockManager] Waiting to acquire shared lock on daemon addresses registry.
2025-03-31T17:11:19.334+0700 [DEBUG] [org.gradle.cache.internal.DefaultFileLockManager] Lock acquired on daemon addresses registry.
2025-03-31T17:11:19.334+0700 [DEBUG] [org.gradle.cache.internal.DefaultFileLockManager] Releasing lock on daemon addresses registry.
2025-03-31T17:11:19.334+0700 [DEBUG] [org.gradle.cache.internal.DefaultFileLockManager] Waiting to acquire shared lock on daemon addresses registry.
2025-03-31T17:11:19.335+0700 [DEBUG] [org.gradle.cache.internal.DefaultFileLockManager] Lock acquired on daemon addresses registry.
2025-03-31T17:11:19.335+0700 [DEBUG] [org.gradle.cache.internal.DefaultFileLockManager] Releasing lock on daemon addresses registry.
2025-03-31T17:11:29.339+0700 [DEBUG] [org.gradle.cache.internal.DefaultFileLockManager] Waiting to acquire shared lock on daemon addresses registry.
2025-03-31T17:11:29.339+0700 [DEBUG] [org.gradle.cache.internal.DefaultFileLockManager] Lock acquired on daemon addresses registry.
2025-03-31T17:11:29.339+0700 [DEBUG] [org.gradle.cache.internal.DefaultFileLockManager] Releasing lock on daemon addresses registry.
2025-03-31T17:11:29.340+0700 [DEBUG] [org.gradle.cache.internal.DefaultFileLockManager] Waiting to acquire shared lock on daemon addresses registry.
2025-03-31T17:11:29.340+0700 [DEBUG] [org.gradle.cache.internal.DefaultFileLockManager] Lock acquired on daemon addresses registry.
2025-03-31T17:11:29.340+0700 [DEBUG] [org.gradle.cache.internal.DefaultFileLockManager] Releasing lock on daemon addresses registry.
2025-03-31T17:11:29.341+0700 [DEBUG] [org.gradle.cache.internal.DefaultFileLockManager] Waiting to acquire shared lock on daemon addresses registry.
2025-03-31T17:11:29.341+0700 [DEBUG] [org.gradle.cache.internal.DefaultFileLockManager] Lock acquired on daemon addresses registry.
2025-03-31T17:11:29.341+0700 [DEBUG] [org.gradle.cache.internal.DefaultFileLockManager] Releasing lock on daemon addresses registry.
2025-03-31T17:11:39.338+0700 [DEBUG] [org.gradle.cache.internal.DefaultFileLockManager] Waiting to acquire shared lock on daemon addresses registry.
2025-03-31T17:11:39.338+0700 [DEBUG] [org.gradle.cache.internal.DefaultFileLockManager] Lock acquired on daemon addresses registry.
2025-03-31T17:11:39.338+0700 [DEBUG] [org.gradle.cache.internal.DefaultFileLockManager] Releasing lock on daemon addresses registry.
2025-03-31T17:11:39.339+0700 [DEBUG] [org.gradle.cache.internal.DefaultFileLockManager] Waiting to acquire shared lock on daemon addresses registry.
2025-03-31T17:11:39.339+0700 [DEBUG] [org.gradle.cache.internal.DefaultFileLockManager] Lock acquired on daemon addresses registry.
2025-03-31T17:11:39.340+0700 [DEBUG] [org.gradle.cache.internal.DefaultFileLockManager] Releasing lock on daemon addresses registry.
2025-03-31T17:11:39.340+0700 [DEBUG] [org.gradle.cache.internal.DefaultFileLockManager] Waiting to acquire shared lock on daemon addresses registry.
2025-03-31T17:11:39.340+0700 [DEBUG] [org.gradle.cache.internal.DefaultFileLockManager] Lock acquired on daemon addresses registry.
2025-03-31T17:11:39.340+0700 [DEBUG] [org.gradle.cache.internal.DefaultFileLockManager] Releasing lock on daemon addresses registry.
2025-03-31T17:11:49.358+0700 [DEBUG] [org.gradle.cache.internal.DefaultFileLockManager] Waiting to acquire shared lock on daemon addresses registry.
2025-03-31T17:11:49.358+0700 [DEBUG] [org.gradle.cache.internal.DefaultFileLockManager] Lock acquired on daemon addresses registry.
2025-03-31T17:11:49.358+0700 [DEBUG] [org.gradle.cache.internal.DefaultFileLockManager] Releasing lock on daemon addresses registry.
2025-03-31T17:11:49.378+0700 [DEBUG] [org.gradle.cache.internal.DefaultFileLockManager] Waiting to acquire shared lock on daemon addresses registry.
2025-03-31T17:11:49.379+0700 [DEBUG] [org.gradle.cache.internal.DefaultFileLockManager] Lock acquired on daemon addresses registry.
2025-03-31T17:11:49.379+0700 [DEBUG] [org.gradle.cache.internal.DefaultFileLockManager] Releasing lock on daemon addresses registry.
2025-03-31T17:11:49.380+0700 [DEBUG] [org.gradle.cache.internal.DefaultFileLockManager] Waiting to acquire shared lock on daemon addresses registry.
2025-03-31T17:11:49.381+0700 [DEBUG] [org.gradle.cache.internal.DefaultFileLockManager] Lock acquired on daemon addresses registry.
2025-03-31T17:11:49.381+0700 [DEBUG] [org.gradle.cache.internal.DefaultFileLockManager] Releasing lock on daemon addresses registry.
2025-03-31T17:11:59.334+0700 [DEBUG] [org.gradle.cache.internal.DefaultFileLockManager] Waiting to acquire shared lock on daemon addresses registry.
2025-03-31T17:11:59.334+0700 [DEBUG] [org.gradle.cache.internal.DefaultFileLockManager] Lock acquired on daemon addresses registry.
2025-03-31T17:11:59.334+0700 [DEBUG] [org.gradle.cache.internal.DefaultFileLockManager] Releasing lock on daemon addresses registry.
2025-03-31T17:11:59.335+0700 [DEBUG] [org.gradle.cache.internal.DefaultFileLockManager] Waiting to acquire shared lock on daemon addresses registry.
2025-03-31T17:11:59.335+0700 [DEBUG] [org.gradle.cache.internal.DefaultFileLockManager] Lock acquired on daemon addresses registry.
2025-03-31T17:11:59.336+0700 [DEBUG] [org.gradle.cache.internal.DefaultFileLockManager] Releasing lock on daemon addresses registry.
2025-03-31T17:11:59.336+0700 [DEBUG] [org.gradle.cache.internal.DefaultFileLockManager] Waiting to acquire shared lock on daemon addresses registry.
2025-03-31T17:11:59.337+0700 [DEBUG] [org.gradle.cache.internal.DefaultFileLockManager] Lock acquired on daemon addresses registry.
2025-03-31T17:11:59.337+0700 [DEBUG] [org.gradle.cache.internal.DefaultFileLockManager] Releasing lock on daemon addresses registry.
2025-03-31T17:12:09.331+0700 [DEBUG] [org.gradle.cache.internal.DefaultFileLockManager] Waiting to acquire shared lock on daemon addresses registry.
2025-03-31T17:12:09.331+0700 [DEBUG] [org.gradle.cache.internal.DefaultFileLockManager] Lock acquired on daemon addresses registry.
2025-03-31T17:12:09.331+0700 [DEBUG] [org.gradle.cache.internal.DefaultFileLockManager] Releasing lock on daemon addresses registry.
2025-03-31T17:12:09.332+0700 [DEBUG] [org.gradle.cache.internal.DefaultFileLockManager] Waiting to acquire shared lock on daemon addresses registry.
2025-03-31T17:12:09.332+0700 [DEBUG] [org.gradle.cache.internal.DefaultFileLockManager] Lock acquired on daemon addresses registry.
2025-03-31T17:12:09.333+0700 [DEBUG] [org.gradle.cache.internal.DefaultFileLockManager] Releasing lock on daemon addresses registry.
2025-03-31T17:12:09.333+0700 [DEBUG] [org.gradle.cache.internal.DefaultFileLockManager] Waiting to acquire shared lock on daemon addresses registry.
2025-03-31T17:12:09.334+0700 [DEBUG] [org.gradle.cache.internal.DefaultFileLockManager] Lock acquired on daemon addresses registry.
2025-03-31T17:12:09.334+0700 [DEBUG] [org.gradle.cache.internal.DefaultFileLockManager] Releasing lock on daemon addresses registry.
2025-03-31T17:12:14.258+0700 [DEBUG] [org.gradle.internal.remote.internal.inet.TcpIncomingConnector] Accepted connection from /127.0.0.1:50075 to /127.0.0.1:49415.
2025-03-31T17:12:14.261+0700 [DEBUG] [org.gradle.launcher.daemon.server.SynchronizedDispatchConnection] thread 803: received class org.gradle.launcher.daemon.protocol.Build
2025-03-31T17:12:14.262+0700 [DEBUG] [org.gradle.launcher.daemon.server.DefaultDaemonConnection] thread 803: Received non-IO message from client: Build{id=10aee01b-03f2-499c-9d0c-ddc0319c6368, currentDir=C:\Users\Administrator\AndroidStudioProjects\PrescriptionManagementApp}
2025-03-31T17:12:14.262+0700 [INFO] [org.gradle.launcher.daemon.server.DefaultIncomingConnectionHandler] Received command: Build{id=10aee01b-03f2-499c-9d0c-ddc0319c6368, currentDir=C:\Users\Administrator\AndroidStudioProjects\PrescriptionManagementApp}.
2025-03-31T17:12:14.262+0700 [DEBUG] [org.gradle.launcher.daemon.server.DefaultIncomingConnectionHandler] Starting executing command: Build{id=10aee01b-03f2-499c-9d0c-ddc0319c6368, currentDir=C:\Users\Administrator\AndroidStudioProjects\PrescriptionManagementApp} with connection: socket connection from /127.0.0.1:49415 to /127.0.0.1:50075.
2025-03-31T17:12:14.262+0700 [DEBUG] [org.gradle.launcher.daemon.server.DaemonStateCoordinator] Command execution: started DaemonCommandExecution[command = Build{id=10aee01b-03f2-499c-9d0c-ddc0319c6368, currentDir=C:\Users\Administrator\AndroidStudioProjects\PrescriptionManagementApp}, connection = DefaultDaemonConnection: socket connection from /127.0.0.1:49415 to /127.0.0.1:50075] after 1.4558 minutes of idle
2025-03-31T17:12:14.262+0700 [INFO] [org.gradle.launcher.daemon.server.DaemonRegistryUpdater] Marking the daemon as busy, address: [43fc7997-7880-43e7-bdf2-38e43675e797 port:49415, addresses:[localhost/127.0.0.1]]
2025-03-31T17:12:14.262+0700 [DEBUG] [org.gradle.launcher.daemon.registry.PersistentDaemonRegistry] Marking busy by address: [43fc7997-7880-43e7-bdf2-38e43675e797 port:49415, addresses:[localhost/127.0.0.1]]
2025-03-31T17:12:14.263+0700 [DEBUG] [org.gradle.cache.internal.DefaultFileLockManager] Waiting to acquire exclusive lock on daemon addresses registry.
2025-03-31T17:12:14.263+0700 [DEBUG] [org.gradle.cache.internal.DefaultFileLockManager] Lock acquired on daemon addresses registry.
2025-03-31T17:12:14.264+0700 [DEBUG] [org.gradle.cache.internal.DefaultFileLockManager] Releasing lock on daemon addresses registry.
2025-03-31T17:12:14.265+0700 [DEBUG] [org.gradle.launcher.daemon.server.DaemonStateCoordinator] resetting idle timer
2025-03-31T17:12:14.265+0700 [DEBUG] [org.gradle.launcher.daemon.server.DaemonStateCoordinator] daemon is running. Sleeping until state changes.
2025-03-31T17:12:14.265+0700 [INFO] [org.gradle.launcher.daemon.server.exec.StartBuildOrRespondWithBusy] Daemon is about to start building Build{id=10aee01b-03f2-499c-9d0c-ddc0319c6368, currentDir=C:\Users\Administrator\AndroidStudioProjects\PrescriptionManagementApp}. Dispatching build started information...
2025-03-31T17:12:14.265+0700 [DEBUG] [org.gradle.launcher.daemon.server.SynchronizedDispatchConnection] thread 805: dispatching org.gradle.launcher.daemon.protocol.BuildStarted@7baaed3f
2025-03-31T17:12:14.266+0700 [DEBUG] [org.gradle.launcher.daemon.server.exec.EstablishBuildEnvironment] Configuring env variables: [USERDOMAIN_ROAMINGPROFILE, LOCALAPPDATA, PROCESSOR_LEVEL, USERDOMAIN, LOGONSERVER, FPS_BROWSER_APP_PROFILE_STRING, SESSIONNAME, ALLUSERSPROFILE, PROCESSOR_ARCHITECTURE, PSModulePath, SystemDrive, EFC_3896, OneDrive, MAVEN_HOME, APPDATA, NODEJS, USERNAME, ProgramFiles(x86), CommonProgramFiles, Path, FPS_BROWSER_USER_PROFILE_STRING, PATHEXT, DriverData, OS, COMPUTERNAME, PROCESSOR_REVISION, CommonProgramW6432, ComSpec, ProgramData, ProgramW6432, TEMP, HOMEPATH, SystemRoot, PROCESSOR_IDENTIFIER, HOMEDRIVE, USERPROFILE, TMP, CommonProgramFiles(x86), ProgramFiles, PUBLIC, windir, NUMBER_OF_PROCESSORS, Java17, =::]
2025-03-31T17:12:14.267+0700 [DEBUG] [org.gradle.launcher.daemon.server.exec.LogToClient] About to start relaying all logs to the client via the connection.
2025-03-31T17:12:14.267+0700 [INFO] [org.gradle.launcher.daemon.server.exec.LogToClient] The client will now receive all logging from the daemon (pid: 26596). The daemon log file: C:\Users\Administrator\AndroidStudioProjects\PrescriptionManagementApp\daemon\8.10.2\daemon-26596.out.log
2025-03-31T17:12:14.268+0700 [INFO] [org.gradle.launcher.daemon.server.exec.LogAndCheckHealth] Starting 7th build in daemon [uptime: 8 mins 5.163 secs, performance: 99%, GC rate: 0.00/s, heap usage: 0% of 2 GiB]
2025-03-31T17:12:14.268+0700 [DEBUG] [org.gradle.launcher.daemon.server.exec.ExecuteBuild] The daemon has started executing the build.
2025-03-31T17:12:14.268+0700 [DEBUG] [org.gradle.launcher.daemon.server.exec.ExecuteBuild] Executing build with daemon context: DefaultDaemonContext[uid=a97743ed-cf6e-403d-8d1a-163ae677a089,javaHome=C:\Program Files\Android\Android Studio\jbr,javaVersion=21,javaVendor=JetBrains s.r.o.,daemonRegistryDir=C:\Users\Administrator\AndroidStudioProjects\PrescriptionManagementApp\daemon,pid=26596,idleTimeout=10800000,priority=NORMAL,applyInstrumentationAgent=true,nativeServicesMode=ENABLED,daemonOpts=--add-opens=java.base/java.util=ALL-UNNAMED,--add-opens=java.base/java.lang=ALL-UNNAMED,--add-opens=java.base/java.lang.invoke=ALL-UNNAMED,--add-opens=java.prefs/java.util.prefs=ALL-UNNAMED,--add-exports=jdk.compiler/com.sun.tools.javac.api=ALL-UNNAMED,--add-exports=jdk.compiler/com.sun.tools.javac.util=ALL-UNNAMED,--add-opens=java.base/java.nio.charset=ALL-UNNAMED,--add-opens=java.base/java.net=ALL-UNNAMED,--add-opens=java.base/java.util.concurrent.atomic=ALL-UNNAMED,-Xmx2048m,-Dfile.encoding=UTF-8,-Duser.country=US,-Duser.language=en,-Duser.variant]

BUILD SUCCESSFUL in 473ms
1 actionable task: 1 executed
2025-03-31T17:12:14.765+0700 [DEBUG] [org.gradle.launcher.daemon.server.exec.ExecuteBuild] The daemon has finished executing the build.
2025-03-31T17:12:14.781+0700 [DEBUG] [org.gradle.launcher.daemon.server.DaemonStateCoordinator] daemon is running. Sleeping until state changes.
2025-03-31T17:12:14.782+0700 [DEBUG] [org.gradle.launcher.daemon.server.DaemonStateCoordinator] Command execution: finished waiting for DaemonCommandExecution[command = Build{id=10aee01b-03f2-499c-9d0c-ddc0319c6368, currentDir=C:\Users\Administrator\AndroidStudioProjects\PrescriptionManagementApp}, connection = DefaultDaemonConnection: socket connection from /127.0.0.1:49415 to /127.0.0.1:50075]. Result org.gradle.launcher.daemon.server.DaemonStateCoordinator@4abb80ca with state Busy
2025-03-31T17:12:14.782+0700 [DEBUG] [org.gradle.launcher.daemon.server.DaemonStateCoordinator] Command execution: completed DaemonCommandExecution[command = Build{id=10aee01b-03f2-499c-9d0c-ddc0319c6368, currentDir=C:\Users\Administrator\AndroidStudioProjects\PrescriptionManagementApp}, connection = DefaultDaemonConnection: socket connection from /127.0.0.1:49415 to /127.0.0.1:50075]
2025-03-31T17:12:14.782+0700 [DEBUG] [org.gradle.launcher.daemon.server.DaemonStateCoordinator] resetting idle timer
2025-03-31T17:12:14.782+0700 [INFO] [org.gradle.launcher.daemon.server.DaemonRegistryUpdater] Marking the daemon as idle, address: [43fc7997-7880-43e7-bdf2-38e43675e797 port:49415, addresses:[localhost/127.0.0.1]]
2025-03-31T17:12:14.782+0700 [DEBUG] [org.gradle.launcher.daemon.registry.PersistentDaemonRegistry] Marking busy by address: [43fc7997-7880-43e7-bdf2-38e43675e797 port:49415, addresses:[localhost/127.0.0.1]]
2025-03-31T17:12:14.783+0700 [DEBUG] [org.gradle.cache.internal.DefaultFileLockManager] Waiting to acquire exclusive lock on daemon addresses registry.
2025-03-31T17:12:14.783+0700 [DEBUG] [org.gradle.cache.internal.DefaultFileLockManager] Lock acquired on daemon addresses registry.
2025-03-31T17:12:14.784+0700 [DEBUG] [org.gradle.cache.internal.DefaultFileLockManager] Releasing lock on daemon addresses registry.
2025-03-31T17:12:14.784+0700 [DEBUG] [org.gradle.launcher.daemon.server.exec.ReturnResult] Daemon is dispatching the build result: Success[value=org.gradle.launcher.exec.BuildActionResult@3f9ee203]
2025-03-31T17:12:14.784+0700 [DEBUG] [org.gradle.launcher.daemon.server.DaemonStateCoordinator] daemon is running. Sleeping until state changes.
2025-03-31T17:12:14.785+0700 [DEBUG] [org.gradle.launcher.daemon.server.SynchronizedDispatchConnection] thread 802: dispatching Success[value=org.gradle.launcher.exec.BuildActionResult@3f9ee203]
2025-03-31T17:12:14.785+0700 [DEBUG] [org.gradle.launcher.daemon.server.SynchronizedDispatchConnection] thread 803: received class org.gradle.launcher.daemon.protocol.CloseInput
2025-03-31T17:12:14.785+0700 [DEBUG] [org.gradle.launcher.daemon.server.DefaultDaemonConnection] thread 803: Received IO message from client: org.gradle.launcher.daemon.protocol.CloseInput@464fc2c8
2025-03-31T17:12:14.786+0700 [DEBUG] [org.gradle.launcher.daemon.server.DefaultIncomingConnectionHandler] Finishing executing command: Build{id=10aee01b-03f2-499c-9d0c-ddc0319c6368, currentDir=C:\Users\Administrator\AndroidStudioProjects\PrescriptionManagementApp}
2025-03-31T17:12:14.786+0700 [DEBUG] [org.gradle.launcher.daemon.server.exec.CleanUpVirtualFileSystemAfterBuild] Cleaning virtual file system after build finished
2025-03-31T17:12:14.786+0700 [DEBUG] [org.gradle.launcher.daemon.server.SynchronizedDispatchConnection] thread 803: received class org.gradle.launcher.daemon.protocol.Finished
2025-03-31T17:12:14.786+0700 [DEBUG] [org.gradle.launcher.daemon.server.DefaultDaemonConnection] thread 803: Received non-IO message from client: org.gradle.launcher.daemon.protocol.Finished@48883471
2025-03-31T17:12:14.786+0700 [DEBUG] [org.gradle.launcher.daemon.server.DefaultIncomingConnectionHandler] Received finished message: org.gradle.launcher.daemon.protocol.Finished@48883471
2025-03-31T17:12:14.786+0700 [DEBUG] [org.gradle.launcher.daemon.server.SynchronizedDispatchConnection] thread 802: stopping connection
2025-03-31T17:12:14.786+0700 [DEBUG] [org.gradle.internal.remote.internal.inet.SocketConnection] Discarding EOFException: java.io.EOFException
2025-03-31T17:12:14.786+0700 [DEBUG] [org.gradle.launcher.daemon.server.SynchronizedDispatchConnection] thread 803: received null
2025-03-31T17:12:14.786+0700 [DEBUG] [org.gradle.launcher.daemon.server.DefaultDaemonConnection] thread 803: Received end-of-input from client.
2025-03-31T17:12:14.787+0700 [DEBUG] [org.gradle.launcher.daemon.server.SynchronizedDispatchConnection] thread 802: stopping connection
2025-03-31T17:12:19.340+0700 [DEBUG] [org.gradle.cache.internal.DefaultFileLockManager] Waiting to acquire shared lock on daemon addresses registry.
2025-03-31T17:12:19.340+0700 [DEBUG] [org.gradle.cache.internal.DefaultFileLockManager] Lock acquired on daemon addresses registry.
2025-03-31T17:12:19.340+0700 [DEBUG] [org.gradle.cache.internal.DefaultFileLockManager] Releasing lock on daemon addresses registry.
2025-03-31T17:12:19.341+0700 [DEBUG] [org.gradle.cache.internal.DefaultFileLockManager] Waiting to acquire shared lock on daemon addresses registry.
2025-03-31T17:12:19.341+0700 [DEBUG] [org.gradle.cache.internal.DefaultFileLockManager] Lock acquired on daemon addresses registry.
2025-03-31T17:12:19.342+0700 [DEBUG] [org.gradle.cache.internal.DefaultFileLockManager] Releasing lock on daemon addresses registry.
2025-03-31T17:12:29.343+0700 [DEBUG] [org.gradle.cache.internal.DefaultFileLockManager] Waiting to acquire shared lock on daemon addresses registry.
2025-03-31T17:12:29.343+0700 [DEBUG] [org.gradle.cache.internal.DefaultFileLockManager] Lock acquired on daemon addresses registry.
2025-03-31T17:12:29.343+0700 [DEBUG] [org.gradle.cache.internal.DefaultFileLockManager] Releasing lock on daemon addresses registry.
2025-03-31T17:12:29.344+0700 [DEBUG] [org.gradle.cache.internal.DefaultFileLockManager] Waiting to acquire shared lock on daemon addresses registry.
2025-03-31T17:12:29.344+0700 [DEBUG] [org.gradle.cache.internal.DefaultFileLockManager] Lock acquired on daemon addresses registry.
2025-03-31T17:12:29.345+0700 [DEBUG] [org.gradle.cache.internal.DefaultFileLockManager] Releasing lock on daemon addresses registry.
2025-03-31T17:12:29.346+0700 [DEBUG] [org.gradle.cache.internal.DefaultFileLockManager] Waiting to acquire shared lock on daemon addresses registry.
2025-03-31T17:12:29.346+0700 [DEBUG] [org.gradle.cache.internal.DefaultFileLockManager] Lock acquired on daemon addresses registry.
2025-03-31T17:12:29.346+0700 [DEBUG] [org.gradle.cache.internal.DefaultFileLockManager] Releasing lock on daemon addresses registry.
2025-03-31T17:12:39.339+0700 [DEBUG] [org.gradle.cache.internal.DefaultFileLockManager] Waiting to acquire shared lock on daemon addresses registry.
2025-03-31T17:12:39.339+0700 [DEBUG] [org.gradle.cache.internal.DefaultFileLockManager] Lock acquired on daemon addresses registry.
2025-03-31T17:12:39.339+0700 [DEBUG] [org.gradle.cache.internal.DefaultFileLockManager] Releasing lock on daemon addresses registry.
2025-03-31T17:12:39.340+0700 [DEBUG] [org.gradle.cache.internal.DefaultFileLockManager] Waiting to acquire shared lock on daemon addresses registry.
2025-03-31T17:12:39.340+0700 [DEBUG] [org.gradle.cache.internal.DefaultFileLockManager] Lock acquired on daemon addresses registry.
2025-03-31T17:12:39.340+0700 [DEBUG] [org.gradle.cache.internal.DefaultFileLockManager] Releasing lock on daemon addresses registry.
2025-03-31T17:12:39.341+0700 [DEBUG] [org.gradle.cache.internal.DefaultFileLockManager] Waiting to acquire shared lock on daemon addresses registry.
2025-03-31T17:12:39.341+0700 [DEBUG] [org.gradle.cache.internal.DefaultFileLockManager] Lock acquired on daemon addresses registry.
2025-03-31T17:12:39.341+0700 [DEBUG] [org.gradle.cache.internal.DefaultFileLockManager] Releasing lock on daemon addresses registry.
2025-03-31T17:12:43.839+0700 [DEBUG] [org.gradle.internal.remote.internal.inet.TcpIncomingConnector] Accepted connection from /127.0.0.1:50101 to /127.0.0.1:49415.
2025-03-31T17:12:43.843+0700 [DEBUG] [org.gradle.launcher.daemon.server.SynchronizedDispatchConnection] thread 851: received class org.gradle.launcher.daemon.protocol.Build
2025-03-31T17:12:43.843+0700 [DEBUG] [org.gradle.launcher.daemon.server.DefaultDaemonConnection] thread 851: Received non-IO message from client: Build{id=32299f69-93dc-4c02-ac7d-e9f160bb0316, currentDir=C:\Users\Administrator\AndroidStudioProjects\PrescriptionManagementApp}
2025-03-31T17:12:43.843+0700 [INFO] [org.gradle.launcher.daemon.server.DefaultIncomingConnectionHandler] Received command: Build{id=32299f69-93dc-4c02-ac7d-e9f160bb0316, currentDir=C:\Users\Administrator\AndroidStudioProjects\PrescriptionManagementApp}.
2025-03-31T17:12:43.843+0700 [DEBUG] [org.gradle.launcher.daemon.server.DefaultIncomingConnectionHandler] Starting executing command: Build{id=32299f69-93dc-4c02-ac7d-e9f160bb0316, currentDir=C:\Users\Administrator\AndroidStudioProjects\PrescriptionManagementApp} with connection: socket connection from /127.0.0.1:49415 to /127.0.0.1:50101.
2025-03-31T17:12:43.843+0700 [DEBUG] [org.gradle.launcher.daemon.server.DaemonStateCoordinator] Command execution: started DaemonCommandExecution[command = Build{id=32299f69-93dc-4c02-ac7d-e9f160bb0316, currentDir=C:\Users\Administrator\AndroidStudioProjects\PrescriptionManagementApp}, connection = DefaultDaemonConnection: socket connection from /127.0.0.1:49415 to /127.0.0.1:50101] after 0.48435 minutes of idle
2025-03-31T17:12:43.843+0700 [INFO] [org.gradle.launcher.daemon.server.DaemonRegistryUpdater] Marking the daemon as busy, address: [43fc7997-7880-43e7-bdf2-38e43675e797 port:49415, addresses:[localhost/127.0.0.1]]
2025-03-31T17:12:43.843+0700 [DEBUG] [org.gradle.launcher.daemon.registry.PersistentDaemonRegistry] Marking busy by address: [43fc7997-7880-43e7-bdf2-38e43675e797 port:49415, addresses:[localhost/127.0.0.1]]
2025-03-31T17:12:43.844+0700 [DEBUG] [org.gradle.cache.internal.DefaultFileLockManager] Waiting to acquire exclusive lock on daemon addresses registry.
2025-03-31T17:12:43.844+0700 [DEBUG] [org.gradle.cache.internal.DefaultFileLockManager] Lock acquired on daemon addresses registry.
2025-03-31T17:12:43.845+0700 [DEBUG] [org.gradle.cache.internal.DefaultFileLockManager] Releasing lock on daemon addresses registry.
2025-03-31T17:12:43.845+0700 [DEBUG] [org.gradle.launcher.daemon.server.DaemonStateCoordinator] resetting idle timer
2025-03-31T17:12:43.846+0700 [DEBUG] [org.gradle.launcher.daemon.server.DaemonStateCoordinator] daemon is running. Sleeping until state changes.
2025-03-31T17:12:43.846+0700 [INFO] [org.gradle.launcher.daemon.server.exec.StartBuildOrRespondWithBusy] Daemon is about to start building Build{id=32299f69-93dc-4c02-ac7d-e9f160bb0316, currentDir=C:\Users\Administrator\AndroidStudioProjects\PrescriptionManagementApp}. Dispatching build started information...
2025-03-31T17:12:43.846+0700 [DEBUG] [org.gradle.launcher.daemon.server.SynchronizedDispatchConnection] thread 805: dispatching org.gradle.launcher.daemon.protocol.BuildStarted@5ad09f03
2025-03-31T17:12:43.846+0700 [DEBUG] [org.gradle.launcher.daemon.server.exec.EstablishBuildEnvironment] Configuring env variables: [USERDOMAIN_ROAMINGPROFILE, LOCALAPPDATA, PROCESSOR_LEVEL, USERDOMAIN, LOGONSERVER, FPS_BROWSER_APP_PROFILE_STRING, SESSIONNAME, ALLUSERSPROFILE, PROCESSOR_ARCHITECTURE, PSModulePath, SystemDrive, EFC_3896, OneDrive, MAVEN_HOME, APPDATA, NODEJS, USERNAME, ProgramFiles(x86), CommonProgramFiles, Path, FPS_BROWSER_USER_PROFILE_STRING, PATHEXT, DriverData, OS, COMPUTERNAME, PROCESSOR_REVISION, CommonProgramW6432, ComSpec, ProgramData, ProgramW6432, TEMP, HOMEPATH, SystemRoot, PROCESSOR_IDENTIFIER, HOMEDRIVE, USERPROFILE, TMP, CommonProgramFiles(x86), ProgramFiles, PUBLIC, windir, NUMBER_OF_PROCESSORS, Java17, =::]
2025-03-31T17:12:43.847+0700 [DEBUG] [org.gradle.launcher.daemon.server.exec.LogToClient] About to start relaying all logs to the client via the connection.
2025-03-31T17:12:43.847+0700 [INFO] [org.gradle.launcher.daemon.server.exec.LogToClient] The client will now receive all logging from the daemon (pid: 26596). The daemon log file: C:\Users\Administrator\AndroidStudioProjects\PrescriptionManagementApp\daemon\8.10.2\daemon-26596.out.log
2025-03-31T17:12:43.848+0700 [INFO] [org.gradle.launcher.daemon.server.exec.LogAndCheckHealth] Starting 8th build in daemon [uptime: 8 mins 34.743 secs, performance: 99%, GC rate: 0.00/s, heap usage: 0% of 2 GiB]
2025-03-31T17:12:43.848+0700 [DEBUG] [org.gradle.launcher.daemon.server.exec.ExecuteBuild] The daemon has started executing the build.
2025-03-31T17:12:43.848+0700 [DEBUG] [org.gradle.launcher.daemon.server.exec.ExecuteBuild] Executing build with daemon context: DefaultDaemonContext[uid=a97743ed-cf6e-403d-8d1a-163ae677a089,javaHome=C:\Program Files\Android\Android Studio\jbr,javaVersion=21,javaVendor=JetBrains s.r.o.,daemonRegistryDir=C:\Users\Administrator\AndroidStudioProjects\PrescriptionManagementApp\daemon,pid=26596,idleTimeout=10800000,priority=NORMAL,applyInstrumentationAgent=true,nativeServicesMode=ENABLED,daemonOpts=--add-opens=java.base/java.util=ALL-UNNAMED,--add-opens=java.base/java.lang=ALL-UNNAMED,--add-opens=java.base/java.lang.invoke=ALL-UNNAMED,--add-opens=java.prefs/java.util.prefs=ALL-UNNAMED,--add-exports=jdk.compiler/com.sun.tools.javac.api=ALL-UNNAMED,--add-exports=jdk.compiler/com.sun.tools.javac.util=ALL-UNNAMED,--add-opens=java.base/java.nio.charset=ALL-UNNAMED,--add-opens=java.base/java.net=ALL-UNNAMED,--add-opens=java.base/java.util.concurrent.atomic=ALL-UNNAMED,-Xmx2048m,-Dfile.encoding=UTF-8,-Duser.country=US,-Duser.language=en,-Duser.variant]

BUILD SUCCESSFUL in 10s
59 actionable tasks: 58 executed, 1 up-to-date
2025-03-31T17:12:54.739+0700 [DEBUG] [org.gradle.launcher.daemon.server.exec.ExecuteBuild] The daemon has finished executing the build.
2025-03-31T17:12:54.756+0700 [DEBUG] [org.gradle.launcher.daemon.server.DaemonStateCoordinator] Command execution: finished waiting for DaemonCommandExecution[command = Build{id=32299f69-93dc-4c02-ac7d-e9f160bb0316, currentDir=C:\Users\Administrator\AndroidStudioProjects\PrescriptionManagementApp}, connection = DefaultDaemonConnection: socket connection from /127.0.0.1:49415 to /127.0.0.1:50101]. Result org.gradle.launcher.daemon.server.DaemonStateCoordinator@4abb80ca with state Busy
2025-03-31T17:12:54.756+0700 [DEBUG] [org.gradle.launcher.daemon.server.DaemonStateCoordinator] Command execution: completed DaemonCommandExecution[command = Build{id=32299f69-93dc-4c02-ac7d-e9f160bb0316, currentDir=C:\Users\Administrator\AndroidStudioProjects\PrescriptionManagementApp}, connection = DefaultDaemonConnection: socket connection from /127.0.0.1:49415 to /127.0.0.1:50101]
2025-03-31T17:12:54.756+0700 [DEBUG] [org.gradle.launcher.daemon.server.DaemonStateCoordinator] resetting idle timer
2025-03-31T17:12:54.756+0700 [INFO] [org.gradle.launcher.daemon.server.DaemonRegistryUpdater] Marking the daemon as idle, address: [43fc7997-7880-43e7-bdf2-38e43675e797 port:49415, addresses:[localhost/127.0.0.1]]
2025-03-31T17:12:54.757+0700 [DEBUG] [org.gradle.launcher.daemon.registry.PersistentDaemonRegistry] Marking busy by address: [43fc7997-7880-43e7-bdf2-38e43675e797 port:49415, addresses:[localhost/127.0.0.1]]
2025-03-31T17:12:54.757+0700 [DEBUG] [org.gradle.cache.internal.DefaultFileLockManager] Waiting to acquire exclusive lock on daemon addresses registry.
2025-03-31T17:12:54.758+0700 [DEBUG] [org.gradle.cache.internal.DefaultFileLockManager] Lock acquired on daemon addresses registry.
2025-03-31T17:12:54.759+0700 [DEBUG] [org.gradle.cache.internal.DefaultFileLockManager] Releasing lock on daemon addresses registry.
2025-03-31T17:12:54.759+0700 [DEBUG] [org.gradle.launcher.daemon.server.DaemonStateCoordinator] daemon is running. Sleeping until state changes.
2025-03-31T17:12:54.759+0700 [DEBUG] [org.gradle.launcher.daemon.server.exec.ReturnResult] Daemon is dispatching the build result: Success[value=org.gradle.launcher.exec.BuildActionResult@2e6730b5]
2025-03-31T17:12:54.760+0700 [DEBUG] [org.gradle.launcher.daemon.server.SynchronizedDispatchConnection] thread 802: dispatching Success[value=org.gradle.launcher.exec.BuildActionResult@2e6730b5]
2025-03-31T17:12:54.760+0700 [DEBUG] [org.gradle.launcher.daemon.server.exec.CleanUpVirtualFileSystemAfterBuild] Cleaning virtual file system after build finished
2025-03-31T17:12:54.760+0700 [DEBUG] [org.gradle.launcher.daemon.server.DefaultIncomingConnectionHandler] Finishing executing command: Build{id=32299f69-93dc-4c02-ac7d-e9f160bb0316, currentDir=C:\Users\Administrator\AndroidStudioProjects\PrescriptionManagementApp}
2025-03-31T17:12:54.761+0700 [DEBUG] [org.gradle.launcher.daemon.server.SynchronizedDispatchConnection] thread 851: received class org.gradle.launcher.daemon.protocol.CloseInput
2025-03-31T17:12:54.761+0700 [DEBUG] [org.gradle.launcher.daemon.server.DefaultDaemonConnection] thread 851: Received IO message from client: org.gradle.launcher.daemon.protocol.CloseInput@3a3938b3
2025-03-31T17:12:54.761+0700 [DEBUG] [org.gradle.launcher.daemon.server.SynchronizedDispatchConnection] thread 851: received class org.gradle.launcher.daemon.protocol.Finished
2025-03-31T17:12:54.761+0700 [DEBUG] [org.gradle.launcher.daemon.server.DefaultDaemonConnection] thread 851: Received non-IO message from client: org.gradle.launcher.daemon.protocol.Finished@34fec184
2025-03-31T17:12:54.762+0700 [DEBUG] [org.gradle.launcher.daemon.server.DefaultIncomingConnectionHandler] Received finished message: org.gradle.launcher.daemon.protocol.Finished@34fec184
2025-03-31T17:12:54.762+0700 [DEBUG] [org.gradle.launcher.daemon.server.SynchronizedDispatchConnection] thread 802: stopping connection
2025-03-31T17:12:54.762+0700 [DEBUG] [org.gradle.internal.remote.internal.inet.SocketConnection] Discarding EOFException: java.io.EOFException
2025-03-31T17:12:54.762+0700 [DEBUG] [org.gradle.launcher.daemon.server.SynchronizedDispatchConnection] thread 851: received null
2025-03-31T17:12:54.762+0700 [DEBUG] [org.gradle.launcher.daemon.server.DefaultDaemonConnection] thread 851: Received end-of-input from client.
2025-03-31T17:12:54.762+0700 [DEBUG] [org.gradle.launcher.daemon.server.SynchronizedDispatchConnection] thread 802: stopping connection
2025-03-31T17:12:59.335+0700 [DEBUG] [org.gradle.cache.internal.DefaultFileLockManager] Waiting to acquire shared lock on daemon addresses registry.
2025-03-31T17:12:59.337+0700 [DEBUG] [org.gradle.cache.internal.DefaultFileLockManager] Lock acquired on daemon addresses registry.
2025-03-31T17:12:59.338+0700 [DEBUG] [org.gradle.cache.internal.DefaultFileLockManager] Releasing lock on daemon addresses registry.
2025-03-31T17:12:59.339+0700 [DEBUG] [org.gradle.cache.internal.DefaultFileLockManager] Waiting to acquire shared lock on daemon addresses registry.
2025-03-31T17:12:59.339+0700 [DEBUG] [org.gradle.cache.internal.DefaultFileLockManager] Lock acquired on daemon addresses registry.
2025-03-31T17:12:59.340+0700 [DEBUG] [org.gradle.cache.internal.DefaultFileLockManager] Releasing lock on daemon addresses registry.
2025-03-31T17:13:05.766+0700 [DEBUG] [org.gradle.internal.remote.internal.inet.TcpIncomingConnector] Accepted connection from /127.0.0.1:50123 to /127.0.0.1:49415.
2025-03-31T17:13:05.770+0700 [DEBUG] [org.gradle.launcher.daemon.server.SynchronizedDispatchConnection] thread 1059: received class org.gradle.launcher.daemon.protocol.Build
2025-03-31T17:13:05.770+0700 [DEBUG] [org.gradle.launcher.daemon.server.DefaultDaemonConnection] thread 1059: Received non-IO message from client: Build{id=f6ca32f9-c5b1-4f0a-8718-18ab9c28805e, currentDir=C:\Users\Administrator\AndroidStudioProjects\PrescriptionManagementApp}
2025-03-31T17:13:05.770+0700 [INFO] [org.gradle.launcher.daemon.server.DefaultIncomingConnectionHandler] Received command: Build{id=f6ca32f9-c5b1-4f0a-8718-18ab9c28805e, currentDir=C:\Users\Administrator\AndroidStudioProjects\PrescriptionManagementApp}.
2025-03-31T17:13:05.770+0700 [DEBUG] [org.gradle.launcher.daemon.server.DefaultIncomingConnectionHandler] Starting executing command: Build{id=f6ca32f9-c5b1-4f0a-8718-18ab9c28805e, currentDir=C:\Users\Administrator\AndroidStudioProjects\PrescriptionManagementApp} with connection: socket connection from /127.0.0.1:49415 to /127.0.0.1:50123.
2025-03-31T17:13:05.771+0700 [DEBUG] [org.gradle.launcher.daemon.server.DaemonStateCoordinator] Command execution: started DaemonCommandExecution[command = Build{id=f6ca32f9-c5b1-4f0a-8718-18ab9c28805e, currentDir=C:\Users\Administrator\AndroidStudioProjects\PrescriptionManagementApp}, connection = DefaultDaemonConnection: socket connection from /127.0.0.1:49415 to /127.0.0.1:50123] after 0.18351666666666666 minutes of idle
2025-03-31T17:13:05.771+0700 [INFO] [org.gradle.launcher.daemon.server.DaemonRegistryUpdater] Marking the daemon as busy, address: [43fc7997-7880-43e7-bdf2-38e43675e797 port:49415, addresses:[localhost/127.0.0.1]]
2025-03-31T17:13:05.771+0700 [DEBUG] [org.gradle.launcher.daemon.registry.PersistentDaemonRegistry] Marking busy by address: [43fc7997-7880-43e7-bdf2-38e43675e797 port:49415, addresses:[localhost/127.0.0.1]]
2025-03-31T17:13:05.772+0700 [DEBUG] [org.gradle.cache.internal.DefaultFileLockManager] Waiting to acquire exclusive lock on daemon addresses registry.
2025-03-31T17:13:05.772+0700 [DEBUG] [org.gradle.cache.internal.DefaultFileLockManager] Lock acquired on daemon addresses registry.
2025-03-31T17:13:05.773+0700 [DEBUG] [org.gradle.cache.internal.DefaultFileLockManager] Releasing lock on daemon addresses registry.
2025-03-31T17:13:05.774+0700 [DEBUG] [org.gradle.launcher.daemon.server.DaemonStateCoordinator] resetting idle timer
2025-03-31T17:13:05.774+0700 [DEBUG] [org.gradle.launcher.daemon.server.DaemonStateCoordinator] daemon is running. Sleeping until state changes.
2025-03-31T17:13:05.774+0700 [INFO] [org.gradle.launcher.daemon.server.exec.StartBuildOrRespondWithBusy] Daemon is about to start building Build{id=f6ca32f9-c5b1-4f0a-8718-18ab9c28805e, currentDir=C:\Users\Administrator\AndroidStudioProjects\PrescriptionManagementApp}. Dispatching build started information...
2025-03-31T17:13:05.774+0700 [DEBUG] [org.gradle.launcher.daemon.server.SynchronizedDispatchConnection] thread 805: dispatching org.gradle.launcher.daemon.protocol.BuildStarted@3343d93c
2025-03-31T17:13:05.775+0700 [DEBUG] [org.gradle.launcher.daemon.server.exec.EstablishBuildEnvironment] Configuring env variables: [USERDOMAIN_ROAMINGPROFILE, LOCALAPPDATA, PROCESSOR_LEVEL, USERDOMAIN, LOGONSERVER, FPS_BROWSER_APP_PROFILE_STRING, SESSIONNAME, ALLUSERSPROFILE, PROCESSOR_ARCHITECTURE, PSModulePath, SystemDrive, EFC_3896, OneDrive, MAVEN_HOME, APPDATA, NODEJS, USERNAME, ProgramFiles(x86), CommonProgramFiles, Path, FPS_BROWSER_USER_PROFILE_STRING, PATHEXT, DriverData, OS, COMPUTERNAME, PROCESSOR_REVISION, CommonProgramW6432, ComSpec, ProgramData, ProgramW6432, TEMP, HOMEPATH, SystemRoot, PROCESSOR_IDENTIFIER, HOMEDRIVE, USERPROFILE, TMP, CommonProgramFiles(x86), ProgramFiles, PUBLIC, windir, NUMBER_OF_PROCESSORS, Java17, =::]
2025-03-31T17:13:05.776+0700 [DEBUG] [org.gradle.launcher.daemon.server.exec.LogToClient] About to start relaying all logs to the client via the connection.
2025-03-31T17:13:05.776+0700 [INFO] [org.gradle.launcher.daemon.server.exec.LogToClient] The client will now receive all logging from the daemon (pid: 26596). The daemon log file: C:\Users\Administrator\AndroidStudioProjects\PrescriptionManagementApp\daemon\8.10.2\daemon-26596.out.log
2025-03-31T17:13:05.777+0700 [INFO] [org.gradle.launcher.daemon.server.exec.LogAndCheckHealth] Starting 9th build in daemon [uptime: 8 mins 56.673 secs, performance: 99%, GC rate: 0.00/s, heap usage: 0% of 2 GiB]
2025-03-31T17:13:05.777+0700 [DEBUG] [org.gradle.launcher.daemon.server.exec.ExecuteBuild] The daemon has started executing the build.
2025-03-31T17:13:05.777+0700 [DEBUG] [org.gradle.launcher.daemon.server.exec.ExecuteBuild] Executing build with daemon context: DefaultDaemonContext[uid=a97743ed-cf6e-403d-8d1a-163ae677a089,javaHome=C:\Program Files\Android\Android Studio\jbr,javaVersion=21,javaVendor=JetBrains s.r.o.,daemonRegistryDir=C:\Users\Administrator\AndroidStudioProjects\PrescriptionManagementApp\daemon,pid=26596,idleTimeout=10800000,priority=NORMAL,applyInstrumentationAgent=true,nativeServicesMode=ENABLED,daemonOpts=--add-opens=java.base/java.util=ALL-UNNAMED,--add-opens=java.base/java.lang=ALL-UNNAMED,--add-opens=java.base/java.lang.invoke=ALL-UNNAMED,--add-opens=java.prefs/java.util.prefs=ALL-UNNAMED,--add-exports=jdk.compiler/com.sun.tools.javac.api=ALL-UNNAMED,--add-exports=jdk.compiler/com.sun.tools.javac.util=ALL-UNNAMED,--add-opens=java.base/java.nio.charset=ALL-UNNAMED,--add-opens=java.base/java.net=ALL-UNNAMED,--add-opens=java.base/java.util.concurrent.atomic=ALL-UNNAMED,-Xmx2048m,-Dfile.encoding=UTF-8,-Duser.country=US,-Duser.language=en,-Duser.variant]

BUILD SUCCESSFUL in 2s
31 actionable tasks: 6 executed, 25 up-to-date
2025-03-31T17:13:08.285+0700 [DEBUG] [org.gradle.launcher.daemon.server.exec.ExecuteBuild] The daemon has finished executing the build.
2025-03-31T17:13:08.302+0700 [DEBUG] [org.gradle.launcher.daemon.server.DaemonStateCoordinator] Command execution: finished waiting for DaemonCommandExecution[command = Build{id=f6ca32f9-c5b1-4f0a-8718-18ab9c28805e, currentDir=C:\Users\Administrator\AndroidStudioProjects\PrescriptionManagementApp}, connection = DefaultDaemonConnection: socket connection from /127.0.0.1:49415 to /127.0.0.1:50123]. Result org.gradle.launcher.daemon.server.DaemonStateCoordinator@4abb80ca with state Busy
2025-03-31T17:13:08.303+0700 [DEBUG] [org.gradle.launcher.daemon.server.DaemonStateCoordinator] Command execution: completed DaemonCommandExecution[command = Build{id=f6ca32f9-c5b1-4f0a-8718-18ab9c28805e, currentDir=C:\Users\Administrator\AndroidStudioProjects\PrescriptionManagementApp}, connection = DefaultDaemonConnection: socket connection from /127.0.0.1:49415 to /127.0.0.1:50123]
2025-03-31T17:13:08.303+0700 [DEBUG] [org.gradle.launcher.daemon.server.DaemonStateCoordinator] resetting idle timer
2025-03-31T17:13:08.303+0700 [INFO] [org.gradle.launcher.daemon.server.DaemonRegistryUpdater] Marking the daemon as idle, address: [43fc7997-7880-43e7-bdf2-38e43675e797 port:49415, addresses:[localhost/127.0.0.1]]
2025-03-31T17:13:08.303+0700 [DEBUG] [org.gradle.launcher.daemon.registry.PersistentDaemonRegistry] Marking busy by address: [43fc7997-7880-43e7-bdf2-38e43675e797 port:49415, addresses:[localhost/127.0.0.1]]
2025-03-31T17:13:08.304+0700 [DEBUG] [org.gradle.cache.internal.DefaultFileLockManager] Waiting to acquire exclusive lock on daemon addresses registry.
2025-03-31T17:13:08.304+0700 [DEBUG] [org.gradle.cache.internal.DefaultFileLockManager] Lock acquired on daemon addresses registry.
2025-03-31T17:13:08.307+0700 [DEBUG] [org.gradle.cache.internal.DefaultFileLockManager] Releasing lock on daemon addresses registry.
2025-03-31T17:13:08.307+0700 [DEBUG] [org.gradle.launcher.daemon.server.DaemonStateCoordinator] daemon is running. Sleeping until state changes.
2025-03-31T17:13:08.307+0700 [DEBUG] [org.gradle.launcher.daemon.server.exec.ReturnResult] Daemon is dispatching the build result: Success[value=org.gradle.launcher.exec.BuildActionResult@192ad828]
2025-03-31T17:13:08.308+0700 [DEBUG] [org.gradle.launcher.daemon.server.SynchronizedDispatchConnection] thread 802: dispatching Success[value=org.gradle.launcher.exec.BuildActionResult@192ad828]
2025-03-31T17:13:08.308+0700 [DEBUG] [org.gradle.launcher.daemon.server.exec.CleanUpVirtualFileSystemAfterBuild] Cleaning virtual file system after build finished
2025-03-31T17:13:08.309+0700 [DEBUG] [org.gradle.launcher.daemon.server.DefaultIncomingConnectionHandler] Finishing executing command: Build{id=f6ca32f9-c5b1-4f0a-8718-18ab9c28805e, currentDir=C:\Users\Administrator\AndroidStudioProjects\PrescriptionManagementApp}
2025-03-31T17:13:08.309+0700 [DEBUG] [org.gradle.launcher.daemon.server.SynchronizedDispatchConnection] thread 1059: received class org.gradle.launcher.daemon.protocol.CloseInput
2025-03-31T17:13:08.310+0700 [DEBUG] [org.gradle.launcher.daemon.server.DefaultDaemonConnection] thread 1059: Received IO message from client: org.gradle.launcher.daemon.protocol.CloseInput@4b4861fa
2025-03-31T17:13:08.310+0700 [DEBUG] [org.gradle.launcher.daemon.server.SynchronizedDispatchConnection] thread 1059: received class org.gradle.launcher.daemon.protocol.Finished
2025-03-31T17:13:08.310+0700 [DEBUG] [org.gradle.launcher.daemon.server.DefaultDaemonConnection] thread 1059: Received non-IO message from client: org.gradle.launcher.daemon.protocol.Finished@458f96e3
2025-03-31T17:13:08.310+0700 [DEBUG] [org.gradle.launcher.daemon.server.DefaultIncomingConnectionHandler] Received finished message: org.gradle.launcher.daemon.protocol.Finished@458f96e3
2025-03-31T17:13:08.310+0700 [DEBUG] [org.gradle.internal.remote.internal.inet.SocketConnection] Discarding EOFException: java.io.EOFException
2025-03-31T17:13:08.310+0700 [DEBUG] [org.gradle.launcher.daemon.server.SynchronizedDispatchConnection] thread 1059: received null
2025-03-31T17:13:08.311+0700 [DEBUG] [org.gradle.launcher.daemon.server.DefaultDaemonConnection] thread 1059: Received end-of-input from client.
2025-03-31T17:13:08.311+0700 [DEBUG] [org.gradle.launcher.daemon.server.SynchronizedDispatchConnection] thread 802: stopping connection
2025-03-31T17:13:08.311+0700 [DEBUG] [org.gradle.launcher.daemon.server.SynchronizedDispatchConnection] thread 802: stopping connection
2025-03-31T17:13:09.340+0700 [DEBUG] [org.gradle.cache.internal.DefaultFileLockManager] Waiting to acquire shared lock on daemon addresses registry.
2025-03-31T17:13:09.340+0700 [DEBUG] [org.gradle.cache.internal.DefaultFileLockManager] Lock acquired on daemon addresses registry.
2025-03-31T17:13:09.341+0700 [DEBUG] [org.gradle.cache.internal.DefaultFileLockManager] Releasing lock on daemon addresses registry.
2025-03-31T17:13:09.343+0700 [DEBUG] [org.gradle.cache.internal.DefaultFileLockManager] Waiting to acquire shared lock on daemon addresses registry.
2025-03-31T17:13:09.343+0700 [DEBUG] [org.gradle.cache.internal.DefaultFileLockManager] Lock acquired on daemon addresses registry.
2025-03-31T17:13:09.344+0700 [DEBUG] [org.gradle.cache.internal.DefaultFileLockManager] Releasing lock on daemon addresses registry.
2025-03-31T17:13:10.164+0700 [DEBUG] [org.gradle.process.internal.health.memory.DefaultMemoryManager] 2348528844 virtual memory requested, 1894285312 free
2025-03-31T17:13:10.164+0700 [DEBUG] [org.gradle.workers.internal.WorkerDaemonExpiration] Will attempt to release 2239 of memory
2025-03-31T17:13:10.164+0700 [DEBUG] [org.gradle.process.internal.health.memory.DefaultMemoryManager] 2348528844 virtual memory requested, 0 released, 1894285312 free
2025-03-31T17:13:15.172+0700 [DEBUG] [org.gradle.process.internal.health.memory.DefaultMemoryManager] 2348528844 virtual memory requested, 1795260416 free
2025-03-31T17:13:15.172+0700 [DEBUG] [org.gradle.workers.internal.WorkerDaemonExpiration] Will attempt to release 2239 of memory
2025-03-31T17:13:15.172+0700 [DEBUG] [org.gradle.process.internal.health.memory.DefaultMemoryManager] 2348528844 virtual memory requested, 0 released, 1795260416 free
2025-03-31T17:13:19.332+0700 [DEBUG] [org.gradle.cache.internal.DefaultFileLockManager] Waiting to acquire shared lock on daemon addresses registry.
2025-03-31T17:13:19.333+0700 [DEBUG] [org.gradle.cache.internal.DefaultFileLockManager] Lock acquired on daemon addresses registry.
2025-03-31T17:13:19.333+0700 [DEBUG] [org.gradle.cache.internal.DefaultFileLockManager] Releasing lock on daemon addresses registry.
2025-03-31T17:13:19.334+0700 [DEBUG] [org.gradle.cache.internal.DefaultFileLockManager] Waiting to acquire shared lock on daemon addresses registry.
2025-03-31T17:13:19.334+0700 [DEBUG] [org.gradle.cache.internal.DefaultFileLockManager] Lock acquired on daemon addresses registry.
2025-03-31T17:13:19.334+0700 [DEBUG] [org.gradle.cache.internal.DefaultFileLockManager] Releasing lock on daemon addresses registry.
2025-03-31T17:13:19.335+0700 [DEBUG] [org.gradle.cache.internal.DefaultFileLockManager] Waiting to acquire shared lock on daemon addresses registry.
2025-03-31T17:13:19.335+0700 [DEBUG] [org.gradle.cache.internal.DefaultFileLockManager] Lock acquired on daemon addresses registry.
2025-03-31T17:13:19.335+0700 [DEBUG] [org.gradle.cache.internal.DefaultFileLockManager] Releasing lock on daemon addresses registry.
2025-03-31T17:13:20.171+0700 [DEBUG] [org.gradle.process.internal.health.memory.DefaultMemoryManager] 2348528844 virtual memory requested, 2000932864 free
2025-03-31T17:13:20.172+0700 [DEBUG] [org.gradle.workers.internal.WorkerDaemonExpiration] Will attempt to release 2239 of memory
2025-03-31T17:13:20.172+0700 [DEBUG] [org.gradle.process.internal.health.memory.DefaultMemoryManager] 2348528844 virtual memory requested, 0 released, 2000932864 free
2025-03-31T17:13:25.165+0700 [DEBUG] [org.gradle.process.internal.health.memory.DefaultMemoryManager] 2348528844 virtual memory requested, 2129903616 free
2025-03-31T17:13:25.165+0700 [DEBUG] [org.gradle.workers.internal.WorkerDaemonExpiration] Will attempt to release 2239 of memory
2025-03-31T17:13:25.165+0700 [DEBUG] [org.gradle.process.internal.health.memory.DefaultMemoryManager] 2348528844 virtual memory requested, 0 released, 2129903616 free
2025-03-31T17:13:29.334+0700 [DEBUG] [org.gradle.cache.internal.DefaultFileLockManager] Waiting to acquire shared lock on daemon addresses registry.
2025-03-31T17:13:29.335+0700 [DEBUG] [org.gradle.cache.internal.DefaultFileLockManager] Lock acquired on daemon addresses registry.
2025-03-31T17:13:29.335+0700 [DEBUG] [org.gradle.cache.internal.DefaultFileLockManager] Releasing lock on daemon addresses registry.
2025-03-31T17:13:29.336+0700 [DEBUG] [org.gradle.cache.internal.DefaultFileLockManager] Waiting to acquire shared lock on daemon addresses registry.
2025-03-31T17:13:29.336+0700 [DEBUG] [org.gradle.cache.internal.DefaultFileLockManager] Lock acquired on daemon addresses registry.
2025-03-31T17:13:29.336+0700 [DEBUG] [org.gradle.cache.internal.DefaultFileLockManager] Releasing lock on daemon addresses registry.
2025-03-31T17:13:29.337+0700 [DEBUG] [org.gradle.cache.internal.DefaultFileLockManager] Waiting to acquire shared lock on daemon addresses registry.
2025-03-31T17:13:29.337+0700 [DEBUG] [org.gradle.cache.internal.DefaultFileLockManager] Lock acquired on daemon addresses registry.
2025-03-31T17:13:29.338+0700 [DEBUG] [org.gradle.cache.internal.DefaultFileLockManager] Releasing lock on daemon addresses registry.
2025-03-31T17:13:30.176+0700 [DEBUG] [org.gradle.process.internal.health.memory.DefaultMemoryManager] 2348528844 virtual memory requested, 2107359232 free
2025-03-31T17:13:30.176+0700 [DEBUG] [org.gradle.workers.internal.WorkerDaemonExpiration] Will attempt to release 2239 of memory
2025-03-31T17:13:30.176+0700 [DEBUG] [org.gradle.process.internal.health.memory.DefaultMemoryManager] 2348528844 virtual memory requested, 0 released, 2107359232 free
2025-03-31T17:13:35.173+0700 [DEBUG] [org.gradle.process.internal.health.memory.DefaultMemoryManager] 2348528844 virtual memory requested, 2095980544 free
2025-03-31T17:13:35.173+0700 [DEBUG] [org.gradle.workers.internal.WorkerDaemonExpiration] Will attempt to release 2239 of memory
2025-03-31T17:13:35.173+0700 [DEBUG] [org.gradle.process.internal.health.memory.DefaultMemoryManager] 2348528844 virtual memory requested, 0 released, 2095980544 free
2025-03-31T17:13:39.340+0700 [DEBUG] [org.gradle.cache.internal.DefaultFileLockManager] Waiting to acquire shared lock on daemon addresses registry.
2025-03-31T17:13:39.341+0700 [DEBUG] [org.gradle.cache.internal.DefaultFileLockManager] Lock acquired on daemon addresses registry.
2025-03-31T17:13:39.341+0700 [DEBUG] [org.gradle.cache.internal.DefaultFileLockManager] Releasing lock on daemon addresses registry.
2025-03-31T17:13:39.342+0700 [DEBUG] [org.gradle.cache.internal.DefaultFileLockManager] Waiting to acquire shared lock on daemon addresses registry.
2025-03-31T17:13:39.342+0700 [DEBUG] [org.gradle.cache.internal.DefaultFileLockManager] Lock acquired on daemon addresses registry.
2025-03-31T17:13:39.342+0700 [DEBUG] [org.gradle.cache.internal.DefaultFileLockManager] Releasing lock on daemon addresses registry.
2025-03-31T17:13:39.343+0700 [DEBUG] [org.gradle.cache.internal.DefaultFileLockManager] Waiting to acquire shared lock on daemon addresses registry.
2025-03-31T17:13:39.343+0700 [DEBUG] [org.gradle.cache.internal.DefaultFileLockManager] Lock acquired on daemon addresses registry.
2025-03-31T17:13:39.343+0700 [DEBUG] [org.gradle.cache.internal.DefaultFileLockManager] Releasing lock on daemon addresses registry.
2025-03-31T17:13:40.169+0700 [DEBUG] [org.gradle.process.internal.health.memory.DefaultMemoryManager] 2348528844 virtual memory requested, 1860255744 free
2025-03-31T17:13:40.169+0700 [DEBUG] [org.gradle.workers.internal.WorkerDaemonExpiration] Will attempt to release 2239 of memory
2025-03-31T17:13:40.170+0700 [DEBUG] [org.gradle.process.internal.health.memory.DefaultMemoryManager] 2348528844 virtual memory requested, 0 released, 1860255744 free
2025-03-31T17:13:45.165+0700 [DEBUG] [org.gradle.process.internal.health.memory.DefaultMemoryManager] 2348528844 virtual memory requested, 1733595136 free
2025-03-31T17:13:45.165+0700 [DEBUG] [org.gradle.workers.internal.WorkerDaemonExpiration] Will attempt to release 2239 of memory
2025-03-31T17:13:45.165+0700 [DEBUG] [org.gradle.process.internal.health.memory.DefaultMemoryManager] 2348528844 virtual memory requested, 0 released, 1733595136 free
2025-03-31T17:13:49.341+0700 [DEBUG] [org.gradle.cache.internal.DefaultFileLockManager] Waiting to acquire shared lock on daemon addresses registry.
2025-03-31T17:13:49.341+0700 [DEBUG] [org.gradle.cache.internal.DefaultFileLockManager] Lock acquired on daemon addresses registry.
2025-03-31T17:13:49.342+0700 [DEBUG] [org.gradle.cache.internal.DefaultFileLockManager] Releasing lock on daemon addresses registry.
2025-03-31T17:13:49.342+0700 [DEBUG] [org.gradle.cache.internal.DefaultFileLockManager] Waiting to acquire shared lock on daemon addresses registry.
2025-03-31T17:13:49.343+0700 [DEBUG] [org.gradle.cache.internal.DefaultFileLockManager] Lock acquired on daemon addresses registry.
2025-03-31T17:13:49.343+0700 [DEBUG] [org.gradle.cache.internal.DefaultFileLockManager] Releasing lock on daemon addresses registry.
2025-03-31T17:13:49.343+0700 [DEBUG] [org.gradle.cache.internal.DefaultFileLockManager] Waiting to acquire shared lock on daemon addresses registry.
2025-03-31T17:13:49.343+0700 [DEBUG] [org.gradle.cache.internal.DefaultFileLockManager] Lock acquired on daemon addresses registry.
2025-03-31T17:13:49.344+0700 [DEBUG] [org.gradle.cache.internal.DefaultFileLockManager] Releasing lock on daemon addresses registry.
2025-03-31T17:13:50.166+0700 [DEBUG] [org.gradle.process.internal.health.memory.DefaultMemoryManager] 2348528844 virtual memory requested, 1631735808 free
2025-03-31T17:13:50.166+0700 [DEBUG] [org.gradle.workers.internal.WorkerDaemonExpiration] Will attempt to release 2239 of memory
2025-03-31T17:13:50.166+0700 [DEBUG] [org.gradle.process.internal.health.memory.DefaultMemoryManager] 2348528844 virtual memory requested, 0 released, 1631735808 free
2025-03-31T17:13:55.175+0700 [DEBUG] [org.gradle.process.internal.health.memory.DefaultMemoryManager] 2348528844 virtual memory requested, 1689632768 free
2025-03-31T17:13:55.175+0700 [DEBUG] [org.gradle.workers.internal.WorkerDaemonExpiration] Will attempt to release 2239 of memory
2025-03-31T17:13:55.175+0700 [DEBUG] [org.gradle.process.internal.health.memory.DefaultMemoryManager] 2348528844 virtual memory requested, 0 released, 1689632768 free
2025-03-31T17:13:59.346+0700 [DEBUG] [org.gradle.cache.internal.DefaultFileLockManager] Waiting to acquire shared lock on daemon addresses registry.
2025-03-31T17:13:59.346+0700 [DEBUG] [org.gradle.cache.internal.DefaultFileLockManager] Lock acquired on daemon addresses registry.
2025-03-31T17:13:59.347+0700 [DEBUG] [org.gradle.cache.internal.DefaultFileLockManager] Releasing lock on daemon addresses registry.
2025-03-31T17:13:59.348+0700 [DEBUG] [org.gradle.cache.internal.DefaultFileLockManager] Waiting to acquire shared lock on daemon addresses registry.
2025-03-31T17:13:59.348+0700 [DEBUG] [org.gradle.cache.internal.DefaultFileLockManager] Lock acquired on daemon addresses registry.
2025-03-31T17:13:59.348+0700 [DEBUG] [org.gradle.cache.internal.DefaultFileLockManager] Releasing lock on daemon addresses registry.
2025-03-31T17:13:59.349+0700 [DEBUG] [org.gradle.cache.internal.DefaultFileLockManager] Waiting to acquire shared lock on daemon addresses registry.
2025-03-31T17:13:59.349+0700 [DEBUG] [org.gradle.cache.internal.DefaultFileLockManager] Lock acquired on daemon addresses registry.
2025-03-31T17:13:59.349+0700 [DEBUG] [org.gradle.cache.internal.DefaultFileLockManager] Releasing lock on daemon addresses registry.
2025-03-31T17:14:00.169+0700 [DEBUG] [org.gradle.process.internal.health.memory.DefaultMemoryManager] 2348528844 virtual memory requested, 1823916032 free
2025-03-31T17:14:00.169+0700 [DEBUG] [org.gradle.workers.internal.WorkerDaemonExpiration] Will attempt to release 2239 of memory
2025-03-31T17:14:00.169+0700 [DEBUG] [org.gradle.process.internal.health.memory.DefaultMemoryManager] 2348528844 virtual memory requested, 0 released, 1823916032 free
2025-03-31T17:14:05.164+0700 [DEBUG] [org.gradle.process.internal.health.memory.DefaultMemoryManager] 2348528844 virtual memory requested, 1815261184 free
2025-03-31T17:14:05.164+0700 [DEBUG] [org.gradle.workers.internal.WorkerDaemonExpiration] Will attempt to release 2239 of memory
2025-03-31T17:14:05.165+0700 [DEBUG] [org.gradle.process.internal.health.memory.DefaultMemoryManager] 2348528844 virtual memory requested, 0 released, 1815261184 free
2025-03-31T17:14:09.343+0700 [DEBUG] [org.gradle.cache.internal.DefaultFileLockManager] Waiting to acquire shared lock on daemon addresses registry.
2025-03-31T17:14:09.343+0700 [DEBUG] [org.gradle.cache.internal.DefaultFileLockManager] Lock acquired on daemon addresses registry.
2025-03-31T17:14:09.343+0700 [DEBUG] [org.gradle.cache.internal.DefaultFileLockManager] Releasing lock on daemon addresses registry.
2025-03-31T17:14:09.344+0700 [DEBUG] [org.gradle.cache.internal.DefaultFileLockManager] Waiting to acquire shared lock on daemon addresses registry.
2025-03-31T17:14:09.344+0700 [DEBUG] [org.gradle.cache.internal.DefaultFileLockManager] Lock acquired on daemon addresses registry.
2025-03-31T17:14:09.344+0700 [DEBUG] [org.gradle.cache.internal.DefaultFileLockManager] Releasing lock on daemon addresses registry.
2025-03-31T17:14:09.345+0700 [DEBUG] [org.gradle.cache.internal.DefaultFileLockManager] Waiting to acquire shared lock on daemon addresses registry.
2025-03-31T17:14:09.345+0700 [DEBUG] [org.gradle.cache.internal.DefaultFileLockManager] Lock acquired on daemon addresses registry.
2025-03-31T17:14:09.345+0700 [DEBUG] [org.gradle.cache.internal.DefaultFileLockManager] Releasing lock on daemon addresses registry.
2025-03-31T17:14:10.169+0700 [DEBUG] [org.gradle.process.internal.health.memory.DefaultMemoryManager] 2348528844 virtual memory requested, 1979891712 free
2025-03-31T17:14:10.169+0700 [DEBUG] [org.gradle.workers.internal.WorkerDaemonExpiration] Will attempt to release 2239 of memory
2025-03-31T17:14:10.169+0700 [DEBUG] [org.gradle.process.internal.health.memory.DefaultMemoryManager] 2348528844 virtual memory requested, 0 released, 1979891712 free
2025-03-31T17:14:11.035+0700 [DEBUG] [org.gradle.internal.watch.vfs.impl.WatchingVirtualFileSystem] Handling VFS change MODIFIED C:\Users\Administrator\AndroidStudioProjects\PrescriptionManagementApp\app\src\main\AndroidManifest.xml
2025-03-31T17:14:11.059+0700 [DEBUG] [org.gradle.internal.remote.internal.inet.TcpIncomingConnector] Accepted connection from /127.0.0.1:50259 to /127.0.0.1:49415.
2025-03-31T17:14:11.063+0700 [DEBUG] [org.gradle.launcher.daemon.server.SynchronizedDispatchConnection] thread 1138: received class org.gradle.launcher.daemon.protocol.Build
2025-03-31T17:14:11.063+0700 [DEBUG] [org.gradle.launcher.daemon.server.DefaultDaemonConnection] thread 1138: Received non-IO message from client: Build{id=2af7d55e-6a75-4ec5-af49-5daca71daac9, currentDir=C:\Users\Administrator\AndroidStudioProjects\PrescriptionManagementApp}
2025-03-31T17:14:11.064+0700 [INFO] [org.gradle.launcher.daemon.server.DefaultIncomingConnectionHandler] Received command: Build{id=2af7d55e-6a75-4ec5-af49-5daca71daac9, currentDir=C:\Users\Administrator\AndroidStudioProjects\PrescriptionManagementApp}.
2025-03-31T17:14:11.064+0700 [DEBUG] [org.gradle.launcher.daemon.server.DefaultIncomingConnectionHandler] Starting executing command: Build{id=2af7d55e-6a75-4ec5-af49-5daca71daac9, currentDir=C:\Users\Administrator\AndroidStudioProjects\PrescriptionManagementApp} with connection: socket connection from /127.0.0.1:49415 to /127.0.0.1:50259.
2025-03-31T17:14:11.064+0700 [DEBUG] [org.gradle.launcher.daemon.server.DaemonStateCoordinator] Command execution: started DaemonCommandExecution[command = Build{id=2af7d55e-6a75-4ec5-af49-5daca71daac9, currentDir=C:\Users\Administrator\AndroidStudioProjects\PrescriptionManagementApp}, connection = DefaultDaemonConnection: socket connection from /127.0.0.1:49415 to /127.0.0.1:50259] after 1.046 minutes of idle
2025-03-31T17:14:11.065+0700 [INFO] [org.gradle.launcher.daemon.server.DaemonRegistryUpdater] Marking the daemon as busy, address: [43fc7997-7880-43e7-bdf2-38e43675e797 port:49415, addresses:[localhost/127.0.0.1]]
2025-03-31T17:14:11.065+0700 [DEBUG] [org.gradle.launcher.daemon.registry.PersistentDaemonRegistry] Marking busy by address: [43fc7997-7880-43e7-bdf2-38e43675e797 port:49415, addresses:[localhost/127.0.0.1]]
2025-03-31T17:14:11.065+0700 [DEBUG] [org.gradle.cache.internal.DefaultFileLockManager] Waiting to acquire exclusive lock on daemon addresses registry.
2025-03-31T17:14:11.066+0700 [DEBUG] [org.gradle.cache.internal.DefaultFileLockManager] Lock acquired on daemon addresses registry.
2025-03-31T17:14:11.067+0700 [DEBUG] [org.gradle.cache.internal.DefaultFileLockManager] Releasing lock on daemon addresses registry.
2025-03-31T17:14:11.067+0700 [DEBUG] [org.gradle.launcher.daemon.server.DaemonStateCoordinator] resetting idle timer
2025-03-31T17:14:11.067+0700 [DEBUG] [org.gradle.launcher.daemon.server.DaemonStateCoordinator] daemon is running. Sleeping until state changes.
2025-03-31T17:14:11.068+0700 [INFO] [org.gradle.launcher.daemon.server.exec.StartBuildOrRespondWithBusy] Daemon is about to start building Build{id=2af7d55e-6a75-4ec5-af49-5daca71daac9, currentDir=C:\Users\Administrator\AndroidStudioProjects\PrescriptionManagementApp}. Dispatching build started information...
2025-03-31T17:14:11.068+0700 [DEBUG] [org.gradle.launcher.daemon.server.SynchronizedDispatchConnection] thread 1140: dispatching org.gradle.launcher.daemon.protocol.BuildStarted@7d40b779
2025-03-31T17:14:11.069+0700 [DEBUG] [org.gradle.launcher.daemon.server.exec.EstablishBuildEnvironment] Configuring env variables: [USERDOMAIN_ROAMINGPROFILE, LOCALAPPDATA, PROCESSOR_LEVEL, USERDOMAIN, LOGONSERVER, FPS_BROWSER_APP_PROFILE_STRING, SESSIONNAME, ALLUSERSPROFILE, PROCESSOR_ARCHITECTURE, PSModulePath, SystemDrive, EFC_3896, OneDrive, MAVEN_HOME, APPDATA, NODEJS, USERNAME, ProgramFiles(x86), CommonProgramFiles, Path, FPS_BROWSER_USER_PROFILE_STRING, PATHEXT, DriverData, OS, COMPUTERNAME, PROCESSOR_REVISION, CommonProgramW6432, ComSpec, ProgramData, ProgramW6432, TEMP, HOMEPATH, SystemRoot, PROCESSOR_IDENTIFIER, HOMEDRIVE, USERPROFILE, TMP, CommonProgramFiles(x86), ProgramFiles, PUBLIC, windir, NUMBER_OF_PROCESSORS, Java17, =::]
2025-03-31T17:14:11.069+0700 [DEBUG] [org.gradle.launcher.daemon.server.exec.LogToClient] About to start relaying all logs to the client via the connection.
2025-03-31T17:14:11.069+0700 [INFO] [org.gradle.launcher.daemon.server.exec.LogToClient] The client will now receive all logging from the daemon (pid: 26596). The daemon log file: C:\Users\Administrator\AndroidStudioProjects\PrescriptionManagementApp\daemon\8.10.2\daemon-26596.out.log
2025-03-31T17:14:11.070+0700 [INFO] [org.gradle.launcher.daemon.server.exec.LogAndCheckHealth] Starting 10th build in daemon [uptime: 10 mins 1.965 secs, performance: 99%, GC rate: 0.00/s, heap usage: 0% of 2 GiB]
2025-03-31T17:14:11.070+0700 [DEBUG] [org.gradle.launcher.daemon.server.exec.ExecuteBuild] The daemon has started executing the build.
2025-03-31T17:14:11.070+0700 [DEBUG] [org.gradle.launcher.daemon.server.exec.ExecuteBuild] Executing build with daemon context: DefaultDaemonContext[uid=a97743ed-cf6e-403d-8d1a-163ae677a089,javaHome=C:\Program Files\Android\Android Studio\jbr,javaVersion=21,javaVendor=JetBrains s.r.o.,daemonRegistryDir=C:\Users\Administrator\AndroidStudioProjects\PrescriptionManagementApp\daemon,pid=26596,idleTimeout=10800000,priority=NORMAL,applyInstrumentationAgent=true,nativeServicesMode=ENABLED,daemonOpts=--add-opens=java.base/java.util=ALL-UNNAMED,--add-opens=java.base/java.lang=ALL-UNNAMED,--add-opens=java.base/java.lang.invoke=ALL-UNNAMED,--add-opens=java.prefs/java.util.prefs=ALL-UNNAMED,--add-exports=jdk.compiler/com.sun.tools.javac.api=ALL-UNNAMED,--add-exports=jdk.compiler/com.sun.tools.javac.util=ALL-UNNAMED,--add-opens=java.base/java.nio.charset=ALL-UNNAMED,--add-opens=java.base/java.net=ALL-UNNAMED,--add-opens=java.base/java.util.concurrent.atomic=ALL-UNNAMED,-Xmx2048m,-Dfile.encoding=UTF-8,-Duser.country=US,-Duser.language=en,-Duser.variant]
package="com.mad.prescriptionmanagementapp" found in source AndroidManifest.xml: C:\Users\Administrator\AndroidStudioProjects\PrescriptionManagementApp\app\src\main\AndroidManifest.xml.
Setting the namespace via the package attribute in the source AndroidManifest.xml is no longer supported, and the value is ignored.
Recommendation: remove package="com.mad.prescriptionmanagementapp" from the source AndroidManifest.xml: C:\Users\Administrator\AndroidStudioProjects\PrescriptionManagementApp\app\src\main\AndroidManifest.xml.

BUILD SUCCESSFUL in 657ms
31 actionable tasks: 1 executed, 30 up-to-date
2025-03-31T17:14:11.751+0700 [DEBUG] [org.gradle.launcher.daemon.server.exec.ExecuteBuild] The daemon has finished executing the build.
2025-03-31T17:14:11.767+0700 [DEBUG] [org.gradle.launcher.daemon.server.DaemonStateCoordinator] daemon is running. Sleeping until state changes.
2025-03-31T17:14:11.768+0700 [DEBUG] [org.gradle.launcher.daemon.server.DaemonStateCoordinator] Command execution: finished waiting for DaemonCommandExecution[command = Build{id=2af7d55e-6a75-4ec5-af49-5daca71daac9, currentDir=C:\Users\Administrator\AndroidStudioProjects\PrescriptionManagementApp}, connection = DefaultDaemonConnection: socket connection from /127.0.0.1:49415 to /127.0.0.1:50259]. Result org.gradle.launcher.daemon.server.DaemonStateCoordinator@4abb80ca with state Busy
2025-03-31T17:14:11.768+0700 [DEBUG] [org.gradle.launcher.daemon.server.DaemonStateCoordinator] Command execution: completed DaemonCommandExecution[command = Build{id=2af7d55e-6a75-4ec5-af49-5daca71daac9, currentDir=C:\Users\Administrator\AndroidStudioProjects\PrescriptionManagementApp}, connection = DefaultDaemonConnection: socket connection from /127.0.0.1:49415 to /127.0.0.1:50259]
2025-03-31T17:14:11.768+0700 [DEBUG] [org.gradle.launcher.daemon.server.DaemonStateCoordinator] resetting idle timer
2025-03-31T17:14:11.768+0700 [INFO] [org.gradle.launcher.daemon.server.DaemonRegistryUpdater] Marking the daemon as idle, address: [43fc7997-7880-43e7-bdf2-38e43675e797 port:49415, addresses:[localhost/127.0.0.1]]
2025-03-31T17:14:11.768+0700 [DEBUG] [org.gradle.launcher.daemon.registry.PersistentDaemonRegistry] Marking busy by address: [43fc7997-7880-43e7-bdf2-38e43675e797 port:49415, addresses:[localhost/127.0.0.1]]
2025-03-31T17:14:11.769+0700 [DEBUG] [org.gradle.cache.internal.DefaultFileLockManager] Waiting to acquire exclusive lock on daemon addresses registry.
2025-03-31T17:14:11.769+0700 [DEBUG] [org.gradle.cache.internal.DefaultFileLockManager] Lock acquired on daemon addresses registry.
2025-03-31T17:14:11.771+0700 [DEBUG] [org.gradle.cache.internal.DefaultFileLockManager] Releasing lock on daemon addresses registry.
2025-03-31T17:14:11.771+0700 [DEBUG] [org.gradle.launcher.daemon.server.DaemonStateCoordinator] daemon is running. Sleeping until state changes.
2025-03-31T17:14:11.771+0700 [DEBUG] [org.gradle.launcher.daemon.server.exec.ReturnResult] Daemon is dispatching the build result: Success[value=org.gradle.launcher.exec.BuildActionResult@36fa36bd]
2025-03-31T17:14:11.771+0700 [DEBUG] [org.gradle.launcher.daemon.server.SynchronizedDispatchConnection] thread 1137: dispatching Success[value=org.gradle.launcher.exec.BuildActionResult@36fa36bd]
2025-03-31T17:14:11.772+0700 [DEBUG] [org.gradle.launcher.daemon.server.SynchronizedDispatchConnection] thread 1138: received class org.gradle.launcher.daemon.protocol.CloseInput
2025-03-31T17:14:11.772+0700 [DEBUG] [org.gradle.launcher.daemon.server.DefaultDaemonConnection] thread 1138: Received IO message from client: org.gradle.launcher.daemon.protocol.CloseInput@cbad2cc
2025-03-31T17:14:11.772+0700 [DEBUG] [org.gradle.launcher.daemon.server.exec.CleanUpVirtualFileSystemAfterBuild] Cleaning virtual file system after build finished
2025-03-31T17:14:11.772+0700 [DEBUG] [org.gradle.launcher.daemon.server.DefaultIncomingConnectionHandler] Finishing executing command: Build{id=2af7d55e-6a75-4ec5-af49-5daca71daac9, currentDir=C:\Users\Administrator\AndroidStudioProjects\PrescriptionManagementApp}
2025-03-31T17:14:11.772+0700 [DEBUG] [org.gradle.launcher.daemon.server.SynchronizedDispatchConnection] thread 1138: received class org.gradle.launcher.daemon.protocol.Finished
2025-03-31T17:14:11.772+0700 [DEBUG] [org.gradle.launcher.daemon.server.DefaultDaemonConnection] thread 1138: Received non-IO message from client: org.gradle.launcher.daemon.protocol.Finished@27d2d2b
2025-03-31T17:14:11.773+0700 [DEBUG] [org.gradle.launcher.daemon.server.DefaultIncomingConnectionHandler] Received finished message: org.gradle.launcher.daemon.protocol.Finished@27d2d2b
2025-03-31T17:14:11.773+0700 [DEBUG] [org.gradle.internal.remote.internal.inet.SocketConnection] Discarding EOFException: java.io.EOFException
2025-03-31T17:14:11.773+0700 [DEBUG] [org.gradle.launcher.daemon.server.SynchronizedDispatchConnection] thread 1137: stopping connection
2025-03-31T17:14:11.773+0700 [DEBUG] [org.gradle.launcher.daemon.server.SynchronizedDispatchConnection] thread 1138: received null
2025-03-31T17:14:11.773+0700 [DEBUG] [org.gradle.launcher.daemon.server.DefaultDaemonConnection] thread 1138: Received end-of-input from client.
2025-03-31T17:14:11.774+0700 [DEBUG] [org.gradle.launcher.daemon.server.SynchronizedDispatchConnection] thread 1137: stopping connection
2025-03-31T17:14:15.165+0700 [DEBUG] [org.gradle.process.internal.health.memory.DefaultMemoryManager] 2348528844 virtual memory requested, 1892212736 free
2025-03-31T17:14:15.166+0700 [DEBUG] [org.gradle.workers.internal.WorkerDaemonExpiration] Will attempt to release 2239 of memory
2025-03-31T17:14:15.166+0700 [DEBUG] [org.gradle.process.internal.health.memory.DefaultMemoryManager] 2348528844 virtual memory requested, 0 released, 1892212736 free
2025-03-31T17:14:19.333+0700 [DEBUG] [org.gradle.cache.internal.DefaultFileLockManager] Waiting to acquire shared lock on daemon addresses registry.
2025-03-31T17:14:19.333+0700 [DEBUG] [org.gradle.cache.internal.DefaultFileLockManager] Lock acquired on daemon addresses registry.
2025-03-31T17:14:19.334+0700 [DEBUG] [org.gradle.cache.internal.DefaultFileLockManager] Releasing lock on daemon addresses registry.
2025-03-31T17:14:19.334+0700 [DEBUG] [org.gradle.cache.internal.DefaultFileLockManager] Waiting to acquire shared lock on daemon addresses registry.
2025-03-31T17:14:19.334+0700 [DEBUG] [org.gradle.cache.internal.DefaultFileLockManager] Lock acquired on daemon addresses registry.
2025-03-31T17:14:19.335+0700 [DEBUG] [org.gradle.cache.internal.DefaultFileLockManager] Releasing lock on daemon addresses registry.
2025-03-31T17:14:20.176+0700 [DEBUG] [org.gradle.process.internal.health.memory.DefaultMemoryManager] 2348528844 virtual memory requested, 1900814336 free
2025-03-31T17:14:20.176+0700 [DEBUG] [org.gradle.workers.internal.WorkerDaemonExpiration] Will attempt to release 2239 of memory
2025-03-31T17:14:20.176+0700 [DEBUG] [org.gradle.process.internal.health.memory.DefaultMemoryManager] 2348528844 virtual memory requested, 0 released, 1900814336 free
2025-03-31T17:14:25.172+0700 [DEBUG] [org.gradle.process.internal.health.memory.DefaultMemoryManager] 2348528844 virtual memory requested, 1939984384 free
2025-03-31T17:14:25.172+0700 [DEBUG] [org.gradle.workers.internal.WorkerDaemonExpiration] Will attempt to release 2239 of memory
2025-03-31T17:14:25.172+0700 [DEBUG] [org.gradle.process.internal.health.memory.DefaultMemoryManager] 2348528844 virtual memory requested, 0 released, 1939984384 free
2025-03-31T17:14:29.339+0700 [DEBUG] [org.gradle.cache.internal.DefaultFileLockManager] Waiting to acquire shared lock on daemon addresses registry.
2025-03-31T17:14:29.340+0700 [DEBUG] [org.gradle.cache.internal.DefaultFileLockManager] Lock acquired on daemon addresses registry.
2025-03-31T17:14:29.340+0700 [DEBUG] [org.gradle.cache.internal.DefaultFileLockManager] Releasing lock on daemon addresses registry.
2025-03-31T17:14:29.341+0700 [DEBUG] [org.gradle.cache.internal.DefaultFileLockManager] Waiting to acquire shared lock on daemon addresses registry.
2025-03-31T17:14:29.341+0700 [DEBUG] [org.gradle.cache.internal.DefaultFileLockManager] Lock acquired on daemon addresses registry.
2025-03-31T17:14:29.342+0700 [DEBUG] [org.gradle.cache.internal.DefaultFileLockManager] Releasing lock on daemon addresses registry.
2025-03-31T17:14:29.343+0700 [DEBUG] [org.gradle.cache.internal.DefaultFileLockManager] Waiting to acquire shared lock on daemon addresses registry.
2025-03-31T17:14:29.344+0700 [DEBUG] [org.gradle.cache.internal.DefaultFileLockManager] Lock acquired on daemon addresses registry.
2025-03-31T17:14:29.344+0700 [DEBUG] [org.gradle.cache.internal.DefaultFileLockManager] Releasing lock on daemon addresses registry.
2025-03-31T17:14:30.167+0700 [DEBUG] [org.gradle.process.internal.health.memory.DefaultMemoryManager] 2348528844 virtual memory requested, 1906413568 free
2025-03-31T17:14:30.167+0700 [DEBUG] [org.gradle.workers.internal.WorkerDaemonExpiration] Will attempt to release 2239 of memory
2025-03-31T17:14:30.167+0700 [DEBUG] [org.gradle.process.internal.health.memory.DefaultMemoryManager] 2348528844 virtual memory requested, 0 released, 1906413568 free
2025-03-31T17:14:35.172+0700 [DEBUG] [org.gradle.process.internal.health.memory.DefaultMemoryManager] 2348528844 virtual memory requested, 1835229184 free
2025-03-31T17:14:35.172+0700 [DEBUG] [org.gradle.workers.internal.WorkerDaemonExpiration] Will attempt to release 2239 of memory
2025-03-31T17:14:35.172+0700 [DEBUG] [org.gradle.process.internal.health.memory.DefaultMemoryManager] 2348528844 virtual memory requested, 0 released, 1835229184 free
2025-03-31T17:14:39.333+0700 [DEBUG] [org.gradle.cache.internal.DefaultFileLockManager] Waiting to acquire shared lock on daemon addresses registry.
2025-03-31T17:14:39.333+0700 [DEBUG] [org.gradle.cache.internal.DefaultFileLockManager] Lock acquired on daemon addresses registry.
2025-03-31T17:14:39.333+0700 [DEBUG] [org.gradle.cache.internal.DefaultFileLockManager] Releasing lock on daemon addresses registry.
2025-03-31T17:14:39.334+0700 [DEBUG] [org.gradle.cache.internal.DefaultFileLockManager] Waiting to acquire shared lock on daemon addresses registry.
2025-03-31T17:14:39.335+0700 [DEBUG] [org.gradle.cache.internal.DefaultFileLockManager] Lock acquired on daemon addresses registry.
2025-03-31T17:14:39.335+0700 [DEBUG] [org.gradle.cache.internal.DefaultFileLockManager] Releasing lock on daemon addresses registry.
2025-03-31T17:14:39.335+0700 [DEBUG] [org.gradle.cache.internal.DefaultFileLockManager] Waiting to acquire shared lock on daemon addresses registry.
2025-03-31T17:14:39.336+0700 [DEBUG] [org.gradle.cache.internal.DefaultFileLockManager] Lock acquired on daemon addresses registry.
2025-03-31T17:14:39.336+0700 [DEBUG] [org.gradle.cache.internal.DefaultFileLockManager] Releasing lock on daemon addresses registry.
2025-03-31T17:14:40.174+0700 [DEBUG] [org.gradle.process.internal.health.memory.DefaultMemoryManager] 2348528844 virtual memory requested, 1880997888 free
2025-03-31T17:14:40.174+0700 [DEBUG] [org.gradle.workers.internal.WorkerDaemonExpiration] Will attempt to release 2239 of memory
2025-03-31T17:14:40.174+0700 [DEBUG] [org.gradle.process.internal.health.memory.DefaultMemoryManager] 2348528844 virtual memory requested, 0 released, 1880997888 free
2025-03-31T17:14:45.167+0700 [DEBUG] [org.gradle.process.internal.health.memory.DefaultMemoryManager] 2348528844 virtual memory requested, 1922793472 free
2025-03-31T17:14:45.167+0700 [DEBUG] [org.gradle.workers.internal.WorkerDaemonExpiration] Will attempt to release 2239 of memory
2025-03-31T17:14:45.167+0700 [DEBUG] [org.gradle.process.internal.health.memory.DefaultMemoryManager] 2348528844 virtual memory requested, 0 released, 1922793472 free
2025-03-31T17:14:49.334+0700 [DEBUG] [org.gradle.cache.internal.DefaultFileLockManager] Waiting to acquire shared lock on daemon addresses registry.
2025-03-31T17:14:49.334+0700 [DEBUG] [org.gradle.cache.internal.DefaultFileLockManager] Lock acquired on daemon addresses registry.
2025-03-31T17:14:49.334+0700 [DEBUG] [org.gradle.cache.internal.DefaultFileLockManager] Releasing lock on daemon addresses registry.
2025-03-31T17:14:49.335+0700 [DEBUG] [org.gradle.cache.internal.DefaultFileLockManager] Waiting to acquire shared lock on daemon addresses registry.
2025-03-31T17:14:49.335+0700 [DEBUG] [org.gradle.cache.internal.DefaultFileLockManager] Lock acquired on daemon addresses registry.
2025-03-31T17:14:49.336+0700 [DEBUG] [org.gradle.cache.internal.DefaultFileLockManager] Releasing lock on daemon addresses registry.
2025-03-31T17:14:49.337+0700 [DEBUG] [org.gradle.cache.internal.DefaultFileLockManager] Waiting to acquire shared lock on daemon addresses registry.
2025-03-31T17:14:49.337+0700 [DEBUG] [org.gradle.cache.internal.DefaultFileLockManager] Lock acquired on daemon addresses registry.
2025-03-31T17:14:49.337+0700 [DEBUG] [org.gradle.cache.internal.DefaultFileLockManager] Releasing lock on daemon addresses registry.
2025-03-31T17:14:50.175+0700 [DEBUG] [org.gradle.process.internal.health.memory.DefaultMemoryManager] 2348528844 virtual memory requested, 1965207552 free
2025-03-31T17:14:50.175+0700 [DEBUG] [org.gradle.workers.internal.WorkerDaemonExpiration] Will attempt to release 2239 of memory
2025-03-31T17:14:50.175+0700 [DEBUG] [org.gradle.process.internal.health.memory.DefaultMemoryManager] 2348528844 virtual memory requested, 0 released, 1965207552 free
2025-03-31T17:14:55.171+0700 [DEBUG] [org.gradle.process.internal.health.memory.DefaultMemoryManager] 2348528844 virtual memory requested, 1915510784 free
2025-03-31T17:14:55.172+0700 [DEBUG] [org.gradle.workers.internal.WorkerDaemonExpiration] Will attempt to release 2239 of memory
2025-03-31T17:14:55.172+0700 [DEBUG] [org.gradle.process.internal.health.memory.DefaultMemoryManager] 2348528844 virtual memory requested, 0 released, 1915510784 free
2025-03-31T17:14:59.346+0700 [DEBUG] [org.gradle.cache.internal.DefaultFileLockManager] Waiting to acquire shared lock on daemon addresses registry.
2025-03-31T17:14:59.346+0700 [DEBUG] [org.gradle.cache.internal.DefaultFileLockManager] Lock acquired on daemon addresses registry.
2025-03-31T17:14:59.347+0700 [DEBUG] [org.gradle.cache.internal.DefaultFileLockManager] Releasing lock on daemon addresses registry.
2025-03-31T17:14:59.348+0700 [DEBUG] [org.gradle.cache.internal.DefaultFileLockManager] Waiting to acquire shared lock on daemon addresses registry.
2025-03-31T17:14:59.348+0700 [DEBUG] [org.gradle.cache.internal.DefaultFileLockManager] Lock acquired on daemon addresses registry.
2025-03-31T17:14:59.348+0700 [DEBUG] [org.gradle.cache.internal.DefaultFileLockManager] Releasing lock on daemon addresses registry.
2025-03-31T17:14:59.349+0700 [DEBUG] [org.gradle.cache.internal.DefaultFileLockManager] Waiting to acquire shared lock on daemon addresses registry.
2025-03-31T17:14:59.349+0700 [DEBUG] [org.gradle.cache.internal.DefaultFileLockManager] Lock acquired on daemon addresses registry.
2025-03-31T17:14:59.349+0700 [DEBUG] [org.gradle.cache.internal.DefaultFileLockManager] Releasing lock on daemon addresses registry.
2025-03-31T17:15:00.171+0700 [DEBUG] [org.gradle.process.internal.health.memory.DefaultMemoryManager] 2348528844 virtual memory requested, 1963429888 free
2025-03-31T17:15:00.171+0700 [DEBUG] [org.gradle.workers.internal.WorkerDaemonExpiration] Will attempt to release 2239 of memory
2025-03-31T17:15:00.171+0700 [DEBUG] [org.gradle.process.internal.health.memory.DefaultMemoryManager] 2348528844 virtual memory requested, 0 released, 1963429888 free
2025-03-31T17:15:05.165+0700 [DEBUG] [org.gradle.process.internal.health.memory.DefaultMemoryManager] 2348528844 virtual memory requested, 1932812288 free
2025-03-31T17:15:05.165+0700 [DEBUG] [org.gradle.workers.internal.WorkerDaemonExpiration] Will attempt to release 2239 of memory
2025-03-31T17:15:05.165+0700 [DEBUG] [org.gradle.process.internal.health.memory.DefaultMemoryManager] 2348528844 virtual memory requested, 0 released, 1932812288 free
2025-03-31T17:15:09.338+0700 [DEBUG] [org.gradle.cache.internal.DefaultFileLockManager] Waiting to acquire shared lock on daemon addresses registry.
2025-03-31T17:15:09.338+0700 [DEBUG] [org.gradle.cache.internal.DefaultFileLockManager] Lock acquired on daemon addresses registry.
2025-03-31T17:15:09.338+0700 [DEBUG] [org.gradle.cache.internal.DefaultFileLockManager] Releasing lock on daemon addresses registry.
2025-03-31T17:15:09.339+0700 [DEBUG] [org.gradle.cache.internal.DefaultFileLockManager] Waiting to acquire shared lock on daemon addresses registry.
2025-03-31T17:15:09.339+0700 [DEBUG] [org.gradle.cache.internal.DefaultFileLockManager] Lock acquired on daemon addresses registry.
2025-03-31T17:15:09.340+0700 [DEBUG] [org.gradle.cache.internal.DefaultFileLockManager] Releasing lock on daemon addresses registry.
2025-03-31T17:15:09.340+0700 [DEBUG] [org.gradle.cache.internal.DefaultFileLockManager] Waiting to acquire shared lock on daemon addresses registry.
2025-03-31T17:15:09.340+0700 [DEBUG] [org.gradle.cache.internal.DefaultFileLockManager] Lock acquired on daemon addresses registry.
2025-03-31T17:15:09.340+0700 [DEBUG] [org.gradle.cache.internal.DefaultFileLockManager] Releasing lock on daemon addresses registry.
2025-03-31T17:15:10.164+0700 [DEBUG] [org.gradle.process.internal.health.memory.DefaultMemoryManager] 2348528844 virtual memory requested, 1950949376 free
2025-03-31T17:15:10.164+0700 [DEBUG] [org.gradle.workers.internal.WorkerDaemonExpiration] Will attempt to release 2239 of memory
2025-03-31T17:15:10.164+0700 [DEBUG] [org.gradle.process.internal.health.memory.DefaultMemoryManager] 2348528844 virtual memory requested, 0 released, 1950949376 free
2025-03-31T17:15:15.178+0700 [DEBUG] [org.gradle.process.internal.health.memory.DefaultMemoryManager] 2348528844 virtual memory requested, 1967861760 free
2025-03-31T17:15:15.178+0700 [DEBUG] [org.gradle.workers.internal.WorkerDaemonExpiration] Will attempt to release 2239 of memory
2025-03-31T17:15:15.178+0700 [DEBUG] [org.gradle.process.internal.health.memory.DefaultMemoryManager] 2348528844 virtual memory requested, 0 released, 1967861760 free
2025-03-31T17:15:19.341+0700 [DEBUG] [org.gradle.cache.internal.DefaultFileLockManager] Waiting to acquire shared lock on daemon addresses registry.
2025-03-31T17:15:19.341+0700 [DEBUG] [org.gradle.cache.internal.DefaultFileLockManager] Lock acquired on daemon addresses registry.
2025-03-31T17:15:19.341+0700 [DEBUG] [org.gradle.cache.internal.DefaultFileLockManager] Releasing lock on daemon addresses registry.
2025-03-31T17:15:19.342+0700 [DEBUG] [org.gradle.cache.internal.DefaultFileLockManager] Waiting to acquire shared lock on daemon addresses registry.
2025-03-31T17:15:19.342+0700 [DEBUG] [org.gradle.cache.internal.DefaultFileLockManager] Lock acquired on daemon addresses registry.
2025-03-31T17:15:19.342+0700 [DEBUG] [org.gradle.cache.internal.DefaultFileLockManager] Releasing lock on daemon addresses registry.
2025-03-31T17:15:19.343+0700 [DEBUG] [org.gradle.cache.internal.DefaultFileLockManager] Waiting to acquire shared lock on daemon addresses registry.
2025-03-31T17:15:19.343+0700 [DEBUG] [org.gradle.cache.internal.DefaultFileLockManager] Lock acquired on daemon addresses registry.
2025-03-31T17:15:19.343+0700 [DEBUG] [org.gradle.cache.internal.DefaultFileLockManager] Releasing lock on daemon addresses registry.
2025-03-31T17:15:20.168+0700 [DEBUG] [org.gradle.process.internal.health.memory.DefaultMemoryManager] 2348528844 virtual memory requested, 1936592896 free
2025-03-31T17:15:20.168+0700 [DEBUG] [org.gradle.workers.internal.WorkerDaemonExpiration] Will attempt to release 2239 of memory
2025-03-31T17:15:20.168+0700 [DEBUG] [org.gradle.process.internal.health.memory.DefaultMemoryManager] 2348528844 virtual memory requested, 0 released, 1936592896 free
2025-03-31T17:15:25.165+0700 [DEBUG] [org.gradle.process.internal.health.memory.DefaultMemoryManager] 2348528844 virtual memory requested, 1841229824 free
2025-03-31T17:15:25.165+0700 [DEBUG] [org.gradle.workers.internal.WorkerDaemonExpiration] Will attempt to release 2239 of memory
2025-03-31T17:15:25.165+0700 [DEBUG] [org.gradle.process.internal.health.memory.DefaultMemoryManager] 2348528844 virtual memory requested, 0 released, 1841229824 free
2025-03-31T17:15:29.343+0700 [DEBUG] [org.gradle.cache.internal.DefaultFileLockManager] Waiting to acquire shared lock on daemon addresses registry.
2025-03-31T17:15:29.343+0700 [DEBUG] [org.gradle.cache.internal.DefaultFileLockManager] Lock acquired on daemon addresses registry.
2025-03-31T17:15:29.343+0700 [DEBUG] [org.gradle.cache.internal.DefaultFileLockManager] Releasing lock on daemon addresses registry.
2025-03-31T17:15:29.345+0700 [DEBUG] [org.gradle.cache.internal.DefaultFileLockManager] Waiting to acquire shared lock on daemon addresses registry.
2025-03-31T17:15:29.345+0700 [DEBUG] [org.gradle.cache.internal.DefaultFileLockManager] Lock acquired on daemon addresses registry.
2025-03-31T17:15:29.345+0700 [DEBUG] [org.gradle.cache.internal.DefaultFileLockManager] Releasing lock on daemon addresses registry.
2025-03-31T17:15:29.346+0700 [DEBUG] [org.gradle.cache.internal.DefaultFileLockManager] Waiting to acquire shared lock on daemon addresses registry.
2025-03-31T17:15:29.346+0700 [DEBUG] [org.gradle.cache.internal.DefaultFileLockManager] Lock acquired on daemon addresses registry.
2025-03-31T17:15:29.346+0700 [DEBUG] [org.gradle.cache.internal.DefaultFileLockManager] Releasing lock on daemon addresses registry.
2025-03-31T17:15:30.176+0700 [DEBUG] [org.gradle.process.internal.health.memory.DefaultMemoryManager] 2348528844 virtual memory requested, 1839153152 free
2025-03-31T17:15:30.176+0700 [DEBUG] [org.gradle.workers.internal.WorkerDaemonExpiration] Will attempt to release 2239 of memory
2025-03-31T17:15:30.176+0700 [DEBUG] [org.gradle.process.internal.health.memory.DefaultMemoryManager] 2348528844 virtual memory requested, 0 released, 1839153152 free
2025-03-31T17:15:35.164+0700 [DEBUG] [org.gradle.process.internal.health.memory.DefaultMemoryManager] 2348528844 virtual memory requested, 1868349440 free
2025-03-31T17:15:35.164+0700 [DEBUG] [org.gradle.workers.internal.WorkerDaemonExpiration] Will attempt to release 2239 of memory
2025-03-31T17:15:35.164+0700 [DEBUG] [org.gradle.process.internal.health.memory.DefaultMemoryManager] 2348528844 virtual memory requested, 0 released, 1868349440 free
2025-03-31T17:15:39.341+0700 [DEBUG] [org.gradle.cache.internal.DefaultFileLockManager] Waiting to acquire shared lock on daemon addresses registry.
2025-03-31T17:15:39.341+0700 [DEBUG] [org.gradle.cache.internal.DefaultFileLockManager] Lock acquired on daemon addresses registry.
2025-03-31T17:15:39.342+0700 [DEBUG] [org.gradle.cache.internal.DefaultFileLockManager] Releasing lock on daemon addresses registry.
2025-03-31T17:15:39.342+0700 [DEBUG] [org.gradle.cache.internal.DefaultFileLockManager] Waiting to acquire shared lock on daemon addresses registry.
2025-03-31T17:15:39.342+0700 [DEBUG] [org.gradle.cache.internal.DefaultFileLockManager] Lock acquired on daemon addresses registry.
2025-03-31T17:15:39.343+0700 [DEBUG] [org.gradle.cache.internal.DefaultFileLockManager] Releasing lock on daemon addresses registry.
2025-03-31T17:15:39.343+0700 [DEBUG] [org.gradle.cache.internal.DefaultFileLockManager] Waiting to acquire shared lock on daemon addresses registry.
2025-03-31T17:15:39.343+0700 [DEBUG] [org.gradle.cache.internal.DefaultFileLockManager] Lock acquired on daemon addresses registry.
2025-03-31T17:15:39.343+0700 [DEBUG] [org.gradle.cache.internal.DefaultFileLockManager] Releasing lock on daemon addresses registry.
2025-03-31T17:15:40.179+0700 [DEBUG] [org.gradle.process.internal.health.memory.DefaultMemoryManager] 2348528844 virtual memory requested, 1829224448 free
2025-03-31T17:15:40.179+0700 [DEBUG] [org.gradle.workers.internal.WorkerDaemonExpiration] Will attempt to release 2239 of memory
2025-03-31T17:15:40.179+0700 [DEBUG] [org.gradle.process.internal.health.memory.DefaultMemoryManager] 2348528844 virtual memory requested, 0 released, 1829224448 free
2025-03-31T17:15:45.188+0700 [DEBUG] [org.gradle.process.internal.health.memory.DefaultMemoryManager] 2348528844 virtual memory requested, 1817751552 free
2025-03-31T17:15:45.188+0700 [DEBUG] [org.gradle.workers.internal.WorkerDaemonExpiration] Will attempt to release 2239 of memory
2025-03-31T17:15:45.188+0700 [DEBUG] [org.gradle.process.internal.health.memory.DefaultMemoryManager] 2348528844 virtual memory requested, 0 released, 1817751552 free
2025-03-31T17:15:49.338+0700 [DEBUG] [org.gradle.cache.internal.DefaultFileLockManager] Waiting to acquire shared lock on daemon addresses registry.
2025-03-31T17:15:49.339+0700 [DEBUG] [org.gradle.cache.internal.DefaultFileLockManager] Lock acquired on daemon addresses registry.
2025-03-31T17:15:49.339+0700 [DEBUG] [org.gradle.cache.internal.DefaultFileLockManager] Releasing lock on daemon addresses registry.
2025-03-31T17:15:49.340+0700 [DEBUG] [org.gradle.cache.internal.DefaultFileLockManager] Waiting to acquire shared lock on daemon addresses registry.
2025-03-31T17:15:49.340+0700 [DEBUG] [org.gradle.cache.internal.DefaultFileLockManager] Lock acquired on daemon addresses registry.
2025-03-31T17:15:49.340+0700 [DEBUG] [org.gradle.cache.internal.DefaultFileLockManager] Releasing lock on daemon addresses registry.
2025-03-31T17:15:49.341+0700 [DEBUG] [org.gradle.cache.internal.DefaultFileLockManager] Waiting to acquire shared lock on daemon addresses registry.
2025-03-31T17:15:49.341+0700 [DEBUG] [org.gradle.cache.internal.DefaultFileLockManager] Lock acquired on daemon addresses registry.
2025-03-31T17:15:49.341+0700 [DEBUG] [org.gradle.cache.internal.DefaultFileLockManager] Releasing lock on daemon addresses registry.
2025-03-31T17:15:50.173+0700 [DEBUG] [org.gradle.process.internal.health.memory.DefaultMemoryManager] 2348528844 virtual memory requested, 1805881344 free
2025-03-31T17:15:50.173+0700 [DEBUG] [org.gradle.workers.internal.WorkerDaemonExpiration] Will attempt to release 2239 of memory
2025-03-31T17:15:50.173+0700 [DEBUG] [org.gradle.process.internal.health.memory.DefaultMemoryManager] 2348528844 virtual memory requested, 0 released, 1805881344 free
2025-03-31T17:15:55.176+0700 [DEBUG] [org.gradle.process.internal.health.memory.DefaultMemoryManager] 2348528844 virtual memory requested, 1852604416 free
2025-03-31T17:15:55.176+0700 [DEBUG] [org.gradle.workers.internal.WorkerDaemonExpiration] Will attempt to release 2239 of memory
2025-03-31T17:15:55.176+0700 [DEBUG] [org.gradle.process.internal.health.memory.DefaultMemoryManager] 2348528844 virtual memory requested, 0 released, 1852604416 free
2025-03-31T17:15:59.337+0700 [DEBUG] [org.gradle.cache.internal.DefaultFileLockManager] Waiting to acquire shared lock on daemon addresses registry.
2025-03-31T17:15:59.337+0700 [DEBUG] [org.gradle.cache.internal.DefaultFileLockManager] Lock acquired on daemon addresses registry.
2025-03-31T17:15:59.337+0700 [DEBUG] [org.gradle.cache.internal.DefaultFileLockManager] Releasing lock on daemon addresses registry.
2025-03-31T17:15:59.338+0700 [DEBUG] [org.gradle.cache.internal.DefaultFileLockManager] Waiting to acquire shared lock on daemon addresses registry.
2025-03-31T17:15:59.338+0700 [DEBUG] [org.gradle.cache.internal.DefaultFileLockManager] Lock acquired on daemon addresses registry.
2025-03-31T17:15:59.338+0700 [DEBUG] [org.gradle.cache.internal.DefaultFileLockManager] Releasing lock on daemon addresses registry.
2025-03-31T17:15:59.339+0700 [DEBUG] [org.gradle.cache.internal.DefaultFileLockManager] Waiting to acquire shared lock on daemon addresses registry.
2025-03-31T17:15:59.339+0700 [DEBUG] [org.gradle.cache.internal.DefaultFileLockManager] Lock acquired on daemon addresses registry.
2025-03-31T17:15:59.339+0700 [DEBUG] [org.gradle.cache.internal.DefaultFileLockManager] Releasing lock on daemon addresses registry.
2025-03-31T17:16:00.179+0700 [DEBUG] [org.gradle.process.internal.health.memory.DefaultMemoryManager] 2348528844 virtual memory requested, 1814802432 free
2025-03-31T17:16:00.179+0700 [DEBUG] [org.gradle.workers.internal.WorkerDaemonExpiration] Will attempt to release 2239 of memory
2025-03-31T17:16:00.179+0700 [DEBUG] [org.gradle.process.internal.health.memory.DefaultMemoryManager] 2348528844 virtual memory requested, 0 released, 1814802432 free
2025-03-31T17:16:05.175+0700 [DEBUG] [org.gradle.process.internal.health.memory.DefaultMemoryManager] 2348528844 virtual memory requested, 1768329216 free
2025-03-31T17:16:05.175+0700 [DEBUG] [org.gradle.workers.internal.WorkerDaemonExpiration] Will attempt to release 2239 of memory
2025-03-31T17:16:05.175+0700 [DEBUG] [org.gradle.process.internal.health.memory.DefaultMemoryManager] 2348528844 virtual memory requested, 0 released, 1768329216 free
2025-03-31T17:16:09.342+0700 [DEBUG] [org.gradle.cache.internal.DefaultFileLockManager] Waiting to acquire shared lock on daemon addresses registry.
2025-03-31T17:16:09.342+0700 [DEBUG] [org.gradle.cache.internal.DefaultFileLockManager] Lock acquired on daemon addresses registry.
2025-03-31T17:16:09.343+0700 [DEBUG] [org.gradle.cache.internal.DefaultFileLockManager] Releasing lock on daemon addresses registry.
2025-03-31T17:16:09.344+0700 [DEBUG] [org.gradle.cache.internal.DefaultFileLockManager] Waiting to acquire shared lock on daemon addresses registry.
2025-03-31T17:16:09.344+0700 [DEBUG] [org.gradle.cache.internal.DefaultFileLockManager] Lock acquired on daemon addresses registry.
2025-03-31T17:16:09.344+0700 [DEBUG] [org.gradle.cache.internal.DefaultFileLockManager] Releasing lock on daemon addresses registry.
2025-03-31T17:16:09.345+0700 [DEBUG] [org.gradle.cache.internal.DefaultFileLockManager] Waiting to acquire shared lock on daemon addresses registry.
2025-03-31T17:16:09.345+0700 [DEBUG] [org.gradle.cache.internal.DefaultFileLockManager] Lock acquired on daemon addresses registry.
2025-03-31T17:16:09.346+0700 [DEBUG] [org.gradle.cache.internal.DefaultFileLockManager] Releasing lock on daemon addresses registry.
2025-03-31T17:16:10.171+0700 [DEBUG] [org.gradle.process.internal.health.memory.DefaultMemoryManager] 2348528844 virtual memory requested, 1829584896 free
2025-03-31T17:16:10.171+0700 [DEBUG] [org.gradle.workers.internal.WorkerDaemonExpiration] Will attempt to release 2239 of memory
2025-03-31T17:16:10.171+0700 [DEBUG] [org.gradle.process.internal.health.memory.DefaultMemoryManager] 2348528844 virtual memory requested, 0 released, 1829584896 free
2025-03-31T17:16:15.166+0700 [DEBUG] [org.gradle.process.internal.health.memory.DefaultMemoryManager] 2348528844 virtual memory requested, 1831628800 free
2025-03-31T17:16:15.166+0700 [DEBUG] [org.gradle.workers.internal.WorkerDaemonExpiration] Will attempt to release 2239 of memory
2025-03-31T17:16:15.166+0700 [DEBUG] [org.gradle.process.internal.health.memory.DefaultMemoryManager] 2348528844 virtual memory requested, 0 released, 1831628800 free
2025-03-31T17:16:19.340+0700 [DEBUG] [org.gradle.cache.internal.DefaultFileLockManager] Waiting to acquire shared lock on daemon addresses registry.
2025-03-31T17:16:19.340+0700 [DEBUG] [org.gradle.cache.internal.DefaultFileLockManager] Lock acquired on daemon addresses registry.
2025-03-31T17:16:19.340+0700 [DEBUG] [org.gradle.cache.internal.DefaultFileLockManager] Releasing lock on daemon addresses registry.
2025-03-31T17:16:19.341+0700 [DEBUG] [org.gradle.cache.internal.DefaultFileLockManager] Waiting to acquire shared lock on daemon addresses registry.
2025-03-31T17:16:19.341+0700 [DEBUG] [org.gradle.cache.internal.DefaultFileLockManager] Lock acquired on daemon addresses registry.
2025-03-31T17:16:19.342+0700 [DEBUG] [org.gradle.cache.internal.DefaultFileLockManager] Releasing lock on daemon addresses registry.
2025-03-31T17:16:19.342+0700 [DEBUG] [org.gradle.cache.internal.DefaultFileLockManager] Waiting to acquire shared lock on daemon addresses registry.
2025-03-31T17:16:19.343+0700 [DEBUG] [org.gradle.cache.internal.DefaultFileLockManager] Lock acquired on daemon addresses registry.
2025-03-31T17:16:19.343+0700 [DEBUG] [org.gradle.cache.internal.DefaultFileLockManager] Releasing lock on daemon addresses registry.
2025-03-31T17:16:20.167+0700 [DEBUG] [org.gradle.process.internal.health.memory.DefaultMemoryManager] 2348528844 virtual memory requested, 1792040960 free
2025-03-31T17:16:20.167+0700 [DEBUG] [org.gradle.workers.internal.WorkerDaemonExpiration] Will attempt to release 2239 of memory
2025-03-31T17:16:20.167+0700 [DEBUG] [org.gradle.process.internal.health.memory.DefaultMemoryManager] 2348528844 virtual memory requested, 0 released, 1792040960 free
2025-03-31T17:16:25.165+0700 [DEBUG] [org.gradle.process.internal.health.memory.DefaultMemoryManager] 2348528844 virtual memory requested, 1937690624 free
2025-03-31T17:16:25.165+0700 [DEBUG] [org.gradle.workers.internal.WorkerDaemonExpiration] Will attempt to release 2239 of memory
2025-03-31T17:16:25.165+0700 [DEBUG] [org.gradle.process.internal.health.memory.DefaultMemoryManager] 2348528844 virtual memory requested, 0 released, 1937690624 free
2025-03-31T17:16:25.765+0700 [DEBUG] [org.gradle.internal.watch.vfs.impl.WatchingVirtualFileSystem] Handling VFS change CREATED C:\Users\Administrator\AndroidStudioProjects\PrescriptionManagementApp\app\src\main\java\com\mad\prescriptionmanagementapp\ui\activity\MainActivity.java~
2025-03-31T17:16:25.767+0700 [DEBUG] [org.gradle.internal.watch.vfs.impl.WatchingVirtualFileSystem] Handling VFS change MODIFIED C:\Users\Administrator\AndroidStudioProjects\PrescriptionManagementApp\app\src\main\java\com\mad\prescriptionmanagementapp\ui\activity\MainActivity.java
2025-03-31T17:16:29.341+0700 [DEBUG] [org.gradle.cache.internal.DefaultFileLockManager] Waiting to acquire shared lock on daemon addresses registry.
2025-03-31T17:16:29.341+0700 [DEBUG] [org.gradle.cache.internal.DefaultFileLockManager] Lock acquired on daemon addresses registry.
2025-03-31T17:16:29.342+0700 [DEBUG] [org.gradle.cache.internal.DefaultFileLockManager] Releasing lock on daemon addresses registry.
2025-03-31T17:16:29.342+0700 [DEBUG] [org.gradle.cache.internal.DefaultFileLockManager] Waiting to acquire shared lock on daemon addresses registry.
2025-03-31T17:16:29.342+0700 [DEBUG] [org.gradle.cache.internal.DefaultFileLockManager] Lock acquired on daemon addresses registry.
2025-03-31T17:16:29.343+0700 [DEBUG] [org.gradle.cache.internal.DefaultFileLockManager] Releasing lock on daemon addresses registry.
2025-03-31T17:16:29.343+0700 [DEBUG] [org.gradle.cache.internal.DefaultFileLockManager] Waiting to acquire shared lock on daemon addresses registry.
2025-03-31T17:16:29.343+0700 [DEBUG] [org.gradle.cache.internal.DefaultFileLockManager] Lock acquired on daemon addresses registry.
2025-03-31T17:16:29.344+0700 [DEBUG] [org.gradle.cache.internal.DefaultFileLockManager] Releasing lock on daemon addresses registry.
2025-03-31T17:16:30.167+0700 [DEBUG] [org.gradle.process.internal.health.memory.DefaultMemoryManager] 2348528844 virtual memory requested, 1791365120 free
2025-03-31T17:16:30.167+0700 [DEBUG] [org.gradle.workers.internal.WorkerDaemonExpiration] Will attempt to release 2239 of memory
2025-03-31T17:16:30.167+0700 [DEBUG] [org.gradle.process.internal.health.memory.DefaultMemoryManager] 2348528844 virtual memory requested, 0 released, 1791365120 free
2025-03-31T17:16:35.163+0700 [DEBUG] [org.gradle.process.internal.health.memory.DefaultMemoryManager] 2348528844 virtual memory requested, 1875587072 free
2025-03-31T17:16:35.164+0700 [DEBUG] [org.gradle.workers.internal.WorkerDaemonExpiration] Will attempt to release 2239 of memory
2025-03-31T17:16:35.164+0700 [DEBUG] [org.gradle.process.internal.health.memory.DefaultMemoryManager] 2348528844 virtual memory requested, 0 released, 1875587072 free
2025-03-31T17:16:39.344+0700 [DEBUG] [org.gradle.cache.internal.DefaultFileLockManager] Waiting to acquire shared lock on daemon addresses registry.
2025-03-31T17:16:39.345+0700 [DEBUG] [org.gradle.cache.internal.DefaultFileLockManager] Lock acquired on daemon addresses registry.
2025-03-31T17:16:39.345+0700 [DEBUG] [org.gradle.cache.internal.DefaultFileLockManager] Releasing lock on daemon addresses registry.
2025-03-31T17:16:39.345+0700 [DEBUG] [org.gradle.cache.internal.DefaultFileLockManager] Waiting to acquire shared lock on daemon addresses registry.
2025-03-31T17:16:39.346+0700 [DEBUG] [org.gradle.cache.internal.DefaultFileLockManager] Lock acquired on daemon addresses registry.
2025-03-31T17:16:39.346+0700 [DEBUG] [org.gradle.cache.internal.DefaultFileLockManager] Releasing lock on daemon addresses registry.
2025-03-31T17:16:39.346+0700 [DEBUG] [org.gradle.cache.internal.DefaultFileLockManager] Waiting to acquire shared lock on daemon addresses registry.
2025-03-31T17:16:39.346+0700 [DEBUG] [org.gradle.cache.internal.DefaultFileLockManager] Lock acquired on daemon addresses registry.
2025-03-31T17:16:39.347+0700 [DEBUG] [org.gradle.cache.internal.DefaultFileLockManager] Releasing lock on daemon addresses registry.
2025-03-31T17:16:40.173+0700 [DEBUG] [org.gradle.process.internal.health.memory.DefaultMemoryManager] 2348528844 virtual memory requested, 1915957248 free
2025-03-31T17:16:40.173+0700 [DEBUG] [org.gradle.workers.internal.WorkerDaemonExpiration] Will attempt to release 2239 of memory
2025-03-31T17:16:40.173+0700 [DEBUG] [org.gradle.process.internal.health.memory.DefaultMemoryManager] 2348528844 virtual memory requested, 0 released, 1915957248 free
2025-03-31T17:16:45.176+0700 [DEBUG] [org.gradle.process.internal.health.memory.DefaultMemoryManager] 2348528844 virtual memory requested, 1723817984 free
2025-03-31T17:16:45.176+0700 [DEBUG] [org.gradle.workers.internal.WorkerDaemonExpiration] Will attempt to release 2239 of memory
2025-03-31T17:16:45.176+0700 [DEBUG] [org.gradle.process.internal.health.memory.DefaultMemoryManager] 2348528844 virtual memory requested, 0 released, 1723817984 free
2025-03-31T17:16:49.342+0700 [DEBUG] [org.gradle.cache.internal.DefaultFileLockManager] Waiting to acquire shared lock on daemon addresses registry.
2025-03-31T17:16:49.343+0700 [DEBUG] [org.gradle.cache.internal.DefaultFileLockManager] Lock acquired on daemon addresses registry.
2025-03-31T17:16:49.343+0700 [DEBUG] [org.gradle.cache.internal.DefaultFileLockManager] Releasing lock on daemon addresses registry.
2025-03-31T17:16:49.344+0700 [DEBUG] [org.gradle.cache.internal.DefaultFileLockManager] Waiting to acquire shared lock on daemon addresses registry.
2025-03-31T17:16:49.344+0700 [DEBUG] [org.gradle.cache.internal.DefaultFileLockManager] Lock acquired on daemon addresses registry.
2025-03-31T17:16:49.344+0700 [DEBUG] [org.gradle.cache.internal.DefaultFileLockManager] Releasing lock on daemon addresses registry.
2025-03-31T17:16:49.344+0700 [DEBUG] [org.gradle.cache.internal.DefaultFileLockManager] Waiting to acquire shared lock on daemon addresses registry.
2025-03-31T17:16:49.345+0700 [DEBUG] [org.gradle.cache.internal.DefaultFileLockManager] Lock acquired on daemon addresses registry.
2025-03-31T17:16:49.345+0700 [DEBUG] [org.gradle.cache.internal.DefaultFileLockManager] Releasing lock on daemon addresses registry.
2025-03-31T17:16:50.166+0700 [DEBUG] [org.gradle.process.internal.health.memory.DefaultMemoryManager] 2348528844 virtual memory requested, 1713696768 free
2025-03-31T17:16:50.166+0700 [DEBUG] [org.gradle.workers.internal.WorkerDaemonExpiration] Will attempt to release 2239 of memory
2025-03-31T17:16:50.166+0700 [DEBUG] [org.gradle.process.internal.health.memory.DefaultMemoryManager] 2348528844 virtual memory requested, 0 released, 1713696768 free
2025-03-31T17:16:55.172+0700 [DEBUG] [org.gradle.process.internal.health.memory.DefaultMemoryManager] 2348528844 virtual memory requested, 1744654336 free
2025-03-31T17:16:55.173+0700 [DEBUG] [org.gradle.workers.internal.WorkerDaemonExpiration] Will attempt to release 2239 of memory
2025-03-31T17:16:55.173+0700 [DEBUG] [org.gradle.process.internal.health.memory.DefaultMemoryManager] 2348528844 virtual memory requested, 0 released, 1744654336 free
2025-03-31T17:16:59.339+0700 [DEBUG] [org.gradle.cache.internal.DefaultFileLockManager] Waiting to acquire shared lock on daemon addresses registry.
2025-03-31T17:16:59.339+0700 [DEBUG] [org.gradle.cache.internal.DefaultFileLockManager] Lock acquired on daemon addresses registry.
2025-03-31T17:16:59.339+0700 [DEBUG] [org.gradle.cache.internal.DefaultFileLockManager] Releasing lock on daemon addresses registry.
2025-03-31T17:16:59.340+0700 [DEBUG] [org.gradle.cache.internal.DefaultFileLockManager] Waiting to acquire shared lock on daemon addresses registry.
2025-03-31T17:16:59.340+0700 [DEBUG] [org.gradle.cache.internal.DefaultFileLockManager] Lock acquired on daemon addresses registry.
2025-03-31T17:16:59.340+0700 [DEBUG] [org.gradle.cache.internal.DefaultFileLockManager] Releasing lock on daemon addresses registry.
2025-03-31T17:16:59.341+0700 [DEBUG] [org.gradle.cache.internal.DefaultFileLockManager] Waiting to acquire shared lock on daemon addresses registry.
2025-03-31T17:16:59.341+0700 [DEBUG] [org.gradle.cache.internal.DefaultFileLockManager] Lock acquired on daemon addresses registry.
2025-03-31T17:16:59.341+0700 [DEBUG] [org.gradle.cache.internal.DefaultFileLockManager] Releasing lock on daemon addresses registry.
2025-03-31T17:17:00.178+0700 [DEBUG] [org.gradle.process.internal.health.memory.DefaultMemoryManager] 2348528844 virtual memory requested, 1745485824 free
2025-03-31T17:17:00.178+0700 [DEBUG] [org.gradle.workers.internal.WorkerDaemonExpiration] Will attempt to release 2239 of memory
2025-03-31T17:17:00.178+0700 [DEBUG] [org.gradle.process.internal.health.memory.DefaultMemoryManager] 2348528844 virtual memory requested, 0 released, 1745485824 free
2025-03-31T17:17:05.178+0700 [DEBUG] [org.gradle.process.internal.health.memory.DefaultMemoryManager] 2348528844 virtual memory requested, 1755570176 free
2025-03-31T17:17:05.178+0700 [DEBUG] [org.gradle.workers.internal.WorkerDaemonExpiration] Will attempt to release 2239 of memory
2025-03-31T17:17:05.178+0700 [DEBUG] [org.gradle.process.internal.health.memory.DefaultMemoryManager] 2348528844 virtual memory requested, 0 released, 1755570176 free
2025-03-31T17:17:09.343+0700 [DEBUG] [org.gradle.cache.internal.DefaultFileLockManager] Waiting to acquire shared lock on daemon addresses registry.
2025-03-31T17:17:09.343+0700 [DEBUG] [org.gradle.cache.internal.DefaultFileLockManager] Lock acquired on daemon addresses registry.
2025-03-31T17:17:09.343+0700 [DEBUG] [org.gradle.cache.internal.DefaultFileLockManager] Releasing lock on daemon addresses registry.
2025-03-31T17:17:09.345+0700 [DEBUG] [org.gradle.cache.internal.DefaultFileLockManager] Waiting to acquire shared lock on daemon addresses registry.
2025-03-31T17:17:09.345+0700 [DEBUG] [org.gradle.cache.internal.DefaultFileLockManager] Lock acquired on daemon addresses registry.
2025-03-31T17:17:09.345+0700 [DEBUG] [org.gradle.cache.internal.DefaultFileLockManager] Releasing lock on daemon addresses registry.
2025-03-31T17:17:09.346+0700 [DEBUG] [org.gradle.cache.internal.DefaultFileLockManager] Waiting to acquire shared lock on daemon addresses registry.
2025-03-31T17:17:09.346+0700 [DEBUG] [org.gradle.cache.internal.DefaultFileLockManager] Lock acquired on daemon addresses registry.
2025-03-31T17:17:09.346+0700 [DEBUG] [org.gradle.cache.internal.DefaultFileLockManager] Releasing lock on daemon addresses registry.
2025-03-31T17:17:10.170+0700 [DEBUG] [org.gradle.process.internal.health.memory.DefaultMemoryManager] 2348528844 virtual memory requested, 1759850496 free
2025-03-31T17:17:10.170+0700 [DEBUG] [org.gradle.workers.internal.WorkerDaemonExpiration] Will attempt to release 2239 of memory
2025-03-31T17:17:10.170+0700 [DEBUG] [org.gradle.process.internal.health.memory.DefaultMemoryManager] 2348528844 virtual memory requested, 0 released, 1759850496 free
2025-03-31T17:17:15.179+0700 [DEBUG] [org.gradle.process.internal.health.memory.DefaultMemoryManager] 2348528844 virtual memory requested, 1731702784 free
2025-03-31T17:17:15.179+0700 [DEBUG] [org.gradle.workers.internal.WorkerDaemonExpiration] Will attempt to release 2239 of memory
2025-03-31T17:17:15.179+0700 [DEBUG] [org.gradle.process.internal.health.memory.DefaultMemoryManager] 2348528844 virtual memory requested, 0 released, 1731702784 free
2025-03-31T17:17:19.336+0700 [DEBUG] [org.gradle.cache.internal.DefaultFileLockManager] Waiting to acquire shared lock on daemon addresses registry.
2025-03-31T17:17:19.336+0700 [DEBUG] [org.gradle.cache.internal.DefaultFileLockManager] Lock acquired on daemon addresses registry.
2025-03-31T17:17:19.336+0700 [DEBUG] [org.gradle.cache.internal.DefaultFileLockManager] Releasing lock on daemon addresses registry.
2025-03-31T17:17:19.337+0700 [DEBUG] [org.gradle.cache.internal.DefaultFileLockManager] Waiting to acquire shared lock on daemon addresses registry.
2025-03-31T17:17:19.337+0700 [DEBUG] [org.gradle.cache.internal.DefaultFileLockManager] Lock acquired on daemon addresses registry.
2025-03-31T17:17:19.337+0700 [DEBUG] [org.gradle.cache.internal.DefaultFileLockManager] Releasing lock on daemon addresses registry.
2025-03-31T17:17:19.338+0700 [DEBUG] [org.gradle.cache.internal.DefaultFileLockManager] Waiting to acquire shared lock on daemon addresses registry.
2025-03-31T17:17:19.338+0700 [DEBUG] [org.gradle.cache.internal.DefaultFileLockManager] Lock acquired on daemon addresses registry.
2025-03-31T17:17:19.338+0700 [DEBUG] [org.gradle.cache.internal.DefaultFileLockManager] Releasing lock on daemon addresses registry.
2025-03-31T17:17:20.176+0700 [DEBUG] [org.gradle.process.internal.health.memory.DefaultMemoryManager] 2348528844 virtual memory requested, 1722499072 free
2025-03-31T17:17:20.176+0700 [DEBUG] [org.gradle.workers.internal.WorkerDaemonExpiration] Will attempt to release 2239 of memory
2025-03-31T17:17:20.177+0700 [DEBUG] [org.gradle.process.internal.health.memory.DefaultMemoryManager] 2348528844 virtual memory requested, 0 released, 1722499072 free
2025-03-31T17:17:25.176+0700 [DEBUG] [org.gradle.process.internal.health.memory.DefaultMemoryManager] 2348528844 virtual memory requested, 1778999296 free
2025-03-31T17:17:25.176+0700 [DEBUG] [org.gradle.workers.internal.WorkerDaemonExpiration] Will attempt to release 2239 of memory
2025-03-31T17:17:25.176+0700 [DEBUG] [org.gradle.process.internal.health.memory.DefaultMemoryManager] 2348528844 virtual memory requested, 0 released, 1778999296 free
2025-03-31T17:17:26.183+0700 [DEBUG] [org.gradle.internal.watch.vfs.impl.WatchingVirtualFileSystem] Handling VFS change MODIFIED C:\Users\Administrator\AndroidStudioProjects\PrescriptionManagementApp\app\src\main\AndroidManifest.xml
2025-03-31T17:17:26.208+0700 [DEBUG] [org.gradle.internal.remote.internal.inet.TcpIncomingConnector] Accepted connection from /127.0.0.1:50449 to /127.0.0.1:49415.
2025-03-31T17:17:26.212+0700 [DEBUG] [org.gradle.launcher.daemon.server.SynchronizedDispatchConnection] thread 1214: received class org.gradle.launcher.daemon.protocol.Build
2025-03-31T17:17:26.212+0700 [DEBUG] [org.gradle.launcher.daemon.server.DefaultDaemonConnection] thread 1214: Received non-IO message from client: Build{id=dd0b0549-2007-4e68-a0be-1a967167cddf, currentDir=C:\Users\Administrator\AndroidStudioProjects\PrescriptionManagementApp}
2025-03-31T17:17:26.213+0700 [INFO] [org.gradle.launcher.daemon.server.DefaultIncomingConnectionHandler] Received command: Build{id=dd0b0549-2007-4e68-a0be-1a967167cddf, currentDir=C:\Users\Administrator\AndroidStudioProjects\PrescriptionManagementApp}.
2025-03-31T17:17:26.213+0700 [DEBUG] [org.gradle.launcher.daemon.server.DefaultIncomingConnectionHandler] Starting executing command: Build{id=dd0b0549-2007-4e68-a0be-1a967167cddf, currentDir=C:\Users\Administrator\AndroidStudioProjects\PrescriptionManagementApp} with connection: socket connection from /127.0.0.1:49415 to /127.0.0.1:50449.
2025-03-31T17:17:26.213+0700 [DEBUG] [org.gradle.launcher.daemon.server.DaemonStateCoordinator] Command execution: started DaemonCommandExecution[command = Build{id=dd0b0549-2007-4e68-a0be-1a967167cddf, currentDir=C:\Users\Administrator\AndroidStudioProjects\PrescriptionManagementApp}, connection = DefaultDaemonConnection: socket connection from /127.0.0.1:49415 to /127.0.0.1:50449] after 3.24075 minutes of idle
2025-03-31T17:17:26.213+0700 [INFO] [org.gradle.launcher.daemon.server.DaemonRegistryUpdater] Marking the daemon as busy, address: [43fc7997-7880-43e7-bdf2-38e43675e797 port:49415, addresses:[localhost/127.0.0.1]]
2025-03-31T17:17:26.213+0700 [DEBUG] [org.gradle.launcher.daemon.registry.PersistentDaemonRegistry] Marking busy by address: [43fc7997-7880-43e7-bdf2-38e43675e797 port:49415, addresses:[localhost/127.0.0.1]]
2025-03-31T17:17:26.214+0700 [DEBUG] [org.gradle.cache.internal.DefaultFileLockManager] Waiting to acquire exclusive lock on daemon addresses registry.
2025-03-31T17:17:26.214+0700 [DEBUG] [org.gradle.cache.internal.DefaultFileLockManager] Lock acquired on daemon addresses registry.
2025-03-31T17:17:26.215+0700 [DEBUG] [org.gradle.cache.internal.DefaultFileLockManager] Releasing lock on daemon addresses registry.
2025-03-31T17:17:26.216+0700 [DEBUG] [org.gradle.launcher.daemon.server.DaemonStateCoordinator] resetting idle timer
2025-03-31T17:17:26.216+0700 [DEBUG] [org.gradle.launcher.daemon.server.DaemonStateCoordinator] daemon is running. Sleeping until state changes.
2025-03-31T17:17:26.216+0700 [INFO] [org.gradle.launcher.daemon.server.exec.StartBuildOrRespondWithBusy] Daemon is about to start building Build{id=dd0b0549-2007-4e68-a0be-1a967167cddf, currentDir=C:\Users\Administrator\AndroidStudioProjects\PrescriptionManagementApp}. Dispatching build started information...
2025-03-31T17:17:26.217+0700 [DEBUG] [org.gradle.launcher.daemon.server.SynchronizedDispatchConnection] thread 1216: dispatching org.gradle.launcher.daemon.protocol.BuildStarted@6a4a2164
2025-03-31T17:17:26.217+0700 [DEBUG] [org.gradle.launcher.daemon.server.exec.EstablishBuildEnvironment] Configuring env variables: [USERDOMAIN_ROAMINGPROFILE, LOCALAPPDATA, PROCESSOR_LEVEL, USERDOMAIN, LOGONSERVER, FPS_BROWSER_APP_PROFILE_STRING, SESSIONNAME, ALLUSERSPROFILE, PROCESSOR_ARCHITECTURE, PSModulePath, SystemDrive, EFC_3896, OneDrive, MAVEN_HOME, APPDATA, NODEJS, USERNAME, ProgramFiles(x86), CommonProgramFiles, Path, FPS_BROWSER_USER_PROFILE_STRING, PATHEXT, DriverData, OS, COMPUTERNAME, PROCESSOR_REVISION, CommonProgramW6432, ComSpec, ProgramData, ProgramW6432, TEMP, HOMEPATH, SystemRoot, PROCESSOR_IDENTIFIER, HOMEDRIVE, USERPROFILE, TMP, CommonProgramFiles(x86), ProgramFiles, PUBLIC, windir, NUMBER_OF_PROCESSORS, Java17, =::]
2025-03-31T17:17:26.218+0700 [DEBUG] [org.gradle.launcher.daemon.server.exec.LogToClient] About to start relaying all logs to the client via the connection.
2025-03-31T17:17:26.218+0700 [INFO] [org.gradle.launcher.daemon.server.exec.LogToClient] The client will now receive all logging from the daemon (pid: 26596). The daemon log file: C:\Users\Administrator\AndroidStudioProjects\PrescriptionManagementApp\daemon\8.10.2\daemon-26596.out.log
2025-03-31T17:17:26.219+0700 [INFO] [org.gradle.launcher.daemon.server.exec.LogAndCheckHealth] Starting 11th build in daemon [uptime: 13 mins 17.115 secs, performance: 99%, GC rate: 0.00/s, heap usage: 0% of 2 GiB]
2025-03-31T17:17:26.219+0700 [DEBUG] [org.gradle.launcher.daemon.server.exec.ExecuteBuild] The daemon has started executing the build.
2025-03-31T17:17:26.219+0700 [DEBUG] [org.gradle.launcher.daemon.server.exec.ExecuteBuild] Executing build with daemon context: DefaultDaemonContext[uid=a97743ed-cf6e-403d-8d1a-163ae677a089,javaHome=C:\Program Files\Android\Android Studio\jbr,javaVersion=21,javaVendor=JetBrains s.r.o.,daemonRegistryDir=C:\Users\Administrator\AndroidStudioProjects\PrescriptionManagementApp\daemon,pid=26596,idleTimeout=10800000,priority=NORMAL,applyInstrumentationAgent=true,nativeServicesMode=ENABLED,daemonOpts=--add-opens=java.base/java.util=ALL-UNNAMED,--add-opens=java.base/java.lang=ALL-UNNAMED,--add-opens=java.base/java.lang.invoke=ALL-UNNAMED,--add-opens=java.prefs/java.util.prefs=ALL-UNNAMED,--add-exports=jdk.compiler/com.sun.tools.javac.api=ALL-UNNAMED,--add-exports=jdk.compiler/com.sun.tools.javac.util=ALL-UNNAMED,--add-opens=java.base/java.nio.charset=ALL-UNNAMED,--add-opens=java.base/java.net=ALL-UNNAMED,--add-opens=java.base/java.util.concurrent.atomic=ALL-UNNAMED,-Xmx2048m,-Dfile.encoding=UTF-8,-Duser.country=US,-Duser.language=en,-Duser.variant]

BUILD SUCCESSFUL in 1s
31 actionable tasks: 5 executed, 26 up-to-date
2025-03-31T17:17:27.524+0700 [DEBUG] [org.gradle.launcher.daemon.server.exec.ExecuteBuild] The daemon has finished executing the build.
2025-03-31T17:17:27.540+0700 [DEBUG] [org.gradle.launcher.daemon.server.DaemonStateCoordinator] daemon is running. Sleeping until state changes.
2025-03-31T17:17:27.540+0700 [DEBUG] [org.gradle.launcher.daemon.server.DaemonStateCoordinator] Command execution: finished waiting for DaemonCommandExecution[command = Build{id=dd0b0549-2007-4e68-a0be-1a967167cddf, currentDir=C:\Users\Administrator\AndroidStudioProjects\PrescriptionManagementApp}, connection = DefaultDaemonConnection: socket connection from /127.0.0.1:49415 to /127.0.0.1:50449]. Result org.gradle.launcher.daemon.server.DaemonStateCoordinator@4abb80ca with state Busy
2025-03-31T17:17:27.540+0700 [DEBUG] [org.gradle.launcher.daemon.server.DaemonStateCoordinator] Command execution: completed DaemonCommandExecution[command = Build{id=dd0b0549-2007-4e68-a0be-1a967167cddf, currentDir=C:\Users\Administrator\AndroidStudioProjects\PrescriptionManagementApp}, connection = DefaultDaemonConnection: socket connection from /127.0.0.1:49415 to /127.0.0.1:50449]
2025-03-31T17:17:27.540+0700 [DEBUG] [org.gradle.launcher.daemon.server.DaemonStateCoordinator] resetting idle timer
2025-03-31T17:17:27.540+0700 [INFO] [org.gradle.launcher.daemon.server.DaemonRegistryUpdater] Marking the daemon as idle, address: [43fc7997-7880-43e7-bdf2-38e43675e797 port:49415, addresses:[localhost/127.0.0.1]]
2025-03-31T17:17:27.540+0700 [DEBUG] [org.gradle.launcher.daemon.registry.PersistentDaemonRegistry] Marking busy by address: [43fc7997-7880-43e7-bdf2-38e43675e797 port:49415, addresses:[localhost/127.0.0.1]]
2025-03-31T17:17:27.541+0700 [DEBUG] [org.gradle.cache.internal.DefaultFileLockManager] Waiting to acquire exclusive lock on daemon addresses registry.
2025-03-31T17:17:27.541+0700 [DEBUG] [org.gradle.cache.internal.DefaultFileLockManager] Lock acquired on daemon addresses registry.
2025-03-31T17:17:27.542+0700 [DEBUG] [org.gradle.cache.internal.DefaultFileLockManager] Releasing lock on daemon addresses registry.
2025-03-31T17:17:27.543+0700 [DEBUG] [org.gradle.launcher.daemon.server.DaemonStateCoordinator] daemon is running. Sleeping until state changes.
2025-03-31T17:17:27.543+0700 [DEBUG] [org.gradle.launcher.daemon.server.exec.ReturnResult] Daemon is dispatching the build result: Success[value=org.gradle.launcher.exec.BuildActionResult@60176b0c]
2025-03-31T17:17:27.543+0700 [DEBUG] [org.gradle.launcher.daemon.server.SynchronizedDispatchConnection] thread 1213: dispatching Success[value=org.gradle.launcher.exec.BuildActionResult@60176b0c]
2025-03-31T17:17:27.543+0700 [DEBUG] [org.gradle.launcher.daemon.server.DefaultIncomingConnectionHandler] Finishing executing command: Build{id=dd0b0549-2007-4e68-a0be-1a967167cddf, currentDir=C:\Users\Administrator\AndroidStudioProjects\PrescriptionManagementApp}
2025-03-31T17:17:27.543+0700 [DEBUG] [org.gradle.launcher.daemon.server.exec.CleanUpVirtualFileSystemAfterBuild] Cleaning virtual file system after build finished
2025-03-31T17:17:27.543+0700 [DEBUG] [org.gradle.launcher.daemon.server.SynchronizedDispatchConnection] thread 1214: received class org.gradle.launcher.daemon.protocol.CloseInput
2025-03-31T17:17:27.544+0700 [DEBUG] [org.gradle.launcher.daemon.server.DefaultDaemonConnection] thread 1214: Received IO message from client: org.gradle.launcher.daemon.protocol.CloseInput@3bc67482
2025-03-31T17:17:27.544+0700 [DEBUG] [org.gradle.launcher.daemon.server.SynchronizedDispatchConnection] thread 1214: received class org.gradle.launcher.daemon.protocol.Finished
2025-03-31T17:17:27.544+0700 [DEBUG] [org.gradle.launcher.daemon.server.DefaultDaemonConnection] thread 1214: Received non-IO message from client: org.gradle.launcher.daemon.protocol.Finished@35018d8a
2025-03-31T17:17:27.544+0700 [DEBUG] [org.gradle.launcher.daemon.server.DefaultIncomingConnectionHandler] Received finished message: org.gradle.launcher.daemon.protocol.Finished@35018d8a
2025-03-31T17:17:27.544+0700 [DEBUG] [org.gradle.launcher.daemon.server.SynchronizedDispatchConnection] thread 1213: stopping connection
2025-03-31T17:17:27.544+0700 [DEBUG] [org.gradle.internal.remote.internal.inet.SocketConnection] Discarding EOFException: java.io.EOFException
2025-03-31T17:17:27.544+0700 [DEBUG] [org.gradle.launcher.daemon.server.SynchronizedDispatchConnection] thread 1214: received null
2025-03-31T17:17:27.544+0700 [DEBUG] [org.gradle.launcher.daemon.server.DefaultDaemonConnection] thread 1214: Received end-of-input from client.
2025-03-31T17:17:27.545+0700 [DEBUG] [org.gradle.launcher.daemon.server.SynchronizedDispatchConnection] thread 1213: stopping connection
2025-03-31T17:17:29.345+0700 [DEBUG] [org.gradle.cache.internal.DefaultFileLockManager] Waiting to acquire shared lock on daemon addresses registry.
2025-03-31T17:17:29.345+0700 [DEBUG] [org.gradle.cache.internal.DefaultFileLockManager] Lock acquired on daemon addresses registry.
2025-03-31T17:17:29.346+0700 [DEBUG] [org.gradle.cache.internal.DefaultFileLockManager] Releasing lock on daemon addresses registry.
2025-03-31T17:17:29.349+0700 [DEBUG] [org.gradle.cache.internal.DefaultFileLockManager] Waiting to acquire shared lock on daemon addresses registry.
2025-03-31T17:17:29.350+0700 [DEBUG] [org.gradle.cache.internal.DefaultFileLockManager] Lock acquired on daemon addresses registry.
2025-03-31T17:17:29.351+0700 [DEBUG] [org.gradle.cache.internal.DefaultFileLockManager] Releasing lock on daemon addresses registry.
2025-03-31T17:17:30.167+0700 [DEBUG] [org.gradle.process.internal.health.memory.DefaultMemoryManager] 2348528844 virtual memory requested, 1528094720 free
2025-03-31T17:17:30.167+0700 [DEBUG] [org.gradle.workers.internal.WorkerDaemonExpiration] Will attempt to release 2239 of memory
2025-03-31T17:17:30.167+0700 [DEBUG] [org.gradle.process.internal.health.memory.DefaultMemoryManager] 2348528844 virtual memory requested, 0 released, 1528094720 free
2025-03-31T17:17:35.174+0700 [DEBUG] [org.gradle.process.internal.health.memory.DefaultMemoryManager] 2348528844 virtual memory requested, 1575923712 free
2025-03-31T17:17:35.174+0700 [DEBUG] [org.gradle.workers.internal.WorkerDaemonExpiration] Will attempt to release 2239 of memory
2025-03-31T17:17:35.174+0700 [DEBUG] [org.gradle.process.internal.health.memory.DefaultMemoryManager] 2348528844 virtual memory requested, 0 released, 1575923712 free
2025-03-31T17:17:39.346+0700 [DEBUG] [org.gradle.cache.internal.DefaultFileLockManager] Waiting to acquire shared lock on daemon addresses registry.
2025-03-31T17:17:39.346+0700 [DEBUG] [org.gradle.cache.internal.DefaultFileLockManager] Lock acquired on daemon addresses registry.
2025-03-31T17:17:39.346+0700 [DEBUG] [org.gradle.cache.internal.DefaultFileLockManager] Releasing lock on daemon addresses registry.
2025-03-31T17:17:39.347+0700 [DEBUG] [org.gradle.cache.internal.DefaultFileLockManager] Waiting to acquire shared lock on daemon addresses registry.
2025-03-31T17:17:39.347+0700 [DEBUG] [org.gradle.cache.internal.DefaultFileLockManager] Lock acquired on daemon addresses registry.
2025-03-31T17:17:39.348+0700 [DEBUG] [org.gradle.cache.internal.DefaultFileLockManager] Releasing lock on daemon addresses registry.
2025-03-31T17:17:39.348+0700 [DEBUG] [org.gradle.cache.internal.DefaultFileLockManager] Waiting to acquire shared lock on daemon addresses registry.
2025-03-31T17:17:39.348+0700 [DEBUG] [org.gradle.cache.internal.DefaultFileLockManager] Lock acquired on daemon addresses registry.
2025-03-31T17:17:39.349+0700 [DEBUG] [org.gradle.cache.internal.DefaultFileLockManager] Releasing lock on daemon addresses registry.
2025-03-31T17:17:40.169+0700 [DEBUG] [org.gradle.process.internal.health.memory.DefaultMemoryManager] 2348528844 virtual memory requested, 1584173056 free
2025-03-31T17:17:40.169+0700 [DEBUG] [org.gradle.workers.internal.WorkerDaemonExpiration] Will attempt to release 2239 of memory
2025-03-31T17:17:40.169+0700 [DEBUG] [org.gradle.process.internal.health.memory.DefaultMemoryManager] 2348528844 virtual memory requested, 0 released, 1584173056 free
2025-03-31T17:17:45.177+0700 [DEBUG] [org.gradle.process.internal.health.memory.DefaultMemoryManager] 2348528844 virtual memory requested, 1632292864 free
2025-03-31T17:17:45.177+0700 [DEBUG] [org.gradle.workers.internal.WorkerDaemonExpiration] Will attempt to release 2239 of memory
2025-03-31T17:17:45.177+0700 [DEBUG] [org.gradle.process.internal.health.memory.DefaultMemoryManager] 2348528844 virtual memory requested, 0 released, 1632292864 free
2025-03-31T17:17:49.339+0700 [DEBUG] [org.gradle.cache.internal.DefaultFileLockManager] Waiting to acquire shared lock on daemon addresses registry.
2025-03-31T17:17:49.340+0700 [DEBUG] [org.gradle.cache.internal.DefaultFileLockManager] Lock acquired on daemon addresses registry.
2025-03-31T17:17:49.340+0700 [DEBUG] [org.gradle.cache.internal.DefaultFileLockManager] Releasing lock on daemon addresses registry.
2025-03-31T17:17:49.341+0700 [DEBUG] [org.gradle.cache.internal.DefaultFileLockManager] Waiting to acquire shared lock on daemon addresses registry.
2025-03-31T17:17:49.341+0700 [DEBUG] [org.gradle.cache.internal.DefaultFileLockManager] Lock acquired on daemon addresses registry.
2025-03-31T17:17:49.341+0700 [DEBUG] [org.gradle.cache.internal.DefaultFileLockManager] Releasing lock on daemon addresses registry.
2025-03-31T17:17:49.341+0700 [DEBUG] [org.gradle.cache.internal.DefaultFileLockManager] Waiting to acquire shared lock on daemon addresses registry.
2025-03-31T17:17:49.341+0700 [DEBUG] [org.gradle.cache.internal.DefaultFileLockManager] Lock acquired on daemon addresses registry.
2025-03-31T17:17:49.342+0700 [DEBUG] [org.gradle.cache.internal.DefaultFileLockManager] Releasing lock on daemon addresses registry.
2025-03-31T17:17:50.178+0700 [DEBUG] [org.gradle.process.internal.health.memory.DefaultMemoryManager] 2348528844 virtual memory requested, 1613852672 free
2025-03-31T17:17:50.178+0700 [DEBUG] [org.gradle.workers.internal.WorkerDaemonExpiration] Will attempt to release 2239 of memory
2025-03-31T17:17:50.178+0700 [DEBUG] [org.gradle.process.internal.health.memory.DefaultMemoryManager] 2348528844 virtual memory requested, 0 released, 1613852672 free
2025-03-31T17:17:55.166+0700 [DEBUG] [org.gradle.process.internal.health.memory.DefaultMemoryManager] 2348528844 virtual memory requested, 1651560448 free
2025-03-31T17:17:55.166+0700 [DEBUG] [org.gradle.workers.internal.WorkerDaemonExpiration] Will attempt to release 2239 of memory
2025-03-31T17:17:55.166+0700 [DEBUG] [org.gradle.process.internal.health.memory.DefaultMemoryManager] 2348528844 virtual memory requested, 0 released, 1651560448 free
2025-03-31T17:17:59.332+0700 [DEBUG] [org.gradle.cache.internal.DefaultFileLockManager] Waiting to acquire shared lock on daemon addresses registry.
2025-03-31T17:17:59.333+0700 [DEBUG] [org.gradle.cache.internal.DefaultFileLockManager] Lock acquired on daemon addresses registry.
2025-03-31T17:17:59.333+0700 [DEBUG] [org.gradle.cache.internal.DefaultFileLockManager] Releasing lock on daemon addresses registry.
2025-03-31T17:17:59.334+0700 [DEBUG] [org.gradle.cache.internal.DefaultFileLockManager] Waiting to acquire shared lock on daemon addresses registry.
2025-03-31T17:17:59.334+0700 [DEBUG] [org.gradle.cache.internal.DefaultFileLockManager] Lock acquired on daemon addresses registry.
2025-03-31T17:17:59.335+0700 [DEBUG] [org.gradle.cache.internal.DefaultFileLockManager] Releasing lock on daemon addresses registry.
2025-03-31T17:17:59.336+0700 [DEBUG] [org.gradle.cache.internal.DefaultFileLockManager] Waiting to acquire shared lock on daemon addresses registry.
2025-03-31T17:17:59.336+0700 [DEBUG] [org.gradle.cache.internal.DefaultFileLockManager] Lock acquired on daemon addresses registry.
2025-03-31T17:17:59.336+0700 [DEBUG] [org.gradle.cache.internal.DefaultFileLockManager] Releasing lock on daemon addresses registry.
2025-03-31T17:18:00.173+0700 [DEBUG] [org.gradle.process.internal.health.memory.DefaultMemoryManager] 2348528844 virtual memory requested, 1600487424 free
2025-03-31T17:18:00.173+0700 [DEBUG] [org.gradle.workers.internal.WorkerDaemonExpiration] Will attempt to release 2239 of memory
2025-03-31T17:18:00.173+0700 [DEBUG] [org.gradle.process.internal.health.memory.DefaultMemoryManager] 2348528844 virtual memory requested, 0 released, 1600487424 free
2025-03-31T17:18:05.171+0700 [DEBUG] [org.gradle.process.internal.health.memory.DefaultMemoryManager] 2348528844 virtual memory requested, 1694572544 free
2025-03-31T17:18:05.171+0700 [DEBUG] [org.gradle.workers.internal.WorkerDaemonExpiration] Will attempt to release 2239 of memory
2025-03-31T17:18:05.171+0700 [DEBUG] [org.gradle.process.internal.health.memory.DefaultMemoryManager] 2348528844 virtual memory requested, 0 released, 1694572544 free
2025-03-31T17:18:09.340+0700 [DEBUG] [org.gradle.cache.internal.DefaultFileLockManager] Waiting to acquire shared lock on daemon addresses registry.
2025-03-31T17:18:09.340+0700 [DEBUG] [org.gradle.cache.internal.DefaultFileLockManager] Lock acquired on daemon addresses registry.
2025-03-31T17:18:09.341+0700 [DEBUG] [org.gradle.cache.internal.DefaultFileLockManager] Releasing lock on daemon addresses registry.
2025-03-31T17:18:09.342+0700 [DEBUG] [org.gradle.cache.internal.DefaultFileLockManager] Waiting to acquire shared lock on daemon addresses registry.
2025-03-31T17:18:09.342+0700 [DEBUG] [org.gradle.cache.internal.DefaultFileLockManager] Lock acquired on daemon addresses registry.
2025-03-31T17:18:09.342+0700 [DEBUG] [org.gradle.cache.internal.DefaultFileLockManager] Releasing lock on daemon addresses registry.
2025-03-31T17:18:09.342+0700 [DEBUG] [org.gradle.cache.internal.DefaultFileLockManager] Waiting to acquire shared lock on daemon addresses registry.
2025-03-31T17:18:09.343+0700 [DEBUG] [org.gradle.cache.internal.DefaultFileLockManager] Lock acquired on daemon addresses registry.
2025-03-31T17:18:09.343+0700 [DEBUG] [org.gradle.cache.internal.DefaultFileLockManager] Releasing lock on daemon addresses registry.
2025-03-31T17:18:10.169+0700 [DEBUG] [org.gradle.process.internal.health.memory.DefaultMemoryManager] 2348528844 virtual memory requested, 1637961728 free
2025-03-31T17:18:10.169+0700 [DEBUG] [org.gradle.workers.internal.WorkerDaemonExpiration] Will attempt to release 2239 of memory
2025-03-31T17:18:10.169+0700 [DEBUG] [org.gradle.process.internal.health.memory.DefaultMemoryManager] 2348528844 virtual memory requested, 0 released, 1637961728 free
2025-03-31T17:18:13.696+0700 [DEBUG] [org.gradle.internal.remote.internal.inet.TcpIncomingConnector] Accepted connection from /127.0.0.1:50507 to /127.0.0.1:49415.
2025-03-31T17:18:13.700+0700 [DEBUG] [org.gradle.launcher.daemon.server.SynchronizedDispatchConnection] thread 1320: received class org.gradle.launcher.daemon.protocol.StopWhenIdle
2025-03-31T17:18:13.700+0700 [DEBUG] [org.gradle.launcher.daemon.server.DefaultDaemonConnection] thread 1320: Received non-IO message from client: StopWhenIdle[id=3557e5a9-f49b-4cd4-831b-b8fefb0a1f79]
2025-03-31T17:18:13.700+0700 [INFO] [org.gradle.launcher.daemon.server.DefaultIncomingConnectionHandler] Received command: StopWhenIdle[id=3557e5a9-f49b-4cd4-831b-b8fefb0a1f79].
2025-03-31T17:18:13.700+0700 [DEBUG] [org.gradle.launcher.daemon.server.DefaultIncomingConnectionHandler] Starting executing command: StopWhenIdle[id=3557e5a9-f49b-4cd4-831b-b8fefb0a1f79] with connection: socket connection from /127.0.0.1:49415 to /127.0.0.1:50507.
2025-03-31T17:18:13.701+0700 [DEBUG] [org.gradle.launcher.daemon.server.DaemonRegistryUpdater] Storing daemon stop event: stop command received
2025-03-31T17:18:13.701+0700 [DEBUG] [org.gradle.launcher.daemon.registry.PersistentDaemonRegistry] Storing daemon stop event with timestamp 1743416293701
2025-03-31T17:18:13.702+0700 [DEBUG] [org.gradle.cache.internal.DefaultFileLockManager] Waiting to acquire exclusive lock on daemon addresses registry.
2025-03-31T17:18:13.703+0700 [DEBUG] [org.gradle.cache.internal.DefaultFileLockManager] Lock acquired on daemon addresses registry.
2025-03-31T17:18:13.704+0700 [DEBUG] [org.gradle.cache.internal.DefaultFileLockManager] Releasing lock on daemon addresses registry.
2025-03-31T17:18:13.704+0700 [LIFECYCLE] [org.gradle.launcher.daemon.server.DaemonStateCoordinator] Daemon will be stopped at the end of the build stop command received
2025-03-31T17:18:13.704+0700 [DEBUG] [org.gradle.launcher.daemon.server.DaemonStateCoordinator] Marking daemon stopped due to stop command received. The daemon is not running a build
2025-03-31T17:18:13.705+0700 [DEBUG] [org.gradle.launcher.daemon.server.DaemonStateCoordinator] daemon has stopped.
2025-03-31T17:18:13.705+0700 [DEBUG] [org.gradle.launcher.daemon.server.SynchronizedDispatchConnection] thread 1213: dispatching Success[value=null]
2025-03-31T17:18:13.705+0700 [DEBUG] [org.gradle.launcher.daemon.server.DefaultIncomingConnectionHandler] Finishing executing command: StopWhenIdle[id=3557e5a9-f49b-4cd4-831b-b8fefb0a1f79]
2025-03-31T17:18:13.705+0700 [DEBUG] [org.gradle.launcher.daemon.server.SynchronizedDispatchConnection] thread 1320: received class org.gradle.launcher.daemon.protocol.Finished
2025-03-31T17:18:13.705+0700 [DEBUG] [org.gradle.launcher.daemon.server.DefaultDaemonConnection] thread 1320: Received non-IO message from client: org.gradle.launcher.daemon.protocol.Finished@b7d1b31
2025-03-31T17:18:13.705+0700 [DEBUG] [org.gradle.launcher.daemon.server.DefaultIncomingConnectionHandler] Received finished message: org.gradle.launcher.daemon.protocol.Finished@b7d1b31
2025-03-31T17:18:13.705+0700 [DEBUG] [org.gradle.launcher.daemon.server.SynchronizedDispatchConnection] thread 1213: stopping connection
2025-03-31T17:18:13.706+0700 [DEBUG] [org.gradle.launcher.daemon.server.Daemon] stop() called on daemon
2025-03-31T17:18:13.706+0700 [INFO] [org.gradle.launcher.daemon.server.Daemon] Stop requested. Daemon is removing its presence from the registry...
2025-03-31T17:18:13.706+0700 [DEBUG] [org.gradle.internal.remote.internal.inet.SocketConnection] Discarding EOFException: java.io.EOFException
2025-03-31T17:18:13.706+0700 [DEBUG] [org.gradle.launcher.daemon.server.SynchronizedDispatchConnection] thread 1320: received null
2025-03-31T17:18:13.706+0700 [DEBUG] [org.gradle.launcher.daemon.server.DaemonRegistryUpdater] Removing our presence to clients, eg. removing this address from the registry: [43fc7997-7880-43e7-bdf2-38e43675e797 port:49415, addresses:[localhost/127.0.0.1]]
2025-03-31T17:18:13.706+0700 [DEBUG] [org.gradle.launcher.daemon.server.DefaultDaemonConnection] thread 1320: Received end-of-input from client.
2025-03-31T17:18:13.706+0700 [DEBUG] [org.gradle.launcher.daemon.registry.PersistentDaemonRegistry] Removing daemon address: [43fc7997-7880-43e7-bdf2-38e43675e797 port:49415, addresses:[localhost/127.0.0.1]]
2025-03-31T17:18:13.706+0700 [DEBUG] [org.gradle.launcher.daemon.server.SynchronizedDispatchConnection] thread 1213: stopping connection
2025-03-31T17:18:13.708+0700 [DEBUG] [org.gradle.cache.internal.DefaultFileLockManager] Waiting to acquire exclusive lock on daemon addresses registry.
2025-03-31T17:18:13.708+0700 [DEBUG] [org.gradle.cache.internal.DefaultFileLockManager] Lock acquired on daemon addresses registry.
2025-03-31T17:18:13.710+0700 [DEBUG] [org.gradle.cache.internal.DefaultFileLockManager] Releasing lock on daemon addresses registry.
2025-03-31T17:18:13.710+0700 [DEBUG] [org.gradle.launcher.daemon.server.DaemonRegistryUpdater] Address removed from registry.
2025-03-31T17:18:13.716+0700 [DEBUG] [org.gradle.cache.internal.LockOnDemandCrossProcessCacheAccess] Releasing file lock for jars (C:\Users\Administrator\AndroidStudioProjects\PrescriptionManagementApp\caches\jars-9)
2025-03-31T17:18:13.716+0700 [DEBUG] [org.gradle.cache.internal.DefaultFileLockManager] Releasing lock on jars (C:\Users\Administrator\AndroidStudioProjects\PrescriptionManagementApp\caches\jars-9).
2025-03-31T17:18:13.717+0700 [DEBUG] [org.gradle.cache.internal.DefaultCacheCleanupExecutor] jars (C:\Users\Administrator\AndroidStudioProjects\PrescriptionManagementApp\caches\jars-9) has last been fully cleaned up 18 hours ago
2025-03-31T17:18:13.717+0700 [DEBUG] [org.gradle.cache.internal.DefaultCacheCleanupExecutor] Skipping cleanup for jars (C:\Users\Administrator\AndroidStudioProjects\PrescriptionManagementApp\caches\jars-9) as it is not yet due
2025-03-31T17:18:13.717+0700 [DEBUG] [org.gradle.cache.internal.LockOnDemandCrossProcessCacheAccess] Releasing file lock for file content cache (C:\Users\Administrator\AndroidStudioProjects\PrescriptionManagementApp\caches\8.10.2\fileContent)
2025-03-31T17:18:13.717+0700 [DEBUG] [org.gradle.cache.internal.DefaultFileLockManager] Releasing lock on file content cache (C:\Users\Administrator\AndroidStudioProjects\PrescriptionManagementApp\caches\8.10.2\fileContent).
2025-03-31T17:18:13.718+0700 [DEBUG] [org.gradle.internal.watch.vfs.impl.WatchingVirtualFileSystem] Closing VFS, dropping state
2025-03-31T17:18:13.719+0700 [DEBUG] [org.gradle.cache.internal.LockOnDemandCrossProcessCacheAccess] Releasing file lock for Generated Gradle JARs cache (C:\Users\Administrator\AndroidStudioProjects\PrescriptionManagementApp\caches\8.10.2\generated-gradle-jars)
2025-03-31T17:18:13.719+0700 [DEBUG] [org.gradle.internal.watch.registry.impl.DefaultFileWatcherRegistry] Finished listening to file system change events
2025-03-31T17:18:13.719+0700 [DEBUG] [org.gradle.cache.internal.DefaultFileLockManager] Releasing lock on Generated Gradle JARs cache (C:\Users\Administrator\AndroidStudioProjects\PrescriptionManagementApp\caches\8.10.2\generated-gradle-jars).
2025-03-31T17:18:13.720+0700 [DEBUG] [org.gradle.cache.internal.LockOnDemandCrossProcessCacheAccess] Releasing file lock for artifact cache (C:\Users\Administrator\AndroidStudioProjects\PrescriptionManagementApp\caches\modules-2)
2025-03-31T17:18:13.720+0700 [DEBUG] [org.gradle.cache.internal.btree.BTreePersistentIndexedCache] Closing cache module-artifact.bin (C:\Users\Administrator\AndroidStudioProjects\PrescriptionManagementApp\caches\modules-2\metadata-2.106\module-artifact.bin)
2025-03-31T17:18:13.720+0700 [DEBUG] [org.gradle.cache.internal.btree.BTreePersistentIndexedCache] Closing cache module-metadata.bin (C:\Users\Administrator\AndroidStudioProjects\PrescriptionManagementApp\caches\modules-2\metadata-2.106\module-metadata.bin)
2025-03-31T17:18:13.720+0700 [DEBUG] [org.gradle.cache.internal.btree.BTreePersistentIndexedCache] Closing cache module-artifacts.bin (C:\Users\Administrator\AndroidStudioProjects\PrescriptionManagementApp\caches\modules-2\metadata-2.106\module-artifacts.bin)
2025-03-31T17:18:13.720+0700 [DEBUG] [org.gradle.cache.internal.DefaultFileLockManager] Releasing lock on artifact cache (C:\Users\Administrator\AndroidStudioProjects\PrescriptionManagementApp\caches\modules-2).
2025-03-31T17:18:13.721+0700 [DEBUG] [org.gradle.cache.internal.DefaultCacheCleanupExecutor] artifact cache (C:\Users\Administrator\AndroidStudioProjects\PrescriptionManagementApp\caches\modules-2) has last been fully cleaned up 18 hours ago
2025-03-31T17:18:13.721+0700 [DEBUG] [org.gradle.cache.internal.DefaultCacheCleanupExecutor] Skipping cleanup for artifact cache (C:\Users\Administrator\AndroidStudioProjects\PrescriptionManagementApp\caches\modules-2) as it is not yet due
2025-03-31T17:18:13.721+0700 [DEBUG] [org.gradle.cache.internal.DefaultCacheCleanupExecutor] groovy-dsl (C:\Users\Administrator\AndroidStudioProjects\PrescriptionManagementApp\caches\8.10.2\groovy-dsl) has last been fully cleaned up 18 hours ago
2025-03-31T17:18:13.721+0700 [DEBUG] [org.gradle.cache.internal.DefaultCacheCleanupExecutor] Skipping cleanup for groovy-dsl (C:\Users\Administrator\AndroidStudioProjects\PrescriptionManagementApp\caches\8.10.2\groovy-dsl) as it is not yet due
2025-03-31T17:18:13.721+0700 [DEBUG] [org.gradle.cache.internal.DefaultCacheCoordinator] Cache groovy-dsl (C:\Users\Administrator\AndroidStudioProjects\PrescriptionManagementApp\caches\8.10.2\groovy-dsl) was closed 0 times.
2025-03-31T17:18:13.721+0700 [DEBUG] [org.gradle.cache.internal.DefaultCacheCleanupExecutor] Artifact transforms cache (C:\Users\Administrator\AndroidStudioProjects\PrescriptionManagementApp\caches\8.10.2\transforms) has last been fully cleaned up 18 hours ago
2025-03-31T17:18:13.721+0700 [DEBUG] [org.gradle.cache.internal.DefaultCacheCleanupExecutor] Skipping cleanup for Artifact transforms cache (C:\Users\Administrator\AndroidStudioProjects\PrescriptionManagementApp\caches\8.10.2\transforms) as it is not yet due
2025-03-31T17:18:13.722+0700 [DEBUG] [org.gradle.cache.internal.DefaultCacheCoordinator] Cache Artifact transforms cache (C:\Users\Administrator\AndroidStudioProjects\PrescriptionManagementApp\caches\8.10.2\transforms) was closed 0 times.
2025-03-31T17:18:13.722+0700 [DEBUG] [org.gradle.cache.internal.DefaultCacheCleanupExecutor] kotlin-dsl (C:\Users\Administrator\AndroidStudioProjects\PrescriptionManagementApp\caches\8.10.2\kotlin-dsl) has last been fully cleaned up 18 hours ago
2025-03-31T17:18:13.722+0700 [DEBUG] [org.gradle.cache.internal.DefaultCacheCleanupExecutor] Skipping cleanup for kotlin-dsl (C:\Users\Administrator\AndroidStudioProjects\PrescriptionManagementApp\caches\8.10.2\kotlin-dsl) as it is not yet due
2025-03-31T17:18:13.722+0700 [DEBUG] [org.gradle.cache.internal.DefaultCacheCoordinator] Cache kotlin-dsl (C:\Users\Administrator\AndroidStudioProjects\PrescriptionManagementApp\caches\8.10.2\kotlin-dsl) was closed 0 times.
2025-03-31T17:18:13.722+0700 [DEBUG] [org.gradle.cache.internal.LockOnDemandCrossProcessCacheAccess] Releasing file lock for journal cache (C:\Users\Administrator\AndroidStudioProjects\PrescriptionManagementApp\caches\journal-1)
2025-03-31T17:18:13.722+0700 [DEBUG] [org.gradle.cache.internal.btree.BTreePersistentIndexedCache] Closing cache file-access.bin (C:\Users\Administrator\AndroidStudioProjects\PrescriptionManagementApp\caches\journal-1\file-access.bin)
2025-03-31T17:18:13.722+0700 [DEBUG] [org.gradle.cache.internal.DefaultFileLockManager] Releasing lock on journal cache (C:\Users\Administrator\AndroidStudioProjects\PrescriptionManagementApp\caches\journal-1).
2025-03-31T17:18:13.723+0700 [DEBUG] [org.gradle.cache.internal.LockOnDemandCrossProcessCacheAccess] Releasing file lock for file hash cache (C:\Users\Administrator\AndroidStudioProjects\PrescriptionManagementApp\caches\8.10.2\fileHashes)
2025-03-31T17:18:13.724+0700 [DEBUG] [org.gradle.cache.internal.btree.BTreePersistentIndexedCache] Closing cache fileHashes.bin (C:\Users\Administrator\AndroidStudioProjects\PrescriptionManagementApp\caches\8.10.2\fileHashes\fileHashes.bin)
2025-03-31T17:18:13.724+0700 [DEBUG] [org.gradle.cache.internal.btree.BTreePersistentIndexedCache] Closing cache resourceHashesCache.bin (C:\Users\Administrator\AndroidStudioProjects\PrescriptionManagementApp\caches\8.10.2\fileHashes\resourceHashesCache.bin)
2025-03-31T17:18:13.724+0700 [DEBUG] [org.gradle.cache.internal.DefaultFileLockManager] Releasing lock on file hash cache (C:\Users\Administrator\AndroidStudioProjects\PrescriptionManagementApp\caches\8.10.2\fileHashes).
2025-03-31T17:18:13.725+0700 [DEBUG] [org.gradle.cache.internal.LockOnDemandCrossProcessCacheAccess] Releasing file lock for Java compile cache (C:\Users\Administrator\AndroidStudioProjects\PrescriptionManagementApp\caches\8.10.2\javaCompile)
2025-03-31T17:18:13.725+0700 [DEBUG] [org.gradle.cache.internal.btree.BTreePersistentIndexedCache] Closing cache jarAnalysis.bin (C:\Users\Administrator\AndroidStudioProjects\PrescriptionManagementApp\caches\8.10.2\javaCompile\jarAnalysis.bin)
2025-03-31T17:18:13.725+0700 [DEBUG] [org.gradle.cache.internal.btree.BTreePersistentIndexedCache] Closing cache classAnalysis.bin (C:\Users\Administrator\AndroidStudioProjects\PrescriptionManagementApp\caches\8.10.2\javaCompile\classAnalysis.bin)
2025-03-31T17:18:13.726+0700 [DEBUG] [org.gradle.cache.internal.DefaultFileLockManager] Releasing lock on Java compile cache (C:\Users\Administrator\AndroidStudioProjects\PrescriptionManagementApp\caches\8.10.2\javaCompile).
2025-03-31T17:18:13.727+0700 [DEBUG] [org.gradle.internal.operations.DefaultBuildOperationRunner] Build operation 'Deleting unused version-specific caches in C:\Users\Administrator\AndroidStudioProjects\PrescriptionManagementApp\caches' started
2025-03-31T17:18:13.727+0700 [DEBUG] [org.gradle.internal.operations.DefaultBuildOperationRunner] Completing Build operation 'Deleting unused version-specific caches in C:\Users\Administrator\AndroidStudioProjects\PrescriptionManagementApp\caches'
2025-03-31T17:18:13.727+0700 [DEBUG] [org.gradle.internal.operations.DefaultBuildOperationRunner] Build operation 'Deleting unused version-specific caches in C:\Users\Administrator\AndroidStudioProjects\PrescriptionManagementApp\caches' completed
2025-03-31T17:18:13.728+0700 [DEBUG] [org.gradle.launcher.daemon.server.Daemon] stop() called on daemon
2025-03-31T17:18:13.728+0700 [INFO] [org.gradle.launcher.daemon.server.Daemon] Stop requested. Daemon is removing its presence from the registry...
2025-03-31T17:18:13.728+0700 [DEBUG] [org.gradle.launcher.daemon.server.DaemonRegistryUpdater] Removing our presence to clients, eg. removing this address from the registry: [43fc7997-7880-43e7-bdf2-38e43675e797 port:49415, addresses:[localhost/127.0.0.1]]
2025-03-31T17:18:13.728+0700 [DEBUG] [org.gradle.launcher.daemon.registry.PersistentDaemonRegistry] Removing daemon address: [43fc7997-7880-43e7-bdf2-38e43675e797 port:49415, addresses:[localhost/127.0.0.1]]
2025-03-31T17:18:13.729+0700 [DEBUG] [org.gradle.cache.internal.DefaultFileLockManager] Waiting to acquire exclusive lock on daemon addresses registry.
2025-03-31T17:18:13.729+0700 [DEBUG] [org.gradle.cache.internal.DefaultFileLockManager] Lock acquired on daemon addresses registry.
2025-03-31T17:18:13.731+0700 [DEBUG] [org.gradle.cache.internal.DefaultFileLockManager] Releasing lock on daemon addresses registry.
2025-03-31T17:18:13.731+0700 [DEBUG] [org.gradle.launcher.daemon.server.DaemonRegistryUpdater] Address removed from registry.
2025-03-31T17:18:13.737+0700 [DEBUG] [org.gradle.cache.internal.locklistener.DefaultFileLockContentionHandler] File lock listener thread completed.
2025-03-31T17:18:13.739+0700 [DEBUG] [java.lang.Runtime] Runtime.exit() called with status: 0
java.lang.Throwable: Runtime.exit(0)
	at java.base/java.lang.Shutdown.logRuntimeExit(Unknown Source)
	at java.base/java.lang.Shutdown.exit(Unknown Source)
	at java.base/java.lang.Runtime.exit(Unknown Source)
	at java.base/java.lang.System.exit(Unknown Source)
	at org.gradle.launcher.bootstrap.ProcessCompleter.complete(ProcessCompleter.java:21)
	at org.gradle.launcher.bootstrap.EntryPoint.run(EntryPoint.java:61)
	at java.base/jdk.internal.reflect.DirectMethodHandleAccessor.invoke(Unknown Source)
	at java.base/java.lang.reflect.Method.invoke(Unknown Source)
	at org.gradle.launcher.bootstrap.ProcessBootstrap.runNoExit(ProcessBootstrap.java:72)
	at org.gradle.launcher.bootstrap.ProcessBootstrap.run(ProcessBootstrap.java:39)
	at org.gradle.launcher.daemon.bootstrap.GradleDaemon.main(GradleDaemon.java:22)
2025-03-31T17:18:13.740+0700 [DEBUG] [org.gradle.launcher.daemon.registry.PersistentDaemonRegistry] Removing daemon address: [43fc7997-7880-43e7-bdf2-38e43675e797 port:49415, addresses:[localhost/127.0.0.1]]Daemon vm is shutting down... The daemon has exited normally or was terminated in response to a user interrupt.

2025-03-31T17:18:13.740+0700 [DEBUG] [org.gradle.launcher.daemon.server.Daemon] VM shutdown hook was unable to remove the daemon address from the registry. It will be cleaned up later.
java.lang.IllegalStateException: Cannot start managing file contention because this handler has been closed.
	at org.gradle.cache.internal.locklistener.DefaultFileLockContentionHandler.assertNotStopped(DefaultFileLockContentionHandler.java:217)
	at org.gradle.cache.internal.locklistener.DefaultFileLockContentionHandler.getCommunicator(DefaultFileLockContentionHandler.java:260)
	at org.gradle.cache.internal.locklistener.DefaultFileLockContentionHandler.reservePort(DefaultFileLockContentionHandler.java:254)
	at org.gradle.cache.internal.DefaultFileLockManager.lock(DefaultFileLockManager.java:124)
	at org.gradle.cache.internal.DefaultFileLockManager.lock(DefaultFileLockManager.java:106)
	at org.gradle.cache.internal.DefaultFileLockManager.lock(DefaultFileLockManager.java:101)
	at org.gradle.cache.internal.OnDemandFileAccess.updateFile(OnDemandFileAccess.java:51)
	at org.gradle.cache.internal.FileBackedObjectHolder.update(FileBackedObjectHolder.java:77)
	at org.gradle.cache.internal.FileIntegrityViolationSuppressingObjectHolderDecorator.lambda$update$0(FileIntegrityViolationSuppressingObjectHolderDecorator.java:48)
	at org.gradle.cache.internal.FileIntegrityViolationSuppressingObjectHolderDecorator.doUpdate(FileIntegrityViolationSuppressingObjectHolderDecorator.java:58)
	at org.gradle.cache.internal.FileIntegrityViolationSuppressingObjectHolderDecorator.update(FileIntegrityViolationSuppressingObjectHolderDecorator.java:48)
	at org.gradle.launcher.daemon.registry.PersistentDaemonRegistry.remove(PersistentDaemonRegistry.java:133)
	at org.gradle.launcher.daemon.server.Daemon$1.run(Daemon.java:133)
	at java.base/java.lang.Thread.run(Unknown Source)
