2025-03-31T16:45:54.984+0700 [DEBUG] [org.gradle.launcher.daemon.bootstrap.DaemonMain] Assuming the daemon was started with following jvm opts: [--add-opens=java.base/java.util=ALL-UNNAMED, --add-opens=java.base/java.lang=ALL-UNNAMED, --add-opens=java.base/java.lang.invoke=ALL-UNNAMED, --add-opens=java.prefs/java.util.prefs=ALL-UNNAMED, --add-exports=jdk.compiler/com.sun.tools.javac.api=ALL-UNNAMED, --add-exports=jdk.compiler/com.sun.tools.javac.util=ALL-UNNAMED, --add-opens=java.base/java.nio.charset=ALL-UNNAMED, --add-opens=java.base/java.net=ALL-UNNAMED, --add-opens=java.base/java.util.concurrent.atomic=ALL-UNNAMED, -Xmx2048m, -Dfile.encoding=UTF-8, -Duser.country=US, -Duser.language=en, -Duser.variant]
2025-03-31T16:45:55.125+0700 [DEBUG] [org.gradle.internal.nativeintegration.services.NativeServices] Native-platform posix files integration is not available. Continuing with fallback.
2025-03-31T16:45:55.149+0700 [INFO] [org.gradle.launcher.daemon.server.Daemon] start() called on daemon - DefaultDaemonContext[uid=00bf664e-3dd3-46b4-ab9b-bdfd2623c785,javaHome=C:\Program Files\Android\Android Studio\jbr,javaVersion=21,javaVendor=JetBrains s.r.o.,daemonRegistryDir=C:\Users\Administrator\AndroidStudioProjects\PrescriptionManagementApp\daemon,pid=23392,idleTimeout=10800000,priority=NORMAL,applyInstrumentationAgent=true,nativeServicesMode=ENABLED,daemonOpts=--add-opens=java.base/java.util=ALL-UNNAMED,--add-opens=java.base/java.lang=ALL-UNNAMED,--add-opens=java.base/java.lang.invoke=ALL-UNNAMED,--add-opens=java.prefs/java.util.prefs=ALL-UNNAMED,--add-exports=jdk.compiler/com.sun.tools.javac.api=ALL-UNNAMED,--add-exports=jdk.compiler/com.sun.tools.javac.util=ALL-UNNAMED,--add-opens=java.base/java.nio.charset=ALL-UNNAMED,--add-opens=java.base/java.net=ALL-UNNAMED,--add-opens=java.base/java.util.concurrent.atomic=ALL-UNNAMED,-Xmx2048m,-Dfile.encoding=UTF-8,-Duser.country=US,-Duser.language=en,-Duser.variant]
2025-03-31T16:45:55.205+0700 [DEBUG] [org.gradle.internal.remote.internal.inet.InetAddresses] Adding IP addresses for network interface Realtek PCIe GbE Family Controller-WFP Native MAC Layer LightWeight Filter-0000
2025-03-31T16:45:55.206+0700 [DEBUG] [org.gradle.internal.remote.internal.inet.InetAddresses] Is this a loopback interface? false
2025-03-31T16:45:55.206+0700 [DEBUG] [org.gradle.internal.remote.internal.inet.InetAddresses] Adding IP addresses for network interface Realtek PCIe GbE Family Controller-QoS Packet Scheduler-0000
2025-03-31T16:45:55.207+0700 [DEBUG] [org.gradle.internal.remote.internal.inet.InetAddresses] Is this a loopback interface? false
2025-03-31T16:45:55.207+0700 [DEBUG] [org.gradle.internal.remote.internal.inet.InetAddresses] Adding IP addresses for network interface Realtek PCIe GbE Family Controller-WFP 802.3 MAC Layer LightWeight Filter-0000
2025-03-31T16:45:55.207+0700 [DEBUG] [org.gradle.internal.remote.internal.inet.InetAddresses] Is this a loopback interface? false
2025-03-31T16:45:55.207+0700 [DEBUG] [org.gradle.internal.remote.internal.inet.InetAddresses] Adding IP addresses for network interface WAN Miniport (IP)-WFP Native MAC Layer LightWeight Filter-0000
2025-03-31T16:45:55.207+0700 [DEBUG] [org.gradle.internal.remote.internal.inet.InetAddresses] Is this a loopback interface? false
2025-03-31T16:45:55.208+0700 [DEBUG] [org.gradle.internal.remote.internal.inet.InetAddresses] Adding IP addresses for network interface WAN Miniport (IP)-QoS Packet Scheduler-0000
2025-03-31T16:45:55.208+0700 [DEBUG] [org.gradle.internal.remote.internal.inet.InetAddresses] Is this a loopback interface? false
2025-03-31T16:45:55.208+0700 [DEBUG] [org.gradle.internal.remote.internal.inet.InetAddresses] Adding IP addresses for network interface WAN Miniport (IPv6)-WFP Native MAC Layer LightWeight Filter-0000
2025-03-31T16:45:55.208+0700 [DEBUG] [org.gradle.internal.remote.internal.inet.InetAddresses] Is this a loopback interface? false
2025-03-31T16:45:55.208+0700 [DEBUG] [org.gradle.internal.remote.internal.inet.InetAddresses] Adding IP addresses for network interface WAN Miniport (IPv6)-QoS Packet Scheduler-0000
2025-03-31T16:45:55.209+0700 [DEBUG] [org.gradle.internal.remote.internal.inet.InetAddresses] Is this a loopback interface? false
2025-03-31T16:45:55.209+0700 [DEBUG] [org.gradle.internal.remote.internal.inet.InetAddresses] Adding IP addresses for network interface WAN Miniport (Network Monitor)-WFP Native MAC Layer LightWeight Filter-0000
2025-03-31T16:45:55.209+0700 [DEBUG] [org.gradle.internal.remote.internal.inet.InetAddresses] Is this a loopback interface? false
2025-03-31T16:45:55.209+0700 [DEBUG] [org.gradle.internal.remote.internal.inet.InetAddresses] Adding IP addresses for network interface WAN Miniport (Network Monitor)-QoS Packet Scheduler-0000
2025-03-31T16:45:55.209+0700 [DEBUG] [org.gradle.internal.remote.internal.inet.InetAddresses] Is this a loopback interface? false
2025-03-31T16:45:55.209+0700 [DEBUG] [org.gradle.internal.remote.internal.inet.InetAddresses] Adding IP addresses for network interface Hyper-V Virtual Switch Extension Adapter-Hyper-V Virtual Switch Extension Filter-0000
2025-03-31T16:45:55.210+0700 [DEBUG] [org.gradle.internal.remote.internal.inet.InetAddresses] Is this a loopback interface? false
2025-03-31T16:45:55.210+0700 [DEBUG] [org.gradle.internal.remote.internal.inet.InetAddresses] Adding IP addresses for network interface Hyper-V Virtual Switch Extension Adapter-Virtual Filtering Platform VMSwitch Extension-0000
2025-03-31T16:45:55.210+0700 [DEBUG] [org.gradle.internal.remote.internal.inet.InetAddresses] Is this a loopback interface? false
2025-03-31T16:45:55.210+0700 [DEBUG] [org.gradle.internal.remote.internal.inet.InetAddresses] Adding IP addresses for network interface Hyper-V Virtual Ethernet Adapter-WFP Native MAC Layer LightWeight Filter-0000
2025-03-31T16:45:55.211+0700 [DEBUG] [org.gradle.internal.remote.internal.inet.InetAddresses] Is this a loopback interface? false
2025-03-31T16:45:55.211+0700 [DEBUG] [org.gradle.internal.remote.internal.inet.InetAddresses] Adding IP addresses for network interface Hyper-V Virtual Ethernet Adapter-QoS Packet Scheduler-0000
2025-03-31T16:45:55.211+0700 [DEBUG] [org.gradle.internal.remote.internal.inet.InetAddresses] Is this a loopback interface? false
2025-03-31T16:45:55.211+0700 [DEBUG] [org.gradle.internal.remote.internal.inet.InetAddresses] Adding IP addresses for network interface Hyper-V Virtual Ethernet Adapter-WFP 802.3 MAC Layer LightWeight Filter-0000
2025-03-31T16:45:55.211+0700 [DEBUG] [org.gradle.internal.remote.internal.inet.InetAddresses] Is this a loopback interface? false
2025-03-31T16:45:55.212+0700 [DEBUG] [org.gradle.internal.remote.internal.inet.InetAddresses] Adding IP addresses for network interface Microsoft Kernel Debug Network Adapter
2025-03-31T16:45:55.212+0700 [DEBUG] [org.gradle.internal.remote.internal.inet.InetAddresses] Is this a loopback interface? false
2025-03-31T16:45:55.212+0700 [DEBUG] [org.gradle.internal.remote.internal.inet.InetAddresses] Adding IP addresses for network interface Intel(R) 82574L Gigabit Network Connection
2025-03-31T16:45:55.212+0700 [DEBUG] [org.gradle.internal.remote.internal.inet.InetAddresses] Is this a loopback interface? false
2025-03-31T16:45:55.212+0700 [DEBUG] [org.gradle.internal.remote.internal.inet.InetAddresses] Adding IP addresses for network interface WAN Miniport (IP)
2025-03-31T16:45:55.212+0700 [DEBUG] [org.gradle.internal.remote.internal.inet.InetAddresses] Is this a loopback interface? false
2025-03-31T16:45:55.213+0700 [DEBUG] [org.gradle.internal.remote.internal.inet.InetAddresses] Adding IP addresses for network interface WAN Miniport (IPv6)
2025-03-31T16:45:55.213+0700 [DEBUG] [org.gradle.internal.remote.internal.inet.InetAddresses] Is this a loopback interface? false
2025-03-31T16:45:55.213+0700 [DEBUG] [org.gradle.internal.remote.internal.inet.InetAddresses] Adding IP addresses for network interface WAN Miniport (Network Monitor)
2025-03-31T16:45:55.213+0700 [DEBUG] [org.gradle.internal.remote.internal.inet.InetAddresses] Is this a loopback interface? false
2025-03-31T16:45:55.213+0700 [DEBUG] [org.gradle.internal.remote.internal.inet.InetAddresses] Adding IP addresses for network interface Realtek PCIe GbE Family Controller
2025-03-31T16:45:55.214+0700 [DEBUG] [org.gradle.internal.remote.internal.inet.InetAddresses] Is this a loopback interface? false
2025-03-31T16:45:55.214+0700 [DEBUG] [org.gradle.internal.remote.internal.inet.InetAddresses] Adding remote address /fe80:0:0:0:31a7:5673:b523:bd11%ethernet_32773
2025-03-31T16:45:55.214+0700 [DEBUG] [org.gradle.internal.remote.internal.inet.InetAddresses] Adding remote address /2405:4802:4b0:8560:ffff:ffff:ffff:ffb1
2025-03-31T16:45:55.214+0700 [DEBUG] [org.gradle.internal.remote.internal.inet.InetAddresses] Adding remote address /2405:4802:4b0:8560:1dd4:c257:9444:39f0
2025-03-31T16:45:55.214+0700 [DEBUG] [org.gradle.internal.remote.internal.inet.InetAddresses] Adding remote address /2405:4802:4b0:8560:971:af19:412e:97d7
2025-03-31T16:45:55.214+0700 [DEBUG] [org.gradle.internal.remote.internal.inet.InetAddresses] Adding remote address /192.168.1.71
2025-03-31T16:45:55.215+0700 [DEBUG] [org.gradle.internal.remote.internal.inet.InetAddresses] Adding IP addresses for network interface Bluetooth Device (Personal Area Network)
2025-03-31T16:45:55.215+0700 [DEBUG] [org.gradle.internal.remote.internal.inet.InetAddresses] Is this a loopback interface? false
2025-03-31T16:45:55.215+0700 [DEBUG] [org.gradle.internal.remote.internal.inet.InetAddresses] Adding remote address /fe80:0:0:0:5b3b:13b2:27ae:559%ethernet_32774
2025-03-31T16:45:55.215+0700 [DEBUG] [org.gradle.internal.remote.internal.inet.InetAddresses] Adding IP addresses for network interface Hyper-V Virtual Switch Extension Adapter
2025-03-31T16:45:55.215+0700 [DEBUG] [org.gradle.internal.remote.internal.inet.InetAddresses] Is this a loopback interface? false
2025-03-31T16:45:55.216+0700 [DEBUG] [org.gradle.internal.remote.internal.inet.InetAddresses] Adding IP addresses for network interface Hyper-V Virtual Ethernet Adapter
2025-03-31T16:45:55.216+0700 [DEBUG] [org.gradle.internal.remote.internal.inet.InetAddresses] Is this a loopback interface? false
2025-03-31T16:45:55.216+0700 [DEBUG] [org.gradle.internal.remote.internal.inet.InetAddresses] Adding remote address /fe80:0:0:0:acde:e10f:1356:2292%ethernet_32776
2025-03-31T16:45:55.216+0700 [DEBUG] [org.gradle.internal.remote.internal.inet.InetAddresses] Adding remote address /172.20.112.1
2025-03-31T16:45:55.216+0700 [DEBUG] [org.gradle.internal.remote.internal.inet.InetAddresses] Adding IP addresses for network interface WAN Miniport (PPPOE)
2025-03-31T16:45:55.216+0700 [DEBUG] [org.gradle.internal.remote.internal.inet.InetAddresses] Is this a loopback interface? false
2025-03-31T16:45:55.216+0700 [DEBUG] [org.gradle.internal.remote.internal.inet.InetAddresses] Adding IP addresses for network interface RAS Async Adapter
2025-03-31T16:45:55.217+0700 [DEBUG] [org.gradle.internal.remote.internal.inet.InetAddresses] Is this a loopback interface? false
2025-03-31T16:45:55.217+0700 [DEBUG] [org.gradle.internal.remote.internal.inet.InetAddresses] Adding IP addresses for network interface Software Loopback Interface 1
2025-03-31T16:45:55.217+0700 [DEBUG] [org.gradle.internal.remote.internal.inet.InetAddresses] Is this a loopback interface? true
2025-03-31T16:45:55.217+0700 [DEBUG] [org.gradle.internal.remote.internal.inet.InetAddresses] Adding loopback address /0:0:0:0:0:0:0:1
2025-03-31T16:45:55.218+0700 [DEBUG] [org.gradle.internal.remote.internal.inet.InetAddresses] Adding loopback address /127.0.0.1
2025-03-31T16:45:55.218+0700 [DEBUG] [org.gradle.internal.remote.internal.inet.InetAddresses] Adding IP addresses for network interface Intel(R) Wi-Fi 6 AX200 160MHz-WFP Native MAC Layer LightWeight Filter-0000
2025-03-31T16:45:55.218+0700 [DEBUG] [org.gradle.internal.remote.internal.inet.InetAddresses] Is this a loopback interface? false
2025-03-31T16:45:55.218+0700 [DEBUG] [org.gradle.internal.remote.internal.inet.InetAddresses] Adding IP addresses for network interface Intel(R) Wi-Fi 6 AX200 160MHz-Virtual WiFi Filter Driver-0000
2025-03-31T16:45:55.219+0700 [DEBUG] [org.gradle.internal.remote.internal.inet.InetAddresses] Is this a loopback interface? false
2025-03-31T16:45:55.219+0700 [DEBUG] [org.gradle.internal.remote.internal.inet.InetAddresses] Adding IP addresses for network interface Intel(R) Wi-Fi 6 AX200 160MHz-Native WiFi Filter Driver-0000
2025-03-31T16:45:55.219+0700 [DEBUG] [org.gradle.internal.remote.internal.inet.InetAddresses] Is this a loopback interface? false
2025-03-31T16:45:55.219+0700 [DEBUG] [org.gradle.internal.remote.internal.inet.InetAddresses] Adding IP addresses for network interface Intel(R) Wi-Fi 6 AX200 160MHz-QoS Packet Scheduler-0000
2025-03-31T16:45:55.219+0700 [DEBUG] [org.gradle.internal.remote.internal.inet.InetAddresses] Is this a loopback interface? false
2025-03-31T16:45:55.219+0700 [DEBUG] [org.gradle.internal.remote.internal.inet.InetAddresses] Adding IP addresses for network interface Intel(R) Wi-Fi 6 AX200 160MHz-WFP 802.3 MAC Layer LightWeight Filter-0000
2025-03-31T16:45:55.219+0700 [DEBUG] [org.gradle.internal.remote.internal.inet.InetAddresses] Is this a loopback interface? false
2025-03-31T16:45:55.220+0700 [DEBUG] [org.gradle.internal.remote.internal.inet.InetAddresses] Adding IP addresses for network interface Microsoft Wi-Fi Direct Virtual Adapter-WFP Native MAC Layer LightWeight Filter-0000
2025-03-31T16:45:55.220+0700 [DEBUG] [org.gradle.internal.remote.internal.inet.InetAddresses] Is this a loopback interface? false
2025-03-31T16:45:55.220+0700 [DEBUG] [org.gradle.internal.remote.internal.inet.InetAddresses] Adding IP addresses for network interface Microsoft Wi-Fi Direct Virtual Adapter-Native WiFi Filter Driver-0000
2025-03-31T16:45:55.220+0700 [DEBUG] [org.gradle.internal.remote.internal.inet.InetAddresses] Is this a loopback interface? false
2025-03-31T16:45:55.220+0700 [DEBUG] [org.gradle.internal.remote.internal.inet.InetAddresses] Adding IP addresses for network interface Microsoft Wi-Fi Direct Virtual Adapter-QoS Packet Scheduler-0000
2025-03-31T16:45:55.220+0700 [DEBUG] [org.gradle.internal.remote.internal.inet.InetAddresses] Is this a loopback interface? false
2025-03-31T16:45:55.220+0700 [DEBUG] [org.gradle.internal.remote.internal.inet.InetAddresses] Adding IP addresses for network interface Microsoft Wi-Fi Direct Virtual Adapter-WFP 802.3 MAC Layer LightWeight Filter-0000
2025-03-31T16:45:55.221+0700 [DEBUG] [org.gradle.internal.remote.internal.inet.InetAddresses] Is this a loopback interface? false
2025-03-31T16:45:55.221+0700 [DEBUG] [org.gradle.internal.remote.internal.inet.InetAddresses] Adding IP addresses for network interface Microsoft Wi-Fi Direct Virtual Adapter #2-WFP Native MAC Layer LightWeight Filter-0000
2025-03-31T16:45:55.221+0700 [DEBUG] [org.gradle.internal.remote.internal.inet.InetAddresses] Is this a loopback interface? false
2025-03-31T16:45:55.221+0700 [DEBUG] [org.gradle.internal.remote.internal.inet.InetAddresses] Adding IP addresses for network interface Microsoft Wi-Fi Direct Virtual Adapter #2-Native WiFi Filter Driver-0000
2025-03-31T16:45:55.221+0700 [DEBUG] [org.gradle.internal.remote.internal.inet.InetAddresses] Is this a loopback interface? false
2025-03-31T16:45:55.221+0700 [DEBUG] [org.gradle.internal.remote.internal.inet.InetAddresses] Adding IP addresses for network interface Microsoft Wi-Fi Direct Virtual Adapter #2-QoS Packet Scheduler-0000
2025-03-31T16:45:55.221+0700 [DEBUG] [org.gradle.internal.remote.internal.inet.InetAddresses] Is this a loopback interface? false
2025-03-31T16:45:55.222+0700 [DEBUG] [org.gradle.internal.remote.internal.inet.InetAddresses] Adding IP addresses for network interface Microsoft Wi-Fi Direct Virtual Adapter #2-WFP 802.3 MAC Layer LightWeight Filter-0000
2025-03-31T16:45:55.222+0700 [DEBUG] [org.gradle.internal.remote.internal.inet.InetAddresses] Is this a loopback interface? false
2025-03-31T16:45:55.222+0700 [DEBUG] [org.gradle.internal.remote.internal.inet.InetAddresses] Adding IP addresses for network interface Intel(R) Wi-Fi 6 AX200 160MHz
2025-03-31T16:45:55.222+0700 [DEBUG] [org.gradle.internal.remote.internal.inet.InetAddresses] Is this a loopback interface? false
2025-03-31T16:45:55.223+0700 [DEBUG] [org.gradle.internal.remote.internal.inet.InetAddresses] Adding remote address /fe80:0:0:0:d556:332:3c3f:ddc5%wireless_32768
2025-03-31T16:45:55.223+0700 [DEBUG] [org.gradle.internal.remote.internal.inet.InetAddresses] Adding remote address /2405:4802:4b0:8560:60a6:bbfc:4b09:2ba6
2025-03-31T16:45:55.223+0700 [DEBUG] [org.gradle.internal.remote.internal.inet.InetAddresses] Adding remote address /2405:4802:4b0:8560:5b83:2248:ce10:9299
2025-03-31T16:45:55.223+0700 [DEBUG] [org.gradle.internal.remote.internal.inet.InetAddresses] Adding remote address /192.168.1.95
2025-03-31T16:45:55.223+0700 [DEBUG] [org.gradle.internal.remote.internal.inet.InetAddresses] Adding IP addresses for network interface Microsoft Wi-Fi Direct Virtual Adapter
2025-03-31T16:45:55.223+0700 [DEBUG] [org.gradle.internal.remote.internal.inet.InetAddresses] Is this a loopback interface? false
2025-03-31T16:45:55.223+0700 [DEBUG] [org.gradle.internal.remote.internal.inet.InetAddresses] Adding remote address /fe80:0:0:0:f88b:95ca:2924:519d%wireless_32769
2025-03-31T16:45:55.223+0700 [DEBUG] [org.gradle.internal.remote.internal.inet.InetAddresses] Adding IP addresses for network interface Microsoft Wi-Fi Direct Virtual Adapter #2
2025-03-31T16:45:55.224+0700 [DEBUG] [org.gradle.internal.remote.internal.inet.InetAddresses] Is this a loopback interface? false
2025-03-31T16:45:55.224+0700 [DEBUG] [org.gradle.internal.remote.internal.inet.InetAddresses] Adding remote address /fe80:0:0:0:c381:97d7:a45c:6d6f%wireless_32770
2025-03-31T16:45:55.224+0700 [DEBUG] [org.gradle.internal.remote.internal.inet.InetAddresses] Adding IP addresses for network interface Microsoft Teredo Tunneling Adapter
2025-03-31T16:45:55.224+0700 [DEBUG] [org.gradle.internal.remote.internal.inet.InetAddresses] Is this a loopback interface? false
2025-03-31T16:45:55.224+0700 [DEBUG] [org.gradle.internal.remote.internal.inet.InetAddresses] Adding IP addresses for network interface Microsoft IP-HTTPS Platform Adapter
2025-03-31T16:45:55.224+0700 [DEBUG] [org.gradle.internal.remote.internal.inet.InetAddresses] Is this a loopback interface? false
2025-03-31T16:45:55.224+0700 [DEBUG] [org.gradle.internal.remote.internal.inet.InetAddresses] Adding IP addresses for network interface Microsoft 6to4 Adapter
2025-03-31T16:45:55.224+0700 [DEBUG] [org.gradle.internal.remote.internal.inet.InetAddresses] Is this a loopback interface? false
2025-03-31T16:45:55.225+0700 [DEBUG] [org.gradle.internal.remote.internal.inet.InetAddresses] Adding IP addresses for network interface WAN Miniport (SSTP)
2025-03-31T16:45:55.225+0700 [DEBUG] [org.gradle.internal.remote.internal.inet.InetAddresses] Is this a loopback interface? false
2025-03-31T16:45:55.225+0700 [DEBUG] [org.gradle.internal.remote.internal.inet.InetAddresses] Adding IP addresses for network interface WAN Miniport (IKEv2)
2025-03-31T16:45:55.225+0700 [DEBUG] [org.gradle.internal.remote.internal.inet.InetAddresses] Is this a loopback interface? false
2025-03-31T16:45:55.225+0700 [DEBUG] [org.gradle.internal.remote.internal.inet.InetAddresses] Adding IP addresses for network interface WAN Miniport (L2TP)
2025-03-31T16:45:55.225+0700 [DEBUG] [org.gradle.internal.remote.internal.inet.InetAddresses] Is this a loopback interface? false
2025-03-31T16:45:55.225+0700 [DEBUG] [org.gradle.internal.remote.internal.inet.InetAddresses] Adding IP addresses for network interface WAN Miniport (PPTP)
2025-03-31T16:45:55.225+0700 [DEBUG] [org.gradle.internal.remote.internal.inet.InetAddresses] Is this a loopback interface? false
2025-03-31T16:45:55.228+0700 [DEBUG] [org.gradle.internal.remote.internal.inet.TcpIncomingConnector] Listening on [11eea899-7ae8-42a8-afae-c7641c3f9d00 port:64498, addresses:[localhost/127.0.0.1]].
2025-03-31T16:45:55.245+0700 [DEBUG] [org.gradle.launcher.daemon.server.Daemon] Daemon starting at: Mon Mar 31 16:45:55 ICT 2025, with address: [11eea899-7ae8-42a8-afae-c7641c3f9d00 port:64498, addresses:[localhost/127.0.0.1]]
2025-03-31T16:45:55.245+0700 [INFO] [org.gradle.launcher.daemon.server.DaemonRegistryUpdater] Advertising the daemon address to the clients: [11eea899-7ae8-42a8-afae-c7641c3f9d00 port:64498, addresses:[localhost/127.0.0.1]]
2025-03-31T16:45:55.245+0700 [DEBUG] [org.gradle.launcher.daemon.server.DaemonRegistryUpdater] Advertised daemon context: DefaultDaemonContext[uid=00bf664e-3dd3-46b4-ab9b-bdfd2623c785,javaHome=C:\Program Files\Android\Android Studio\jbr,javaVersion=21,javaVendor=JetBrains s.r.o.,daemonRegistryDir=C:\Users\Administrator\AndroidStudioProjects\PrescriptionManagementApp\daemon,pid=23392,idleTimeout=10800000,priority=NORMAL,applyInstrumentationAgent=true,nativeServicesMode=ENABLED,daemonOpts=--add-opens=java.base/java.util=ALL-UNNAMED,--add-opens=java.base/java.lang=ALL-UNNAMED,--add-opens=java.base/java.lang.invoke=ALL-UNNAMED,--add-opens=java.prefs/java.util.prefs=ALL-UNNAMED,--add-exports=jdk.compiler/com.sun.tools.javac.api=ALL-UNNAMED,--add-exports=jdk.compiler/com.sun.tools.javac.util=ALL-UNNAMED,--add-opens=java.base/java.nio.charset=ALL-UNNAMED,--add-opens=java.base/java.net=ALL-UNNAMED,--add-opens=java.base/java.util.concurrent.atomic=ALL-UNNAMED,-Xmx2048m,-Dfile.encoding=UTF-8,-Duser.country=US,-Duser.language=en,-Duser.variant]
2025-03-31T16:45:55.246+0700 [DEBUG] [org.gradle.launcher.daemon.registry.PersistentDaemonRegistry] Storing daemon address: [11eea899-7ae8-42a8-afae-c7641c3f9d00 port:64498, addresses:[localhost/127.0.0.1]], context: DefaultDaemonContext[uid=00bf664e-3dd3-46b4-ab9b-bdfd2623c785,javaHome=C:\Program Files\Android\Android Studio\jbr,javaVersion=21,javaVendor=JetBrains s.r.o.,daemonRegistryDir=C:\Users\Administrator\AndroidStudioProjects\PrescriptionManagementApp\daemon,pid=23392,idleTimeout=10800000,priority=NORMAL,applyInstrumentationAgent=true,nativeServicesMode=ENABLED,daemonOpts=--add-opens=java.base/java.util=ALL-UNNAMED,--add-opens=java.base/java.lang=ALL-UNNAMED,--add-opens=java.base/java.lang.invoke=ALL-UNNAMED,--add-opens=java.prefs/java.util.prefs=ALL-UNNAMED,--add-exports=jdk.compiler/com.sun.tools.javac.api=ALL-UNNAMED,--add-exports=jdk.compiler/com.sun.tools.javac.util=ALL-UNNAMED,--add-opens=java.base/java.nio.charset=ALL-UNNAMED,--add-opens=java.base/java.net=ALL-UNNAMED,--add-opens=java.base/java.util.concurrent.atomic=ALL-UNNAMED,-Xmx2048m,-Dfile.encoding=UTF-8,-Duser.country=US,-Duser.language=en,-Duser.variant]
2025-03-31T16:45:55.262+0700 [DEBUG] [org.gradle.cache.internal.DefaultFileLockManager] Waiting to acquire exclusive lock on daemon addresses registry.
2025-03-31T16:45:55.266+0700 [DEBUG] [org.gradle.cache.internal.DefaultFileLockManager] Lock acquired on daemon addresses registry.
2025-03-31T16:45:55.272+0700 [DEBUG] [org.gradle.cache.internal.DefaultFileLockManager] Releasing lock on daemon addresses registry.
2025-03-31T16:45:55.273+0700 [LIFECYCLE] [org.gradle.launcher.daemon.server.Daemon] Daemon server started.
2025-03-31T16:45:55.274+0700 [DEBUG] [org.gradle.launcher.daemon.bootstrap.DaemonStartupCommunication] Completed writing the daemon greeting. Closing streams...
2025-03-31T16:45:55.278+0700 [DEBUG] [org.gradle.internal.remote.internal.inet.TcpIncomingConnector] Accepted connection from /127.0.0.1:64499 to /127.0.0.1:64498.
2025-03-31T16:45:55.284+0700 [DEBUG] [org.gradle.launcher.daemon.server.Daemon] stopOnExpiration() called on daemon
2025-03-31T16:45:55.286+0700 [DEBUG] [org.gradle.launcher.daemon.server.Daemon] awaitExpiration() called on daemon
2025-03-31T16:45:55.287+0700 [DEBUG] [org.gradle.launcher.daemon.server.DaemonStateCoordinator] daemon is running. Sleeping until state changes.
2025-03-31T16:45:55.361+0700 [DEBUG] [org.gradle.launcher.daemon.server.SynchronizedDispatchConnection] thread 33: received class org.gradle.launcher.daemon.protocol.Build
2025-03-31T16:45:55.361+0700 [DEBUG] [org.gradle.launcher.daemon.server.DefaultDaemonConnection] thread 33: Received non-IO message from client: Build{id=412ddee3-a61b-4a15-a21b-8f54a84e90c9, currentDir=C:\Users\Administrator\AndroidStudioProjects\PrescriptionManagementApp}
2025-03-31T16:45:55.362+0700 [INFO] [org.gradle.launcher.daemon.server.DefaultIncomingConnectionHandler] Received command: Build{id=412ddee3-a61b-4a15-a21b-8f54a84e90c9, currentDir=C:\Users\Administrator\AndroidStudioProjects\PrescriptionManagementApp}.
2025-03-31T16:45:55.362+0700 [DEBUG] [org.gradle.launcher.daemon.server.DefaultIncomingConnectionHandler] Starting executing command: Build{id=412ddee3-a61b-4a15-a21b-8f54a84e90c9, currentDir=C:\Users\Administrator\AndroidStudioProjects\PrescriptionManagementApp} with connection: socket connection from /127.0.0.1:64498 to /127.0.0.1:64499.
2025-03-31T16:45:55.364+0700 [DEBUG] [org.gradle.launcher.daemon.server.DaemonStateCoordinator] Command execution: started DaemonCommandExecution[command = Build{id=412ddee3-a61b-4a15-a21b-8f54a84e90c9, currentDir=C:\Users\Administrator\AndroidStudioProjects\PrescriptionManagementApp}, connection = DefaultDaemonConnection: socket connection from /127.0.0.1:64498 to /127.0.0.1:64499] after 0.002766666666666667 minutes of idle
2025-03-31T16:45:55.364+0700 [INFO] [org.gradle.launcher.daemon.server.DaemonRegistryUpdater] Marking the daemon as busy, address: [11eea899-7ae8-42a8-afae-c7641c3f9d00 port:64498, addresses:[localhost/127.0.0.1]]
2025-03-31T16:45:55.364+0700 [DEBUG] [org.gradle.launcher.daemon.registry.PersistentDaemonRegistry] Marking busy by address: [11eea899-7ae8-42a8-afae-c7641c3f9d00 port:64498, addresses:[localhost/127.0.0.1]]
2025-03-31T16:45:55.365+0700 [DEBUG] [org.gradle.cache.internal.DefaultFileLockManager] Waiting to acquire exclusive lock on daemon addresses registry.
2025-03-31T16:45:55.366+0700 [DEBUG] [org.gradle.cache.internal.DefaultFileLockManager] Lock acquired on daemon addresses registry.
2025-03-31T16:45:55.367+0700 [DEBUG] [org.gradle.cache.internal.DefaultFileLockManager] Releasing lock on daemon addresses registry.
2025-03-31T16:45:55.368+0700 [DEBUG] [org.gradle.launcher.daemon.server.DaemonStateCoordinator] resetting idle timer
2025-03-31T16:45:55.368+0700 [DEBUG] [org.gradle.launcher.daemon.server.DaemonStateCoordinator] daemon is running. Sleeping until state changes.
2025-03-31T16:45:55.369+0700 [INFO] [org.gradle.launcher.daemon.server.exec.StartBuildOrRespondWithBusy] Daemon is about to start building Build{id=412ddee3-a61b-4a15-a21b-8f54a84e90c9, currentDir=C:\Users\Administrator\AndroidStudioProjects\PrescriptionManagementApp}. Dispatching build started information...
2025-03-31T16:45:55.369+0700 [DEBUG] [org.gradle.launcher.daemon.server.SynchronizedDispatchConnection] thread 35: dispatching org.gradle.launcher.daemon.protocol.BuildStarted@7a85f6d2
2025-03-31T16:45:55.370+0700 [DEBUG] [org.gradle.launcher.daemon.server.exec.EstablishBuildEnvironment] Configuring env variables: [USERDOMAIN_ROAMINGPROFILE, LOCALAPPDATA, PROCESSOR_LEVEL, USERDOMAIN, LOGONSERVER, FPS_BROWSER_APP_PROFILE_STRING, SESSIONNAME, ALLUSERSPROFILE, PROCESSOR_ARCHITECTURE, PSModulePath, SystemDrive, EFC_3896, OneDrive, MAVEN_HOME, APPDATA, NODEJS, USERNAME, ProgramFiles(x86), CommonProgramFiles, Path, FPS_BROWSER_USER_PROFILE_STRING, PATHEXT, DriverData, OS, COMPUTERNAME, PROCESSOR_REVISION, CommonProgramW6432, ComSpec, ProgramData, ProgramW6432, TEMP, HOMEPATH, SystemRoot, PROCESSOR_IDENTIFIER, HOMEDRIVE, USERPROFILE, TMP, CommonProgramFiles(x86), ProgramFiles, PUBLIC, windir, NUMBER_OF_PROCESSORS, Java17, =::]
2025-03-31T16:45:55.375+0700 [DEBUG] [org.gradle.launcher.daemon.server.exec.LogToClient] About to start relaying all logs to the client via the connection.
2025-03-31T16:45:55.375+0700 [INFO] [org.gradle.launcher.daemon.server.exec.LogToClient] The client will now receive all logging from the daemon (pid: 23392). The daemon log file: C:\Users\Administrator\AndroidStudioProjects\PrescriptionManagementApp\daemon\8.10.2\daemon-23392.out.log
2025-03-31T16:45:55.377+0700 [INFO] [org.gradle.launcher.daemon.server.exec.LogAndCheckHealth] Starting build in new daemon [memory: 2 GiB]
2025-03-31T16:45:55.379+0700 [DEBUG] [org.gradle.launcher.daemon.server.exec.ExecuteBuild] The daemon has started executing the build.
2025-03-31T16:45:55.380+0700 [DEBUG] [org.gradle.launcher.daemon.server.exec.ExecuteBuild] Executing build with daemon context: DefaultDaemonContext[uid=00bf664e-3dd3-46b4-ab9b-bdfd2623c785,javaHome=C:\Program Files\Android\Android Studio\jbr,javaVersion=21,javaVendor=JetBrains s.r.o.,daemonRegistryDir=C:\Users\Administrator\AndroidStudioProjects\PrescriptionManagementApp\daemon,pid=23392,idleTimeout=10800000,priority=NORMAL,applyInstrumentationAgent=true,nativeServicesMode=ENABLED,daemonOpts=--add-opens=java.base/java.util=ALL-UNNAMED,--add-opens=java.base/java.lang=ALL-UNNAMED,--add-opens=java.base/java.lang.invoke=ALL-UNNAMED,--add-opens=java.prefs/java.util.prefs=ALL-UNNAMED,--add-exports=jdk.compiler/com.sun.tools.javac.api=ALL-UNNAMED,--add-exports=jdk.compiler/com.sun.tools.javac.util=ALL-UNNAMED,--add-opens=java.base/java.nio.charset=ALL-UNNAMED,--add-opens=java.base/java.net=ALL-UNNAMED,--add-opens=java.base/java.util.concurrent.atomic=ALL-UNNAMED,-Xmx2048m,-Dfile.encoding=UTF-8,-Duser.country=US,-Duser.language=en,-Duser.variant]

Deprecated Gradle features were used in this build, making it incompatible with Gradle 9.0.

You can use '--warning-mode all' to show the individual deprecation warnings and determine if they come from your own scripts or plugins.

For more on this, please refer to https://docs.gradle.org/8.10.2/userguide/command_line_interface.html#sec:command_line_warnings in the Gradle documentation.

BUILD SUCCESSFUL in 29s
2025-03-31T16:46:23.507+0700 [DEBUG] [org.gradle.launcher.daemon.server.exec.ExecuteBuild] The daemon has finished executing the build.
2025-03-31T16:46:23.522+0700 [DEBUG] [org.gradle.launcher.daemon.server.DaemonStateCoordinator] daemon is running. Sleeping until state changes.
2025-03-31T16:46:23.523+0700 [DEBUG] [org.gradle.launcher.daemon.server.DaemonStateCoordinator] Command execution: finished waiting for DaemonCommandExecution[command = Build{id=412ddee3-a61b-4a15-a21b-8f54a84e90c9, currentDir=C:\Users\Administrator\AndroidStudioProjects\PrescriptionManagementApp}, connection = DefaultDaemonConnection: socket connection from /127.0.0.1:64498 to /127.0.0.1:64499]. Result org.gradle.launcher.daemon.server.DaemonStateCoordinator@2b8df4c6 with state Busy
2025-03-31T16:46:23.523+0700 [DEBUG] [org.gradle.launcher.daemon.server.DaemonStateCoordinator] Command execution: completed DaemonCommandExecution[command = Build{id=412ddee3-a61b-4a15-a21b-8f54a84e90c9, currentDir=C:\Users\Administrator\AndroidStudioProjects\PrescriptionManagementApp}, connection = DefaultDaemonConnection: socket connection from /127.0.0.1:64498 to /127.0.0.1:64499]
2025-03-31T16:46:23.523+0700 [DEBUG] [org.gradle.launcher.daemon.server.DaemonStateCoordinator] resetting idle timer
2025-03-31T16:46:23.524+0700 [INFO] [org.gradle.launcher.daemon.server.DaemonRegistryUpdater] Marking the daemon as idle, address: [11eea899-7ae8-42a8-afae-c7641c3f9d00 port:64498, addresses:[localhost/127.0.0.1]]
2025-03-31T16:46:23.524+0700 [DEBUG] [org.gradle.launcher.daemon.registry.PersistentDaemonRegistry] Marking busy by address: [11eea899-7ae8-42a8-afae-c7641c3f9d00 port:64498, addresses:[localhost/127.0.0.1]]
2025-03-31T16:46:23.525+0700 [DEBUG] [org.gradle.cache.internal.DefaultFileLockManager] Waiting to acquire exclusive lock on daemon addresses registry.
2025-03-31T16:46:23.526+0700 [DEBUG] [org.gradle.cache.internal.DefaultFileLockManager] Lock acquired on daemon addresses registry.
2025-03-31T16:46:23.527+0700 [DEBUG] [org.gradle.cache.internal.DefaultFileLockManager] Releasing lock on daemon addresses registry.
2025-03-31T16:46:23.528+0700 [DEBUG] [org.gradle.launcher.daemon.server.DaemonStateCoordinator] daemon is running. Sleeping until state changes.
2025-03-31T16:46:23.528+0700 [DEBUG] [org.gradle.launcher.daemon.server.exec.ReturnResult] Daemon is dispatching the build result: Success[value=org.gradle.launcher.exec.BuildActionResult@3775a68d]
2025-03-31T16:46:23.529+0700 [DEBUG] [org.gradle.launcher.daemon.server.SynchronizedDispatchConnection] thread 32: dispatching Success[value=org.gradle.launcher.exec.BuildActionResult@3775a68d]
2025-03-31T16:46:23.530+0700 [DEBUG] [org.gradle.launcher.daemon.server.SynchronizedDispatchConnection] thread 33: received class org.gradle.launcher.daemon.protocol.CloseInput
2025-03-31T16:46:23.531+0700 [DEBUG] [org.gradle.launcher.daemon.server.DefaultDaemonConnection] thread 33: Received IO message from client: org.gradle.launcher.daemon.protocol.CloseInput@31c03a04
2025-03-31T16:46:23.531+0700 [DEBUG] [org.gradle.launcher.daemon.server.SynchronizedDispatchConnection] thread 33: received class org.gradle.launcher.daemon.protocol.Finished
2025-03-31T16:46:23.531+0700 [DEBUG] [org.gradle.launcher.daemon.server.DefaultDaemonConnection] thread 33: Received non-IO message from client: org.gradle.launcher.daemon.protocol.Finished@3487cf6b
2025-03-31T16:46:23.532+0700 [DEBUG] [org.gradle.launcher.daemon.server.exec.CleanUpVirtualFileSystemAfterBuild] Cleaning virtual file system after build finished
2025-03-31T16:46:23.532+0700 [DEBUG] [org.gradle.internal.remote.internal.inet.SocketConnection] Discarding EOFException: java.io.EOFException
2025-03-31T16:46:23.532+0700 [DEBUG] [org.gradle.launcher.daemon.server.SynchronizedDispatchConnection] thread 33: received null
2025-03-31T16:46:23.533+0700 [DEBUG] [org.gradle.launcher.daemon.server.DefaultDaemonConnection] thread 33: Received end-of-input from client.
2025-03-31T16:46:23.532+0700 [DEBUG] [org.gradle.launcher.daemon.server.DefaultIncomingConnectionHandler] Finishing executing command: Build{id=412ddee3-a61b-4a15-a21b-8f54a84e90c9, currentDir=C:\Users\Administrator\AndroidStudioProjects\PrescriptionManagementApp}
2025-03-31T16:46:23.533+0700 [WARN] [org.gradle.launcher.daemon.server.DefaultIncomingConnectionHandler] Timed out waiting for finished message from client socket connection from /127.0.0.1:64498 to /127.0.0.1:64499. Discarding connection.
2025-03-31T16:46:23.534+0700 [DEBUG] [org.gradle.launcher.daemon.server.SynchronizedDispatchConnection] thread 32: stopping connection
2025-03-31T16:46:23.536+0700 [DEBUG] [org.gradle.launcher.daemon.server.SynchronizedDispatchConnection] thread 32: stopping connection
2025-03-31T16:46:25.300+0700 [DEBUG] [org.gradle.cache.internal.DefaultFileLockManager] Waiting to acquire shared lock on daemon addresses registry.
2025-03-31T16:46:25.301+0700 [DEBUG] [org.gradle.cache.internal.DefaultFileLockManager] Lock acquired on daemon addresses registry.
2025-03-31T16:46:25.302+0700 [DEBUG] [org.gradle.cache.internal.DefaultFileLockManager] Releasing lock on daemon addresses registry.
2025-03-31T16:46:25.308+0700 [DEBUG] [org.gradle.cache.internal.DefaultFileLockManager] Waiting to acquire shared lock on daemon addresses registry.
2025-03-31T16:46:25.308+0700 [DEBUG] [org.gradle.cache.internal.DefaultFileLockManager] Lock acquired on daemon addresses registry.
2025-03-31T16:46:25.309+0700 [DEBUG] [org.gradle.cache.internal.DefaultFileLockManager] Releasing lock on daemon addresses registry.
2025-03-31T16:46:35.292+0700 [DEBUG] [org.gradle.cache.internal.DefaultFileLockManager] Waiting to acquire shared lock on daemon addresses registry.
2025-03-31T16:46:35.293+0700 [DEBUG] [org.gradle.cache.internal.DefaultFileLockManager] Lock acquired on daemon addresses registry.
2025-03-31T16:46:35.294+0700 [DEBUG] [org.gradle.cache.internal.DefaultFileLockManager] Releasing lock on daemon addresses registry.
2025-03-31T16:46:35.296+0700 [DEBUG] [org.gradle.cache.internal.DefaultFileLockManager] Waiting to acquire shared lock on daemon addresses registry.
2025-03-31T16:46:35.297+0700 [DEBUG] [org.gradle.cache.internal.DefaultFileLockManager] Lock acquired on daemon addresses registry.
2025-03-31T16:46:35.297+0700 [DEBUG] [org.gradle.cache.internal.DefaultFileLockManager] Releasing lock on daemon addresses registry.
2025-03-31T16:46:35.298+0700 [DEBUG] [org.gradle.cache.internal.DefaultFileLockManager] Waiting to acquire shared lock on daemon addresses registry.
2025-03-31T16:46:35.299+0700 [DEBUG] [org.gradle.cache.internal.DefaultFileLockManager] Lock acquired on daemon addresses registry.
2025-03-31T16:46:35.300+0700 [DEBUG] [org.gradle.cache.internal.DefaultFileLockManager] Releasing lock on daemon addresses registry.
2025-03-31T16:46:45.303+0700 [DEBUG] [org.gradle.cache.internal.DefaultFileLockManager] Waiting to acquire shared lock on daemon addresses registry.
2025-03-31T16:46:45.304+0700 [DEBUG] [org.gradle.cache.internal.DefaultFileLockManager] Lock acquired on daemon addresses registry.
2025-03-31T16:46:45.304+0700 [DEBUG] [org.gradle.cache.internal.DefaultFileLockManager] Releasing lock on daemon addresses registry.
2025-03-31T16:46:45.305+0700 [DEBUG] [org.gradle.cache.internal.DefaultFileLockManager] Waiting to acquire shared lock on daemon addresses registry.
2025-03-31T16:46:45.306+0700 [DEBUG] [org.gradle.cache.internal.DefaultFileLockManager] Lock acquired on daemon addresses registry.
2025-03-31T16:46:45.306+0700 [DEBUG] [org.gradle.cache.internal.DefaultFileLockManager] Releasing lock on daemon addresses registry.
2025-03-31T16:46:45.307+0700 [DEBUG] [org.gradle.cache.internal.DefaultFileLockManager] Waiting to acquire shared lock on daemon addresses registry.
2025-03-31T16:46:45.307+0700 [DEBUG] [org.gradle.cache.internal.DefaultFileLockManager] Lock acquired on daemon addresses registry.
2025-03-31T16:46:45.307+0700 [DEBUG] [org.gradle.cache.internal.DefaultFileLockManager] Releasing lock on daemon addresses registry.
2025-03-31T16:46:55.292+0700 [DEBUG] [org.gradle.cache.internal.DefaultFileLockManager] Waiting to acquire shared lock on daemon addresses registry.
2025-03-31T16:46:55.292+0700 [DEBUG] [org.gradle.cache.internal.DefaultFileLockManager] Lock acquired on daemon addresses registry.
2025-03-31T16:46:55.293+0700 [DEBUG] [org.gradle.cache.internal.DefaultFileLockManager] Releasing lock on daemon addresses registry.
2025-03-31T16:46:55.293+0700 [DEBUG] [org.gradle.cache.internal.DefaultFileLockManager] Waiting to acquire shared lock on daemon addresses registry.
2025-03-31T16:46:55.294+0700 [DEBUG] [org.gradle.cache.internal.DefaultFileLockManager] Lock acquired on daemon addresses registry.
2025-03-31T16:46:55.294+0700 [DEBUG] [org.gradle.cache.internal.DefaultFileLockManager] Releasing lock on daemon addresses registry.
2025-03-31T16:46:55.295+0700 [DEBUG] [org.gradle.cache.internal.DefaultFileLockManager] Waiting to acquire shared lock on daemon addresses registry.
2025-03-31T16:46:55.295+0700 [DEBUG] [org.gradle.cache.internal.DefaultFileLockManager] Lock acquired on daemon addresses registry.
2025-03-31T16:46:55.295+0700 [DEBUG] [org.gradle.cache.internal.DefaultFileLockManager] Releasing lock on daemon addresses registry.
2025-03-31T16:47:05.294+0700 [DEBUG] [org.gradle.cache.internal.DefaultFileLockManager] Waiting to acquire shared lock on daemon addresses registry.
2025-03-31T16:47:05.295+0700 [DEBUG] [org.gradle.cache.internal.DefaultFileLockManager] Lock acquired on daemon addresses registry.
2025-03-31T16:47:05.295+0700 [DEBUG] [org.gradle.cache.internal.DefaultFileLockManager] Releasing lock on daemon addresses registry.
2025-03-31T16:47:05.296+0700 [DEBUG] [org.gradle.cache.internal.DefaultFileLockManager] Waiting to acquire shared lock on daemon addresses registry.
2025-03-31T16:47:05.297+0700 [DEBUG] [org.gradle.cache.internal.DefaultFileLockManager] Lock acquired on daemon addresses registry.
2025-03-31T16:47:05.297+0700 [DEBUG] [org.gradle.cache.internal.DefaultFileLockManager] Releasing lock on daemon addresses registry.
2025-03-31T16:47:05.298+0700 [DEBUG] [org.gradle.cache.internal.DefaultFileLockManager] Waiting to acquire shared lock on daemon addresses registry.
2025-03-31T16:47:05.298+0700 [DEBUG] [org.gradle.cache.internal.DefaultFileLockManager] Lock acquired on daemon addresses registry.
2025-03-31T16:47:05.299+0700 [DEBUG] [org.gradle.cache.internal.DefaultFileLockManager] Releasing lock on daemon addresses registry.
2025-03-31T16:47:15.296+0700 [DEBUG] [org.gradle.cache.internal.DefaultFileLockManager] Waiting to acquire shared lock on daemon addresses registry.
2025-03-31T16:47:15.297+0700 [DEBUG] [org.gradle.cache.internal.DefaultFileLockManager] Lock acquired on daemon addresses registry.
2025-03-31T16:47:15.297+0700 [DEBUG] [org.gradle.cache.internal.DefaultFileLockManager] Releasing lock on daemon addresses registry.
2025-03-31T16:47:15.298+0700 [DEBUG] [org.gradle.cache.internal.DefaultFileLockManager] Waiting to acquire shared lock on daemon addresses registry.
2025-03-31T16:47:15.298+0700 [DEBUG] [org.gradle.cache.internal.DefaultFileLockManager] Lock acquired on daemon addresses registry.
2025-03-31T16:47:15.298+0700 [DEBUG] [org.gradle.cache.internal.DefaultFileLockManager] Releasing lock on daemon addresses registry.
2025-03-31T16:47:15.299+0700 [DEBUG] [org.gradle.cache.internal.DefaultFileLockManager] Waiting to acquire shared lock on daemon addresses registry.
2025-03-31T16:47:15.299+0700 [DEBUG] [org.gradle.cache.internal.DefaultFileLockManager] Lock acquired on daemon addresses registry.
2025-03-31T16:47:15.299+0700 [DEBUG] [org.gradle.cache.internal.DefaultFileLockManager] Releasing lock on daemon addresses registry.
2025-03-31T16:47:25.291+0700 [DEBUG] [org.gradle.cache.internal.DefaultFileLockManager] Waiting to acquire shared lock on daemon addresses registry.
2025-03-31T16:47:25.292+0700 [DEBUG] [org.gradle.cache.internal.DefaultFileLockManager] Lock acquired on daemon addresses registry.
2025-03-31T16:47:25.293+0700 [DEBUG] [org.gradle.cache.internal.DefaultFileLockManager] Releasing lock on daemon addresses registry.
2025-03-31T16:47:25.294+0700 [DEBUG] [org.gradle.cache.internal.DefaultFileLockManager] Waiting to acquire shared lock on daemon addresses registry.
2025-03-31T16:47:25.295+0700 [DEBUG] [org.gradle.cache.internal.DefaultFileLockManager] Lock acquired on daemon addresses registry.
2025-03-31T16:47:25.296+0700 [DEBUG] [org.gradle.cache.internal.DefaultFileLockManager] Releasing lock on daemon addresses registry.
2025-03-31T16:47:25.297+0700 [DEBUG] [org.gradle.cache.internal.DefaultFileLockManager] Waiting to acquire shared lock on daemon addresses registry.
2025-03-31T16:47:25.298+0700 [DEBUG] [org.gradle.cache.internal.DefaultFileLockManager] Lock acquired on daemon addresses registry.
2025-03-31T16:47:25.299+0700 [DEBUG] [org.gradle.cache.internal.DefaultFileLockManager] Releasing lock on daemon addresses registry.
2025-03-31T16:47:35.297+0700 [DEBUG] [org.gradle.cache.internal.DefaultFileLockManager] Waiting to acquire shared lock on daemon addresses registry.
2025-03-31T16:47:35.297+0700 [DEBUG] [org.gradle.cache.internal.DefaultFileLockManager] Lock acquired on daemon addresses registry.
2025-03-31T16:47:35.297+0700 [DEBUG] [org.gradle.cache.internal.DefaultFileLockManager] Releasing lock on daemon addresses registry.
2025-03-31T16:47:35.298+0700 [DEBUG] [org.gradle.cache.internal.DefaultFileLockManager] Waiting to acquire shared lock on daemon addresses registry.
2025-03-31T16:47:35.298+0700 [DEBUG] [org.gradle.cache.internal.DefaultFileLockManager] Lock acquired on daemon addresses registry.
2025-03-31T16:47:35.298+0700 [DEBUG] [org.gradle.cache.internal.DefaultFileLockManager] Releasing lock on daemon addresses registry.
2025-03-31T16:47:35.299+0700 [DEBUG] [org.gradle.cache.internal.DefaultFileLockManager] Waiting to acquire shared lock on daemon addresses registry.
2025-03-31T16:47:35.299+0700 [DEBUG] [org.gradle.cache.internal.DefaultFileLockManager] Lock acquired on daemon addresses registry.
2025-03-31T16:47:35.299+0700 [DEBUG] [org.gradle.cache.internal.DefaultFileLockManager] Releasing lock on daemon addresses registry.
2025-03-31T16:47:45.299+0700 [DEBUG] [org.gradle.cache.internal.DefaultFileLockManager] Waiting to acquire shared lock on daemon addresses registry.
2025-03-31T16:47:45.299+0700 [DEBUG] [org.gradle.cache.internal.DefaultFileLockManager] Lock acquired on daemon addresses registry.
2025-03-31T16:47:45.300+0700 [DEBUG] [org.gradle.cache.internal.DefaultFileLockManager] Releasing lock on daemon addresses registry.
2025-03-31T16:47:45.301+0700 [DEBUG] [org.gradle.cache.internal.DefaultFileLockManager] Waiting to acquire shared lock on daemon addresses registry.
2025-03-31T16:47:45.302+0700 [DEBUG] [org.gradle.cache.internal.DefaultFileLockManager] Lock acquired on daemon addresses registry.
2025-03-31T16:47:45.302+0700 [DEBUG] [org.gradle.cache.internal.DefaultFileLockManager] Releasing lock on daemon addresses registry.
2025-03-31T16:47:45.303+0700 [DEBUG] [org.gradle.cache.internal.DefaultFileLockManager] Waiting to acquire shared lock on daemon addresses registry.
2025-03-31T16:47:45.303+0700 [DEBUG] [org.gradle.cache.internal.DefaultFileLockManager] Lock acquired on daemon addresses registry.
2025-03-31T16:47:45.304+0700 [DEBUG] [org.gradle.cache.internal.DefaultFileLockManager] Releasing lock on daemon addresses registry.
2025-03-31T16:47:55.295+0700 [DEBUG] [org.gradle.cache.internal.DefaultFileLockManager] Waiting to acquire shared lock on daemon addresses registry.
2025-03-31T16:47:55.295+0700 [DEBUG] [org.gradle.cache.internal.DefaultFileLockManager] Lock acquired on daemon addresses registry.
2025-03-31T16:47:55.296+0700 [DEBUG] [org.gradle.cache.internal.DefaultFileLockManager] Releasing lock on daemon addresses registry.
2025-03-31T16:47:55.297+0700 [DEBUG] [org.gradle.cache.internal.DefaultFileLockManager] Waiting to acquire shared lock on daemon addresses registry.
2025-03-31T16:47:55.298+0700 [DEBUG] [org.gradle.cache.internal.DefaultFileLockManager] Lock acquired on daemon addresses registry.
2025-03-31T16:47:55.298+0700 [DEBUG] [org.gradle.cache.internal.DefaultFileLockManager] Releasing lock on daemon addresses registry.
2025-03-31T16:47:55.298+0700 [DEBUG] [org.gradle.cache.internal.DefaultFileLockManager] Waiting to acquire shared lock on daemon addresses registry.
2025-03-31T16:47:55.299+0700 [DEBUG] [org.gradle.cache.internal.DefaultFileLockManager] Lock acquired on daemon addresses registry.
2025-03-31T16:47:55.299+0700 [DEBUG] [org.gradle.cache.internal.DefaultFileLockManager] Releasing lock on daemon addresses registry.
2025-03-31T16:48:05.294+0700 [DEBUG] [org.gradle.cache.internal.DefaultFileLockManager] Waiting to acquire shared lock on daemon addresses registry.
2025-03-31T16:48:05.294+0700 [DEBUG] [org.gradle.cache.internal.DefaultFileLockManager] Lock acquired on daemon addresses registry.
2025-03-31T16:48:05.295+0700 [DEBUG] [org.gradle.cache.internal.DefaultFileLockManager] Releasing lock on daemon addresses registry.
2025-03-31T16:48:05.295+0700 [DEBUG] [org.gradle.cache.internal.DefaultFileLockManager] Waiting to acquire shared lock on daemon addresses registry.
2025-03-31T16:48:05.296+0700 [DEBUG] [org.gradle.cache.internal.DefaultFileLockManager] Lock acquired on daemon addresses registry.
2025-03-31T16:48:05.296+0700 [DEBUG] [org.gradle.cache.internal.DefaultFileLockManager] Releasing lock on daemon addresses registry.
2025-03-31T16:48:05.296+0700 [DEBUG] [org.gradle.cache.internal.DefaultFileLockManager] Waiting to acquire shared lock on daemon addresses registry.
2025-03-31T16:48:05.297+0700 [DEBUG] [org.gradle.cache.internal.DefaultFileLockManager] Lock acquired on daemon addresses registry.
2025-03-31T16:48:05.297+0700 [DEBUG] [org.gradle.cache.internal.DefaultFileLockManager] Releasing lock on daemon addresses registry.
2025-03-31T16:48:15.300+0700 [DEBUG] [org.gradle.cache.internal.DefaultFileLockManager] Waiting to acquire shared lock on daemon addresses registry.
2025-03-31T16:48:15.300+0700 [DEBUG] [org.gradle.cache.internal.DefaultFileLockManager] Lock acquired on daemon addresses registry.
2025-03-31T16:48:15.300+0700 [DEBUG] [org.gradle.cache.internal.DefaultFileLockManager] Releasing lock on daemon addresses registry.
2025-03-31T16:48:15.301+0700 [DEBUG] [org.gradle.cache.internal.DefaultFileLockManager] Waiting to acquire shared lock on daemon addresses registry.
2025-03-31T16:48:15.301+0700 [DEBUG] [org.gradle.cache.internal.DefaultFileLockManager] Lock acquired on daemon addresses registry.
2025-03-31T16:48:15.302+0700 [DEBUG] [org.gradle.cache.internal.DefaultFileLockManager] Releasing lock on daemon addresses registry.
2025-03-31T16:48:15.302+0700 [DEBUG] [org.gradle.cache.internal.DefaultFileLockManager] Waiting to acquire shared lock on daemon addresses registry.
2025-03-31T16:48:15.302+0700 [DEBUG] [org.gradle.cache.internal.DefaultFileLockManager] Lock acquired on daemon addresses registry.
2025-03-31T16:48:15.303+0700 [DEBUG] [org.gradle.cache.internal.DefaultFileLockManager] Releasing lock on daemon addresses registry.
2025-03-31T16:48:25.301+0700 [DEBUG] [org.gradle.cache.internal.DefaultFileLockManager] Waiting to acquire shared lock on daemon addresses registry.
2025-03-31T16:48:25.302+0700 [DEBUG] [org.gradle.cache.internal.DefaultFileLockManager] Lock acquired on daemon addresses registry.
2025-03-31T16:48:25.302+0700 [DEBUG] [org.gradle.cache.internal.DefaultFileLockManager] Releasing lock on daemon addresses registry.
2025-03-31T16:48:25.303+0700 [DEBUG] [org.gradle.cache.internal.DefaultFileLockManager] Waiting to acquire shared lock on daemon addresses registry.
2025-03-31T16:48:25.303+0700 [DEBUG] [org.gradle.cache.internal.DefaultFileLockManager] Lock acquired on daemon addresses registry.
2025-03-31T16:48:25.303+0700 [DEBUG] [org.gradle.cache.internal.DefaultFileLockManager] Releasing lock on daemon addresses registry.
2025-03-31T16:48:25.304+0700 [DEBUG] [org.gradle.cache.internal.DefaultFileLockManager] Waiting to acquire shared lock on daemon addresses registry.
2025-03-31T16:48:25.304+0700 [DEBUG] [org.gradle.cache.internal.DefaultFileLockManager] Lock acquired on daemon addresses registry.
2025-03-31T16:48:25.305+0700 [DEBUG] [org.gradle.cache.internal.DefaultFileLockManager] Releasing lock on daemon addresses registry.
2025-03-31T16:48:35.293+0700 [DEBUG] [org.gradle.cache.internal.DefaultFileLockManager] Waiting to acquire shared lock on daemon addresses registry.
2025-03-31T16:48:35.293+0700 [DEBUG] [org.gradle.cache.internal.DefaultFileLockManager] Lock acquired on daemon addresses registry.
2025-03-31T16:48:35.294+0700 [DEBUG] [org.gradle.cache.internal.DefaultFileLockManager] Releasing lock on daemon addresses registry.
2025-03-31T16:48:35.295+0700 [DEBUG] [org.gradle.cache.internal.DefaultFileLockManager] Waiting to acquire shared lock on daemon addresses registry.
2025-03-31T16:48:35.295+0700 [DEBUG] [org.gradle.cache.internal.DefaultFileLockManager] Lock acquired on daemon addresses registry.
2025-03-31T16:48:35.295+0700 [DEBUG] [org.gradle.cache.internal.DefaultFileLockManager] Releasing lock on daemon addresses registry.
2025-03-31T16:48:35.296+0700 [DEBUG] [org.gradle.cache.internal.DefaultFileLockManager] Waiting to acquire shared lock on daemon addresses registry.
2025-03-31T16:48:35.297+0700 [DEBUG] [org.gradle.cache.internal.DefaultFileLockManager] Lock acquired on daemon addresses registry.
2025-03-31T16:48:35.297+0700 [DEBUG] [org.gradle.cache.internal.DefaultFileLockManager] Releasing lock on daemon addresses registry.
2025-03-31T16:48:45.300+0700 [DEBUG] [org.gradle.cache.internal.DefaultFileLockManager] Waiting to acquire shared lock on daemon addresses registry.
2025-03-31T16:48:45.300+0700 [DEBUG] [org.gradle.cache.internal.DefaultFileLockManager] Lock acquired on daemon addresses registry.
2025-03-31T16:48:45.300+0700 [DEBUG] [org.gradle.cache.internal.DefaultFileLockManager] Releasing lock on daemon addresses registry.
2025-03-31T16:48:45.301+0700 [DEBUG] [org.gradle.cache.internal.DefaultFileLockManager] Waiting to acquire shared lock on daemon addresses registry.
2025-03-31T16:48:45.301+0700 [DEBUG] [org.gradle.cache.internal.DefaultFileLockManager] Lock acquired on daemon addresses registry.
2025-03-31T16:48:45.301+0700 [DEBUG] [org.gradle.cache.internal.DefaultFileLockManager] Releasing lock on daemon addresses registry.
2025-03-31T16:48:45.302+0700 [DEBUG] [org.gradle.cache.internal.DefaultFileLockManager] Waiting to acquire shared lock on daemon addresses registry.
2025-03-31T16:48:45.302+0700 [DEBUG] [org.gradle.cache.internal.DefaultFileLockManager] Lock acquired on daemon addresses registry.
2025-03-31T16:48:45.303+0700 [DEBUG] [org.gradle.cache.internal.DefaultFileLockManager] Releasing lock on daemon addresses registry.
2025-03-31T16:48:55.300+0700 [DEBUG] [org.gradle.cache.internal.DefaultFileLockManager] Waiting to acquire shared lock on daemon addresses registry.
2025-03-31T16:48:55.300+0700 [DEBUG] [org.gradle.cache.internal.DefaultFileLockManager] Lock acquired on daemon addresses registry.
2025-03-31T16:48:55.300+0700 [DEBUG] [org.gradle.cache.internal.DefaultFileLockManager] Releasing lock on daemon addresses registry.
2025-03-31T16:48:55.301+0700 [DEBUG] [org.gradle.cache.internal.DefaultFileLockManager] Waiting to acquire shared lock on daemon addresses registry.
2025-03-31T16:48:55.301+0700 [DEBUG] [org.gradle.cache.internal.DefaultFileLockManager] Lock acquired on daemon addresses registry.
2025-03-31T16:48:55.301+0700 [DEBUG] [org.gradle.cache.internal.DefaultFileLockManager] Releasing lock on daemon addresses registry.
2025-03-31T16:48:55.302+0700 [DEBUG] [org.gradle.cache.internal.DefaultFileLockManager] Waiting to acquire shared lock on daemon addresses registry.
2025-03-31T16:48:55.302+0700 [DEBUG] [org.gradle.cache.internal.DefaultFileLockManager] Lock acquired on daemon addresses registry.
2025-03-31T16:48:55.303+0700 [DEBUG] [org.gradle.cache.internal.DefaultFileLockManager] Releasing lock on daemon addresses registry.
2025-03-31T16:49:05.294+0700 [DEBUG] [org.gradle.cache.internal.DefaultFileLockManager] Waiting to acquire shared lock on daemon addresses registry.
2025-03-31T16:49:05.294+0700 [DEBUG] [org.gradle.cache.internal.DefaultFileLockManager] Lock acquired on daemon addresses registry.
2025-03-31T16:49:05.294+0700 [DEBUG] [org.gradle.cache.internal.DefaultFileLockManager] Releasing lock on daemon addresses registry.
2025-03-31T16:49:05.295+0700 [DEBUG] [org.gradle.cache.internal.DefaultFileLockManager] Waiting to acquire shared lock on daemon addresses registry.
2025-03-31T16:49:05.295+0700 [DEBUG] [org.gradle.cache.internal.DefaultFileLockManager] Lock acquired on daemon addresses registry.
2025-03-31T16:49:05.295+0700 [DEBUG] [org.gradle.cache.internal.DefaultFileLockManager] Releasing lock on daemon addresses registry.
2025-03-31T16:49:05.296+0700 [DEBUG] [org.gradle.cache.internal.DefaultFileLockManager] Waiting to acquire shared lock on daemon addresses registry.
2025-03-31T16:49:05.296+0700 [DEBUG] [org.gradle.cache.internal.DefaultFileLockManager] Lock acquired on daemon addresses registry.
2025-03-31T16:49:05.296+0700 [DEBUG] [org.gradle.cache.internal.DefaultFileLockManager] Releasing lock on daemon addresses registry.
2025-03-31T16:49:06.318+0700 [DEBUG] [org.gradle.internal.remote.internal.inet.TcpIncomingConnector] Accepted connection from /127.0.0.1:64632 to /127.0.0.1:64498.
2025-03-31T16:49:06.323+0700 [DEBUG] [org.gradle.launcher.daemon.server.SynchronizedDispatchConnection] thread 203: received class org.gradle.launcher.daemon.protocol.Build
2025-03-31T16:49:06.323+0700 [DEBUG] [org.gradle.launcher.daemon.server.DefaultDaemonConnection] thread 203: Received non-IO message from client: Build{id=d4363454-a3ae-4cf5-a51c-79a039567f7c, currentDir=C:\Users\Administrator\AndroidStudioProjects\PrescriptionManagementApp}
2025-03-31T16:49:06.323+0700 [INFO] [org.gradle.launcher.daemon.server.DefaultIncomingConnectionHandler] Received command: Build{id=d4363454-a3ae-4cf5-a51c-79a039567f7c, currentDir=C:\Users\Administrator\AndroidStudioProjects\PrescriptionManagementApp}.
2025-03-31T16:49:06.323+0700 [DEBUG] [org.gradle.launcher.daemon.server.DefaultIncomingConnectionHandler] Starting executing command: Build{id=d4363454-a3ae-4cf5-a51c-79a039567f7c, currentDir=C:\Users\Administrator\AndroidStudioProjects\PrescriptionManagementApp} with connection: socket connection from /127.0.0.1:64498 to /127.0.0.1:64632.
2025-03-31T16:49:06.324+0700 [DEBUG] [org.gradle.launcher.daemon.server.DaemonStateCoordinator] Command execution: started DaemonCommandExecution[command = Build{id=d4363454-a3ae-4cf5-a51c-79a039567f7c, currentDir=C:\Users\Administrator\AndroidStudioProjects\PrescriptionManagementApp}, connection = DefaultDaemonConnection: socket connection from /127.0.0.1:64498 to /127.0.0.1:64632] after 2.7133166666666666 minutes of idle
2025-03-31T16:49:06.324+0700 [INFO] [org.gradle.launcher.daemon.server.DaemonRegistryUpdater] Marking the daemon as busy, address: [11eea899-7ae8-42a8-afae-c7641c3f9d00 port:64498, addresses:[localhost/127.0.0.1]]
2025-03-31T16:49:06.324+0700 [DEBUG] [org.gradle.launcher.daemon.registry.PersistentDaemonRegistry] Marking busy by address: [11eea899-7ae8-42a8-afae-c7641c3f9d00 port:64498, addresses:[localhost/127.0.0.1]]
2025-03-31T16:49:06.325+0700 [DEBUG] [org.gradle.cache.internal.DefaultFileLockManager] Waiting to acquire exclusive lock on daemon addresses registry.
2025-03-31T16:49:06.326+0700 [DEBUG] [org.gradle.cache.internal.DefaultFileLockManager] Lock acquired on daemon addresses registry.
2025-03-31T16:49:06.327+0700 [DEBUG] [org.gradle.cache.internal.DefaultFileLockManager] Releasing lock on daemon addresses registry.
2025-03-31T16:49:06.328+0700 [DEBUG] [org.gradle.launcher.daemon.server.DaemonStateCoordinator] resetting idle timer
2025-03-31T16:49:06.328+0700 [DEBUG] [org.gradle.launcher.daemon.server.DaemonStateCoordinator] daemon is running. Sleeping until state changes.
2025-03-31T16:49:06.328+0700 [INFO] [org.gradle.launcher.daemon.server.exec.StartBuildOrRespondWithBusy] Daemon is about to start building Build{id=d4363454-a3ae-4cf5-a51c-79a039567f7c, currentDir=C:\Users\Administrator\AndroidStudioProjects\PrescriptionManagementApp}. Dispatching build started information...
2025-03-31T16:49:06.328+0700 [DEBUG] [org.gradle.launcher.daemon.server.SynchronizedDispatchConnection] thread 205: dispatching org.gradle.launcher.daemon.protocol.BuildStarted@8cbf8ea
2025-03-31T16:49:06.329+0700 [DEBUG] [org.gradle.launcher.daemon.server.exec.EstablishBuildEnvironment] Configuring env variables: [USERDOMAIN_ROAMINGPROFILE, LOCALAPPDATA, PROCESSOR_LEVEL, USERDOMAIN, LOGONSERVER, FPS_BROWSER_APP_PROFILE_STRING, SESSIONNAME, ALLUSERSPROFILE, PROCESSOR_ARCHITECTURE, PSModulePath, SystemDrive, EFC_3896, OneDrive, MAVEN_HOME, APPDATA, NODEJS, USERNAME, ProgramFiles(x86), CommonProgramFiles, Path, FPS_BROWSER_USER_PROFILE_STRING, PATHEXT, DriverData, OS, COMPUTERNAME, PROCESSOR_REVISION, CommonProgramW6432, ComSpec, ProgramData, ProgramW6432, TEMP, HOMEPATH, SystemRoot, PROCESSOR_IDENTIFIER, HOMEDRIVE, USERPROFILE, TMP, CommonProgramFiles(x86), ProgramFiles, PUBLIC, windir, NUMBER_OF_PROCESSORS, Java17, =::]
2025-03-31T16:49:06.331+0700 [DEBUG] [org.gradle.launcher.daemon.server.exec.LogToClient] About to start relaying all logs to the client via the connection.
2025-03-31T16:49:06.332+0700 [INFO] [org.gradle.launcher.daemon.server.exec.LogToClient] The client will now receive all logging from the daemon (pid: 23392). The daemon log file: C:\Users\Administrator\AndroidStudioProjects\PrescriptionManagementApp\daemon\8.10.2\daemon-23392.out.log
2025-03-31T16:49:06.334+0700 [INFO] [org.gradle.launcher.daemon.server.exec.LogAndCheckHealth] Starting 2nd build in daemon [uptime: 3 mins 11.273 secs, performance: 99%, GC rate: 0.00/s, heap usage: 0% of 2 GiB]
2025-03-31T16:49:06.334+0700 [DEBUG] [org.gradle.launcher.daemon.server.exec.ExecuteBuild] The daemon has started executing the build.
2025-03-31T16:49:06.334+0700 [DEBUG] [org.gradle.launcher.daemon.server.exec.ExecuteBuild] Executing build with daemon context: DefaultDaemonContext[uid=00bf664e-3dd3-46b4-ab9b-bdfd2623c785,javaHome=C:\Program Files\Android\Android Studio\jbr,javaVersion=21,javaVendor=JetBrains s.r.o.,daemonRegistryDir=C:\Users\Administrator\AndroidStudioProjects\PrescriptionManagementApp\daemon,pid=23392,idleTimeout=10800000,priority=NORMAL,applyInstrumentationAgent=true,nativeServicesMode=ENABLED,daemonOpts=--add-opens=java.base/java.util=ALL-UNNAMED,--add-opens=java.base/java.lang=ALL-UNNAMED,--add-opens=java.base/java.lang.invoke=ALL-UNNAMED,--add-opens=java.prefs/java.util.prefs=ALL-UNNAMED,--add-exports=jdk.compiler/com.sun.tools.javac.api=ALL-UNNAMED,--add-exports=jdk.compiler/com.sun.tools.javac.util=ALL-UNNAMED,--add-opens=java.base/java.nio.charset=ALL-UNNAMED,--add-opens=java.base/java.net=ALL-UNNAMED,--add-opens=java.base/java.util.concurrent.atomic=ALL-UNNAMED,-Xmx2048m,-Dfile.encoding=UTF-8,-Duser.country=US,-Duser.language=en,-Duser.variant]

BUILD SUCCESSFUL in 42s
31 actionable tasks: 31 executed
2025-03-31T16:49:48.554+0700 [DEBUG] [org.gradle.launcher.daemon.server.exec.ExecuteBuild] The daemon has finished executing the build.
2025-03-31T16:49:48.571+0700 [DEBUG] [org.gradle.launcher.daemon.server.DaemonStateCoordinator] daemon is running. Sleeping until state changes.
2025-03-31T16:49:48.571+0700 [DEBUG] [org.gradle.launcher.daemon.server.DaemonStateCoordinator] Command execution: finished waiting for DaemonCommandExecution[command = Build{id=d4363454-a3ae-4cf5-a51c-79a039567f7c, currentDir=C:\Users\Administrator\AndroidStudioProjects\PrescriptionManagementApp}, connection = DefaultDaemonConnection: socket connection from /127.0.0.1:64498 to /127.0.0.1:64632]. Result org.gradle.launcher.daemon.server.DaemonStateCoordinator@2b8df4c6 with state Busy
2025-03-31T16:49:48.571+0700 [DEBUG] [org.gradle.launcher.daemon.server.DaemonStateCoordinator] Command execution: completed DaemonCommandExecution[command = Build{id=d4363454-a3ae-4cf5-a51c-79a039567f7c, currentDir=C:\Users\Administrator\AndroidStudioProjects\PrescriptionManagementApp}, connection = DefaultDaemonConnection: socket connection from /127.0.0.1:64498 to /127.0.0.1:64632]
2025-03-31T16:49:48.572+0700 [DEBUG] [org.gradle.launcher.daemon.server.DaemonStateCoordinator] resetting idle timer
2025-03-31T16:49:48.572+0700 [INFO] [org.gradle.launcher.daemon.server.DaemonRegistryUpdater] Marking the daemon as idle, address: [11eea899-7ae8-42a8-afae-c7641c3f9d00 port:64498, addresses:[localhost/127.0.0.1]]
2025-03-31T16:49:48.572+0700 [DEBUG] [org.gradle.launcher.daemon.registry.PersistentDaemonRegistry] Marking busy by address: [11eea899-7ae8-42a8-afae-c7641c3f9d00 port:64498, addresses:[localhost/127.0.0.1]]
2025-03-31T16:49:48.573+0700 [DEBUG] [org.gradle.cache.internal.DefaultFileLockManager] Waiting to acquire exclusive lock on daemon addresses registry.
2025-03-31T16:49:48.574+0700 [DEBUG] [org.gradle.cache.internal.DefaultFileLockManager] Lock acquired on daemon addresses registry.
2025-03-31T16:49:48.575+0700 [DEBUG] [org.gradle.cache.internal.DefaultFileLockManager] Releasing lock on daemon addresses registry.
2025-03-31T16:49:48.576+0700 [DEBUG] [org.gradle.launcher.daemon.server.exec.ReturnResult] Daemon is dispatching the build result: Success[value=org.gradle.launcher.exec.BuildActionResult@22738889]
2025-03-31T16:49:48.576+0700 [DEBUG] [org.gradle.launcher.daemon.server.SynchronizedDispatchConnection] thread 202: dispatching Success[value=org.gradle.launcher.exec.BuildActionResult@22738889]
2025-03-31T16:49:48.576+0700 [DEBUG] [org.gradle.launcher.daemon.server.DaemonStateCoordinator] daemon is running. Sleeping until state changes.
2025-03-31T16:49:48.577+0700 [DEBUG] [org.gradle.launcher.daemon.server.DefaultIncomingConnectionHandler] Finishing executing command: Build{id=d4363454-a3ae-4cf5-a51c-79a039567f7c, currentDir=C:\Users\Administrator\AndroidStudioProjects\PrescriptionManagementApp}
2025-03-31T16:49:48.577+0700 [DEBUG] [org.gradle.launcher.daemon.server.exec.CleanUpVirtualFileSystemAfterBuild] Cleaning virtual file system after build finished
2025-03-31T16:49:48.577+0700 [DEBUG] [org.gradle.launcher.daemon.server.SynchronizedDispatchConnection] thread 203: received class org.gradle.launcher.daemon.protocol.CloseInput
2025-03-31T16:49:48.577+0700 [DEBUG] [org.gradle.launcher.daemon.server.DefaultDaemonConnection] thread 203: Received IO message from client: org.gradle.launcher.daemon.protocol.CloseInput@500d92e1
2025-03-31T16:49:48.577+0700 [DEBUG] [org.gradle.launcher.daemon.server.SynchronizedDispatchConnection] thread 203: received class org.gradle.launcher.daemon.protocol.Finished
2025-03-31T16:49:48.578+0700 [DEBUG] [org.gradle.launcher.daemon.server.DefaultDaemonConnection] thread 203: Received non-IO message from client: org.gradle.launcher.daemon.protocol.Finished@5eca7690
2025-03-31T16:49:48.578+0700 [DEBUG] [org.gradle.launcher.daemon.server.DefaultIncomingConnectionHandler] Received finished message: org.gradle.launcher.daemon.protocol.Finished@5eca7690
2025-03-31T16:49:48.578+0700 [DEBUG] [org.gradle.internal.remote.internal.inet.SocketConnection] Discarding EOFException: java.io.EOFException
2025-03-31T16:49:48.578+0700 [DEBUG] [org.gradle.launcher.daemon.server.SynchronizedDispatchConnection] thread 202: stopping connection
2025-03-31T16:49:48.579+0700 [DEBUG] [org.gradle.launcher.daemon.server.SynchronizedDispatchConnection] thread 203: received null
2025-03-31T16:49:48.579+0700 [DEBUG] [org.gradle.launcher.daemon.server.DefaultDaemonConnection] thread 203: Received end-of-input from client.
2025-03-31T16:49:48.580+0700 [DEBUG] [org.gradle.launcher.daemon.server.SynchronizedDispatchConnection] thread 202: stopping connection
2025-03-31T16:49:48.594+0700 [DEBUG] [org.gradle.process.internal.health.memory.DefaultMemoryManager] 2348528844 virtual memory requested, 2258374656 free
2025-03-31T16:49:48.594+0700 [DEBUG] [org.gradle.workers.internal.WorkerDaemonExpiration] Will attempt to release 2239 of memory
2025-03-31T16:49:48.595+0700 [DEBUG] [org.gradle.process.internal.health.memory.DefaultMemoryManager] 2348528844 virtual memory requested, 0 released, 2258374656 free
2025-03-31T16:49:48.762+0700 [DEBUG] [org.gradle.internal.watch.vfs.impl.WatchingVirtualFileSystem] Handling VFS change CREATED C:\Users\Administrator\AndroidStudioProjects\PrescriptionManagementApp\app\src\main\res\layout\activity_statistics.xml~
2025-03-31T16:49:48.765+0700 [DEBUG] [org.gradle.internal.watch.vfs.impl.WatchingVirtualFileSystem] Handling VFS change MODIFIED C:\Users\Administrator\AndroidStudioProjects\PrescriptionManagementApp\app\src\main\res\layout\activity_statistics.xml
2025-03-31T16:49:55.297+0700 [DEBUG] [org.gradle.cache.internal.DefaultFileLockManager] Waiting to acquire shared lock on daemon addresses registry.
2025-03-31T16:49:55.298+0700 [DEBUG] [org.gradle.cache.internal.DefaultFileLockManager] Lock acquired on daemon addresses registry.
2025-03-31T16:49:55.298+0700 [DEBUG] [org.gradle.cache.internal.DefaultFileLockManager] Releasing lock on daemon addresses registry.
2025-03-31T16:49:55.300+0700 [DEBUG] [org.gradle.cache.internal.DefaultFileLockManager] Waiting to acquire shared lock on daemon addresses registry.
2025-03-31T16:49:55.300+0700 [DEBUG] [org.gradle.cache.internal.DefaultFileLockManager] Lock acquired on daemon addresses registry.
2025-03-31T16:49:55.301+0700 [DEBUG] [org.gradle.cache.internal.DefaultFileLockManager] Releasing lock on daemon addresses registry.
2025-03-31T16:49:58.594+0700 [DEBUG] [org.gradle.process.internal.health.memory.DefaultMemoryManager] 2348528844 virtual memory requested, 2318884864 free
2025-03-31T16:49:58.594+0700 [DEBUG] [org.gradle.workers.internal.WorkerDaemonExpiration] Will attempt to release 2239 of memory
2025-03-31T16:49:58.594+0700 [DEBUG] [org.gradle.process.internal.health.memory.DefaultMemoryManager] 2348528844 virtual memory requested, 0 released, 2318884864 free
2025-03-31T16:50:05.305+0700 [DEBUG] [org.gradle.cache.internal.DefaultFileLockManager] Waiting to acquire shared lock on daemon addresses registry.
2025-03-31T16:50:05.305+0700 [DEBUG] [org.gradle.cache.internal.DefaultFileLockManager] Lock acquired on daemon addresses registry.
2025-03-31T16:50:05.305+0700 [DEBUG] [org.gradle.cache.internal.DefaultFileLockManager] Releasing lock on daemon addresses registry.
2025-03-31T16:50:05.307+0700 [DEBUG] [org.gradle.cache.internal.DefaultFileLockManager] Waiting to acquire shared lock on daemon addresses registry.
2025-03-31T16:50:05.307+0700 [DEBUG] [org.gradle.cache.internal.DefaultFileLockManager] Lock acquired on daemon addresses registry.
2025-03-31T16:50:05.308+0700 [DEBUG] [org.gradle.cache.internal.DefaultFileLockManager] Releasing lock on daemon addresses registry.
2025-03-31T16:50:05.309+0700 [DEBUG] [org.gradle.cache.internal.DefaultFileLockManager] Waiting to acquire shared lock on daemon addresses registry.
2025-03-31T16:50:05.309+0700 [DEBUG] [org.gradle.cache.internal.DefaultFileLockManager] Lock acquired on daemon addresses registry.
2025-03-31T16:50:05.310+0700 [DEBUG] [org.gradle.cache.internal.DefaultFileLockManager] Releasing lock on daemon addresses registry.
2025-03-31T16:50:14.117+0700 [DEBUG] [org.gradle.internal.remote.internal.inet.TcpIncomingConnector] Accepted connection from /127.0.0.1:64769 to /127.0.0.1:64498.
2025-03-31T16:50:14.122+0700 [DEBUG] [org.gradle.launcher.daemon.server.SynchronizedDispatchConnection] thread 411: received class org.gradle.launcher.daemon.protocol.Build
2025-03-31T16:50:14.123+0700 [DEBUG] [org.gradle.launcher.daemon.server.DefaultDaemonConnection] thread 411: Received non-IO message from client: Build{id=397f7f20-589f-4d86-ae08-cb3a497e658a, currentDir=C:\Users\Administrator\AndroidStudioProjects\PrescriptionManagementApp}
2025-03-31T16:50:14.123+0700 [INFO] [org.gradle.launcher.daemon.server.DefaultIncomingConnectionHandler] Received command: Build{id=397f7f20-589f-4d86-ae08-cb3a497e658a, currentDir=C:\Users\Administrator\AndroidStudioProjects\PrescriptionManagementApp}.
2025-03-31T16:50:14.123+0700 [DEBUG] [org.gradle.launcher.daemon.server.DefaultIncomingConnectionHandler] Starting executing command: Build{id=397f7f20-589f-4d86-ae08-cb3a497e658a, currentDir=C:\Users\Administrator\AndroidStudioProjects\PrescriptionManagementApp} with connection: socket connection from /127.0.0.1:64498 to /127.0.0.1:64769.
2025-03-31T16:50:14.123+0700 [DEBUG] [org.gradle.launcher.daemon.server.DaemonStateCoordinator] Command execution: started DaemonCommandExecution[command = Build{id=397f7f20-589f-4d86-ae08-cb3a497e658a, currentDir=C:\Users\Administrator\AndroidStudioProjects\PrescriptionManagementApp}, connection = DefaultDaemonConnection: socket connection from /127.0.0.1:64498 to /127.0.0.1:64769] after 0.42584999999999995 minutes of idle
2025-03-31T16:50:14.124+0700 [INFO] [org.gradle.launcher.daemon.server.DaemonRegistryUpdater] Marking the daemon as busy, address: [11eea899-7ae8-42a8-afae-c7641c3f9d00 port:64498, addresses:[localhost/127.0.0.1]]
2025-03-31T16:50:14.124+0700 [DEBUG] [org.gradle.launcher.daemon.registry.PersistentDaemonRegistry] Marking busy by address: [11eea899-7ae8-42a8-afae-c7641c3f9d00 port:64498, addresses:[localhost/127.0.0.1]]
2025-03-31T16:50:14.125+0700 [DEBUG] [org.gradle.cache.internal.DefaultFileLockManager] Waiting to acquire exclusive lock on daemon addresses registry.
2025-03-31T16:50:14.125+0700 [DEBUG] [org.gradle.cache.internal.DefaultFileLockManager] Lock acquired on daemon addresses registry.
2025-03-31T16:50:14.127+0700 [DEBUG] [org.gradle.cache.internal.DefaultFileLockManager] Releasing lock on daemon addresses registry.
2025-03-31T16:50:14.128+0700 [DEBUG] [org.gradle.launcher.daemon.server.DaemonStateCoordinator] resetting idle timer
2025-03-31T16:50:14.128+0700 [DEBUG] [org.gradle.launcher.daemon.server.DaemonStateCoordinator] daemon is running. Sleeping until state changes.
2025-03-31T16:50:14.128+0700 [INFO] [org.gradle.launcher.daemon.server.exec.StartBuildOrRespondWithBusy] Daemon is about to start building Build{id=397f7f20-589f-4d86-ae08-cb3a497e658a, currentDir=C:\Users\Administrator\AndroidStudioProjects\PrescriptionManagementApp}. Dispatching build started information...
2025-03-31T16:50:14.128+0700 [DEBUG] [org.gradle.launcher.daemon.server.SynchronizedDispatchConnection] thread 205: dispatching org.gradle.launcher.daemon.protocol.BuildStarted@2deb01ec
2025-03-31T16:50:14.129+0700 [DEBUG] [org.gradle.launcher.daemon.server.exec.EstablishBuildEnvironment] Configuring env variables: [USERDOMAIN_ROAMINGPROFILE, LOCALAPPDATA, PROCESSOR_LEVEL, USERDOMAIN, LOGONSERVER, FPS_BROWSER_APP_PROFILE_STRING, SESSIONNAME, ALLUSERSPROFILE, PROCESSOR_ARCHITECTURE, PSModulePath, SystemDrive, EFC_3896, OneDrive, MAVEN_HOME, APPDATA, NODEJS, USERNAME, ProgramFiles(x86), CommonProgramFiles, Path, FPS_BROWSER_USER_PROFILE_STRING, PATHEXT, DriverData, OS, COMPUTERNAME, PROCESSOR_REVISION, CommonProgramW6432, ComSpec, ProgramData, ProgramW6432, TEMP, HOMEPATH, SystemRoot, PROCESSOR_IDENTIFIER, HOMEDRIVE, USERPROFILE, TMP, CommonProgramFiles(x86), ProgramFiles, PUBLIC, windir, NUMBER_OF_PROCESSORS, Java17, =::]
2025-03-31T16:50:14.131+0700 [DEBUG] [org.gradle.launcher.daemon.server.exec.LogToClient] About to start relaying all logs to the client via the connection.
2025-03-31T16:50:14.131+0700 [INFO] [org.gradle.launcher.daemon.server.exec.LogToClient] The client will now receive all logging from the daemon (pid: 23392). The daemon log file: C:\Users\Administrator\AndroidStudioProjects\PrescriptionManagementApp\daemon\8.10.2\daemon-23392.out.log
2025-03-31T16:50:14.132+0700 [INFO] [org.gradle.launcher.daemon.server.exec.LogAndCheckHealth] Starting 3rd build in daemon [uptime: 4 mins 19.072 secs, performance: 99%, GC rate: 0.00/s, heap usage: 0% of 2 GiB]
2025-03-31T16:50:14.132+0700 [DEBUG] [org.gradle.launcher.daemon.server.exec.ExecuteBuild] The daemon has started executing the build.
2025-03-31T16:50:14.133+0700 [DEBUG] [org.gradle.launcher.daemon.server.exec.ExecuteBuild] Executing build with daemon context: DefaultDaemonContext[uid=00bf664e-3dd3-46b4-ab9b-bdfd2623c785,javaHome=C:\Program Files\Android\Android Studio\jbr,javaVersion=21,javaVendor=JetBrains s.r.o.,daemonRegistryDir=C:\Users\Administrator\AndroidStudioProjects\PrescriptionManagementApp\daemon,pid=23392,idleTimeout=10800000,priority=NORMAL,applyInstrumentationAgent=true,nativeServicesMode=ENABLED,daemonOpts=--add-opens=java.base/java.util=ALL-UNNAMED,--add-opens=java.base/java.lang=ALL-UNNAMED,--add-opens=java.base/java.lang.invoke=ALL-UNNAMED,--add-opens=java.prefs/java.util.prefs=ALL-UNNAMED,--add-exports=jdk.compiler/com.sun.tools.javac.api=ALL-UNNAMED,--add-exports=jdk.compiler/com.sun.tools.javac.util=ALL-UNNAMED,--add-opens=java.base/java.nio.charset=ALL-UNNAMED,--add-opens=java.base/java.net=ALL-UNNAMED,--add-opens=java.base/java.util.concurrent.atomic=ALL-UNNAMED,-Xmx2048m,-Dfile.encoding=UTF-8,-Duser.country=US,-Duser.language=en,-Duser.variant]

BUILD SUCCESSFUL in 2s
31 actionable tasks: 7 executed, 24 up-to-date
2025-03-31T16:50:16.962+0700 [DEBUG] [org.gradle.launcher.daemon.server.exec.ExecuteBuild] The daemon has finished executing the build.
2025-03-31T16:50:16.979+0700 [DEBUG] [org.gradle.launcher.daemon.server.DaemonStateCoordinator] daemon is running. Sleeping until state changes.
2025-03-31T16:50:16.979+0700 [DEBUG] [org.gradle.launcher.daemon.server.DaemonStateCoordinator] Command execution: finished waiting for DaemonCommandExecution[command = Build{id=397f7f20-589f-4d86-ae08-cb3a497e658a, currentDir=C:\Users\Administrator\AndroidStudioProjects\PrescriptionManagementApp}, connection = DefaultDaemonConnection: socket connection from /127.0.0.1:64498 to /127.0.0.1:64769]. Result org.gradle.launcher.daemon.server.DaemonStateCoordinator@2b8df4c6 with state Busy
2025-03-31T16:50:16.980+0700 [DEBUG] [org.gradle.launcher.daemon.server.DaemonStateCoordinator] Command execution: completed DaemonCommandExecution[command = Build{id=397f7f20-589f-4d86-ae08-cb3a497e658a, currentDir=C:\Users\Administrator\AndroidStudioProjects\PrescriptionManagementApp}, connection = DefaultDaemonConnection: socket connection from /127.0.0.1:64498 to /127.0.0.1:64769]
2025-03-31T16:50:16.980+0700 [DEBUG] [org.gradle.launcher.daemon.server.DaemonStateCoordinator] resetting idle timer
2025-03-31T16:50:16.980+0700 [INFO] [org.gradle.launcher.daemon.server.DaemonRegistryUpdater] Marking the daemon as idle, address: [11eea899-7ae8-42a8-afae-c7641c3f9d00 port:64498, addresses:[localhost/127.0.0.1]]
2025-03-31T16:50:16.980+0700 [DEBUG] [org.gradle.launcher.daemon.registry.PersistentDaemonRegistry] Marking busy by address: [11eea899-7ae8-42a8-afae-c7641c3f9d00 port:64498, addresses:[localhost/127.0.0.1]]
2025-03-31T16:50:16.980+0700 [DEBUG] [org.gradle.cache.internal.DefaultFileLockManager] Waiting to acquire exclusive lock on daemon addresses registry.
2025-03-31T16:50:16.981+0700 [DEBUG] [org.gradle.cache.internal.DefaultFileLockManager] Lock acquired on daemon addresses registry.
2025-03-31T16:50:16.982+0700 [DEBUG] [org.gradle.cache.internal.DefaultFileLockManager] Releasing lock on daemon addresses registry.
2025-03-31T16:50:16.982+0700 [DEBUG] [org.gradle.launcher.daemon.server.DaemonStateCoordinator] daemon is running. Sleeping until state changes.
2025-03-31T16:50:16.982+0700 [DEBUG] [org.gradle.launcher.daemon.server.exec.ReturnResult] Daemon is dispatching the build result: Success[value=org.gradle.launcher.exec.BuildActionResult@147dcca2]
2025-03-31T16:50:16.983+0700 [DEBUG] [org.gradle.launcher.daemon.server.SynchronizedDispatchConnection] thread 202: dispatching Success[value=org.gradle.launcher.exec.BuildActionResult@147dcca2]
2025-03-31T16:50:16.983+0700 [DEBUG] [org.gradle.launcher.daemon.server.exec.CleanUpVirtualFileSystemAfterBuild] Cleaning virtual file system after build finished
2025-03-31T16:50:16.983+0700 [DEBUG] [org.gradle.launcher.daemon.server.SynchronizedDispatchConnection] thread 411: received class org.gradle.launcher.daemon.protocol.CloseInput
2025-03-31T16:50:16.983+0700 [DEBUG] [org.gradle.launcher.daemon.server.DefaultIncomingConnectionHandler] Finishing executing command: Build{id=397f7f20-589f-4d86-ae08-cb3a497e658a, currentDir=C:\Users\Administrator\AndroidStudioProjects\PrescriptionManagementApp}
2025-03-31T16:50:16.983+0700 [DEBUG] [org.gradle.launcher.daemon.server.DefaultDaemonConnection] thread 411: Received IO message from client: org.gradle.launcher.daemon.protocol.CloseInput@556f3bb4
2025-03-31T16:50:16.984+0700 [DEBUG] [org.gradle.launcher.daemon.server.SynchronizedDispatchConnection] thread 411: received class org.gradle.launcher.daemon.protocol.Finished
2025-03-31T16:50:16.984+0700 [DEBUG] [org.gradle.launcher.daemon.server.DefaultDaemonConnection] thread 411: Received non-IO message from client: org.gradle.launcher.daemon.protocol.Finished@5ba8cf69
2025-03-31T16:50:16.984+0700 [DEBUG] [org.gradle.launcher.daemon.server.DefaultIncomingConnectionHandler] Received finished message: org.gradle.launcher.daemon.protocol.Finished@5ba8cf69
2025-03-31T16:50:16.984+0700 [DEBUG] [org.gradle.internal.remote.internal.inet.SocketConnection] Discarding EOFException: java.io.EOFException
2025-03-31T16:50:16.984+0700 [DEBUG] [org.gradle.launcher.daemon.server.SynchronizedDispatchConnection] thread 202: stopping connection
2025-03-31T16:50:16.984+0700 [DEBUG] [org.gradle.launcher.daemon.server.SynchronizedDispatchConnection] thread 411: received null
2025-03-31T16:50:16.984+0700 [DEBUG] [org.gradle.launcher.daemon.server.DefaultDaemonConnection] thread 411: Received end-of-input from client.
2025-03-31T16:50:16.985+0700 [DEBUG] [org.gradle.launcher.daemon.server.SynchronizedDispatchConnection] thread 202: stopping connection
2025-03-31T16:50:18.584+0700 [DEBUG] [org.gradle.process.internal.health.memory.DefaultMemoryManager] 2348528844 virtual memory requested, 2299019264 free
2025-03-31T16:50:18.584+0700 [DEBUG] [org.gradle.workers.internal.WorkerDaemonExpiration] Will attempt to release 2239 of memory
2025-03-31T16:50:18.584+0700 [DEBUG] [org.gradle.process.internal.health.memory.DefaultMemoryManager] 2348528844 virtual memory requested, 0 released, 2299019264 free
2025-03-31T16:50:23.589+0700 [DEBUG] [org.gradle.process.internal.health.memory.DefaultMemoryManager] 2348528844 virtual memory requested, 2211549184 free
2025-03-31T16:50:23.589+0700 [DEBUG] [org.gradle.workers.internal.WorkerDaemonExpiration] Will attempt to release 2239 of memory
2025-03-31T16:50:23.589+0700 [DEBUG] [org.gradle.process.internal.health.memory.DefaultMemoryManager] 2348528844 virtual memory requested, 0 released, 2211549184 free
2025-03-31T16:50:25.302+0700 [DEBUG] [org.gradle.cache.internal.DefaultFileLockManager] Waiting to acquire shared lock on daemon addresses registry.
2025-03-31T16:50:25.302+0700 [DEBUG] [org.gradle.cache.internal.DefaultFileLockManager] Lock acquired on daemon addresses registry.
2025-03-31T16:50:25.303+0700 [DEBUG] [org.gradle.cache.internal.DefaultFileLockManager] Releasing lock on daemon addresses registry.
2025-03-31T16:50:25.304+0700 [DEBUG] [org.gradle.cache.internal.DefaultFileLockManager] Waiting to acquire shared lock on daemon addresses registry.
2025-03-31T16:50:25.304+0700 [DEBUG] [org.gradle.cache.internal.DefaultFileLockManager] Lock acquired on daemon addresses registry.
2025-03-31T16:50:25.304+0700 [DEBUG] [org.gradle.cache.internal.DefaultFileLockManager] Releasing lock on daemon addresses registry.
2025-03-31T16:50:28.593+0700 [DEBUG] [org.gradle.process.internal.health.memory.DefaultMemoryManager] 2348528844 virtual memory requested, 2227007488 free
2025-03-31T16:50:28.593+0700 [DEBUG] [org.gradle.workers.internal.WorkerDaemonExpiration] Will attempt to release 2239 of memory
2025-03-31T16:50:28.593+0700 [DEBUG] [org.gradle.process.internal.health.memory.DefaultMemoryManager] 2348528844 virtual memory requested, 0 released, 2227007488 free
2025-03-31T16:50:30.324+0700 [DEBUG] [org.gradle.internal.remote.internal.inet.TcpIncomingConnector] Accepted connection from /127.0.0.1:64792 to /127.0.0.1:64498.
2025-03-31T16:50:30.328+0700 [DEBUG] [org.gradle.launcher.daemon.server.SynchronizedDispatchConnection] thread 491: received class org.gradle.launcher.daemon.protocol.Build
2025-03-31T16:50:30.328+0700 [DEBUG] [org.gradle.launcher.daemon.server.DefaultDaemonConnection] thread 491: Received non-IO message from client: Build{id=3bbefd40-5821-46ff-84c6-e087ec5d4923, currentDir=C:\Users\Administrator\AndroidStudioProjects\PrescriptionManagementApp}
2025-03-31T16:50:30.328+0700 [INFO] [org.gradle.launcher.daemon.server.DefaultIncomingConnectionHandler] Received command: Build{id=3bbefd40-5821-46ff-84c6-e087ec5d4923, currentDir=C:\Users\Administrator\AndroidStudioProjects\PrescriptionManagementApp}.
2025-03-31T16:50:30.328+0700 [DEBUG] [org.gradle.launcher.daemon.server.DefaultIncomingConnectionHandler] Starting executing command: Build{id=3bbefd40-5821-46ff-84c6-e087ec5d4923, currentDir=C:\Users\Administrator\AndroidStudioProjects\PrescriptionManagementApp} with connection: socket connection from /127.0.0.1:64498 to /127.0.0.1:64792.
2025-03-31T16:50:30.329+0700 [DEBUG] [org.gradle.launcher.daemon.server.DaemonStateCoordinator] Command execution: started DaemonCommandExecution[command = Build{id=3bbefd40-5821-46ff-84c6-e087ec5d4923, currentDir=C:\Users\Administrator\AndroidStudioProjects\PrescriptionManagementApp}, connection = DefaultDaemonConnection: socket connection from /127.0.0.1:64498 to /127.0.0.1:64792] after 0.22248333333333334 minutes of idle
2025-03-31T16:50:30.329+0700 [INFO] [org.gradle.launcher.daemon.server.DaemonRegistryUpdater] Marking the daemon as busy, address: [11eea899-7ae8-42a8-afae-c7641c3f9d00 port:64498, addresses:[localhost/127.0.0.1]]
2025-03-31T16:50:30.329+0700 [DEBUG] [org.gradle.launcher.daemon.registry.PersistentDaemonRegistry] Marking busy by address: [11eea899-7ae8-42a8-afae-c7641c3f9d00 port:64498, addresses:[localhost/127.0.0.1]]
2025-03-31T16:50:30.329+0700 [DEBUG] [org.gradle.cache.internal.DefaultFileLockManager] Waiting to acquire exclusive lock on daemon addresses registry.
2025-03-31T16:50:30.330+0700 [DEBUG] [org.gradle.cache.internal.DefaultFileLockManager] Lock acquired on daemon addresses registry.
2025-03-31T16:50:30.331+0700 [DEBUG] [org.gradle.cache.internal.DefaultFileLockManager] Releasing lock on daemon addresses registry.
2025-03-31T16:50:30.331+0700 [DEBUG] [org.gradle.launcher.daemon.server.DaemonStateCoordinator] resetting idle timer
2025-03-31T16:50:30.331+0700 [DEBUG] [org.gradle.launcher.daemon.server.DaemonStateCoordinator] daemon is running. Sleeping until state changes.
2025-03-31T16:50:30.332+0700 [INFO] [org.gradle.launcher.daemon.server.exec.StartBuildOrRespondWithBusy] Daemon is about to start building Build{id=3bbefd40-5821-46ff-84c6-e087ec5d4923, currentDir=C:\Users\Administrator\AndroidStudioProjects\PrescriptionManagementApp}. Dispatching build started information...
2025-03-31T16:50:30.332+0700 [DEBUG] [org.gradle.launcher.daemon.server.SynchronizedDispatchConnection] thread 205: dispatching org.gradle.launcher.daemon.protocol.BuildStarted@6d1b43c1
2025-03-31T16:50:30.332+0700 [DEBUG] [org.gradle.launcher.daemon.server.exec.EstablishBuildEnvironment] Configuring env variables: [USERDOMAIN_ROAMINGPROFILE, LOCALAPPDATA, PROCESSOR_LEVEL, USERDOMAIN, LOGONSERVER, FPS_BROWSER_APP_PROFILE_STRING, SESSIONNAME, ALLUSERSPROFILE, PROCESSOR_ARCHITECTURE, PSModulePath, SystemDrive, EFC_3896, OneDrive, MAVEN_HOME, APPDATA, NODEJS, USERNAME, ProgramFiles(x86), CommonProgramFiles, Path, FPS_BROWSER_USER_PROFILE_STRING, PATHEXT, DriverData, OS, COMPUTERNAME, PROCESSOR_REVISION, CommonProgramW6432, ComSpec, ProgramData, ProgramW6432, TEMP, HOMEPATH, SystemRoot, PROCESSOR_IDENTIFIER, HOMEDRIVE, USERPROFILE, TMP, CommonProgramFiles(x86), ProgramFiles, PUBLIC, windir, NUMBER_OF_PROCESSORS, Java17, =::]
2025-03-31T16:50:30.333+0700 [DEBUG] [org.gradle.launcher.daemon.server.exec.LogToClient] About to start relaying all logs to the client via the connection.
2025-03-31T16:50:30.333+0700 [INFO] [org.gradle.launcher.daemon.server.exec.LogToClient] The client will now receive all logging from the daemon (pid: 23392). The daemon log file: C:\Users\Administrator\AndroidStudioProjects\PrescriptionManagementApp\daemon\8.10.2\daemon-23392.out.log
2025-03-31T16:50:30.334+0700 [INFO] [org.gradle.launcher.daemon.server.exec.LogAndCheckHealth] Starting 4th build in daemon [uptime: 4 mins 35.275 secs, performance: 99%, GC rate: 0.00/s, heap usage: 0% of 2 GiB]
2025-03-31T16:50:30.334+0700 [DEBUG] [org.gradle.launcher.daemon.server.exec.ExecuteBuild] The daemon has started executing the build.
2025-03-31T16:50:30.334+0700 [DEBUG] [org.gradle.launcher.daemon.server.exec.ExecuteBuild] Executing build with daemon context: DefaultDaemonContext[uid=00bf664e-3dd3-46b4-ab9b-bdfd2623c785,javaHome=C:\Program Files\Android\Android Studio\jbr,javaVersion=21,javaVendor=JetBrains s.r.o.,daemonRegistryDir=C:\Users\Administrator\AndroidStudioProjects\PrescriptionManagementApp\daemon,pid=23392,idleTimeout=10800000,priority=NORMAL,applyInstrumentationAgent=true,nativeServicesMode=ENABLED,daemonOpts=--add-opens=java.base/java.util=ALL-UNNAMED,--add-opens=java.base/java.lang=ALL-UNNAMED,--add-opens=java.base/java.lang.invoke=ALL-UNNAMED,--add-opens=java.prefs/java.util.prefs=ALL-UNNAMED,--add-exports=jdk.compiler/com.sun.tools.javac.api=ALL-UNNAMED,--add-exports=jdk.compiler/com.sun.tools.javac.util=ALL-UNNAMED,--add-opens=java.base/java.nio.charset=ALL-UNNAMED,--add-opens=java.base/java.net=ALL-UNNAMED,--add-opens=java.base/java.util.concurrent.atomic=ALL-UNNAMED,-Xmx2048m,-Dfile.encoding=UTF-8,-Duser.country=US,-Duser.language=en,-Duser.variant]

BUILD SUCCESSFUL in 802ms
31 actionable tasks: 31 up-to-date
2025-03-31T16:50:31.167+0700 [DEBUG] [org.gradle.launcher.daemon.server.exec.ExecuteBuild] The daemon has finished executing the build.
2025-03-31T16:50:31.183+0700 [DEBUG] [org.gradle.launcher.daemon.server.DaemonStateCoordinator] daemon is running. Sleeping until state changes.
2025-03-31T16:50:31.183+0700 [DEBUG] [org.gradle.launcher.daemon.server.DaemonStateCoordinator] Command execution: finished waiting for DaemonCommandExecution[command = Build{id=3bbefd40-5821-46ff-84c6-e087ec5d4923, currentDir=C:\Users\Administrator\AndroidStudioProjects\PrescriptionManagementApp}, connection = DefaultDaemonConnection: socket connection from /127.0.0.1:64498 to /127.0.0.1:64792]. Result org.gradle.launcher.daemon.server.DaemonStateCoordinator@2b8df4c6 with state Busy
2025-03-31T16:50:31.183+0700 [DEBUG] [org.gradle.launcher.daemon.server.DaemonStateCoordinator] Command execution: completed DaemonCommandExecution[command = Build{id=3bbefd40-5821-46ff-84c6-e087ec5d4923, currentDir=C:\Users\Administrator\AndroidStudioProjects\PrescriptionManagementApp}, connection = DefaultDaemonConnection: socket connection from /127.0.0.1:64498 to /127.0.0.1:64792]
2025-03-31T16:50:31.183+0700 [DEBUG] [org.gradle.launcher.daemon.server.DaemonStateCoordinator] resetting idle timer
2025-03-31T16:50:31.183+0700 [INFO] [org.gradle.launcher.daemon.server.DaemonRegistryUpdater] Marking the daemon as idle, address: [11eea899-7ae8-42a8-afae-c7641c3f9d00 port:64498, addresses:[localhost/127.0.0.1]]
2025-03-31T16:50:31.183+0700 [DEBUG] [org.gradle.launcher.daemon.registry.PersistentDaemonRegistry] Marking busy by address: [11eea899-7ae8-42a8-afae-c7641c3f9d00 port:64498, addresses:[localhost/127.0.0.1]]
2025-03-31T16:50:31.184+0700 [DEBUG] [org.gradle.cache.internal.DefaultFileLockManager] Waiting to acquire exclusive lock on daemon addresses registry.
2025-03-31T16:50:31.185+0700 [DEBUG] [org.gradle.cache.internal.DefaultFileLockManager] Lock acquired on daemon addresses registry.
2025-03-31T16:50:31.185+0700 [DEBUG] [org.gradle.cache.internal.DefaultFileLockManager] Releasing lock on daemon addresses registry.
2025-03-31T16:50:31.186+0700 [DEBUG] [org.gradle.launcher.daemon.server.DaemonStateCoordinator] daemon is running. Sleeping until state changes.
2025-03-31T16:50:31.186+0700 [DEBUG] [org.gradle.launcher.daemon.server.exec.ReturnResult] Daemon is dispatching the build result: Success[value=org.gradle.launcher.exec.BuildActionResult@4d057dc6]
2025-03-31T16:50:31.186+0700 [DEBUG] [org.gradle.launcher.daemon.server.SynchronizedDispatchConnection] thread 202: dispatching Success[value=org.gradle.launcher.exec.BuildActionResult@4d057dc6]
2025-03-31T16:50:31.186+0700 [DEBUG] [org.gradle.launcher.daemon.server.exec.CleanUpVirtualFileSystemAfterBuild] Cleaning virtual file system after build finished
2025-03-31T16:50:31.186+0700 [DEBUG] [org.gradle.launcher.daemon.server.DefaultIncomingConnectionHandler] Finishing executing command: Build{id=3bbefd40-5821-46ff-84c6-e087ec5d4923, currentDir=C:\Users\Administrator\AndroidStudioProjects\PrescriptionManagementApp}
2025-03-31T16:50:31.186+0700 [DEBUG] [org.gradle.launcher.daemon.server.SynchronizedDispatchConnection] thread 491: received class org.gradle.launcher.daemon.protocol.CloseInput
2025-03-31T16:50:31.187+0700 [DEBUG] [org.gradle.launcher.daemon.server.DefaultDaemonConnection] thread 491: Received IO message from client: org.gradle.launcher.daemon.protocol.CloseInput@8e3fa0c
2025-03-31T16:50:31.187+0700 [DEBUG] [org.gradle.launcher.daemon.server.SynchronizedDispatchConnection] thread 491: received class org.gradle.launcher.daemon.protocol.Finished
2025-03-31T16:50:31.187+0700 [DEBUG] [org.gradle.launcher.daemon.server.DefaultDaemonConnection] thread 491: Received non-IO message from client: org.gradle.launcher.daemon.protocol.Finished@6241560
2025-03-31T16:50:31.187+0700 [DEBUG] [org.gradle.launcher.daemon.server.DefaultIncomingConnectionHandler] Received finished message: org.gradle.launcher.daemon.protocol.Finished@6241560
2025-03-31T16:50:31.187+0700 [DEBUG] [org.gradle.internal.remote.internal.inet.SocketConnection] Discarding EOFException: java.io.EOFException
2025-03-31T16:50:31.187+0700 [DEBUG] [org.gradle.launcher.daemon.server.SynchronizedDispatchConnection] thread 202: stopping connection
2025-03-31T16:50:31.187+0700 [DEBUG] [org.gradle.launcher.daemon.server.SynchronizedDispatchConnection] thread 491: received null
2025-03-31T16:50:31.187+0700 [DEBUG] [org.gradle.launcher.daemon.server.DefaultDaemonConnection] thread 491: Received end-of-input from client.
2025-03-31T16:50:31.188+0700 [DEBUG] [org.gradle.launcher.daemon.server.SynchronizedDispatchConnection] thread 202: stopping connection
2025-03-31T16:50:33.590+0700 [DEBUG] [org.gradle.process.internal.health.memory.DefaultMemoryManager] 2348528844 virtual memory requested, 2210246656 free
2025-03-31T16:50:33.590+0700 [DEBUG] [org.gradle.workers.internal.WorkerDaemonExpiration] Will attempt to release 2239 of memory
2025-03-31T16:50:33.590+0700 [DEBUG] [org.gradle.process.internal.health.memory.DefaultMemoryManager] 2348528844 virtual memory requested, 0 released, 2210246656 free
2025-03-31T16:50:35.304+0700 [DEBUG] [org.gradle.cache.internal.DefaultFileLockManager] Waiting to acquire shared lock on daemon addresses registry.
2025-03-31T16:50:35.304+0700 [DEBUG] [org.gradle.cache.internal.DefaultFileLockManager] Lock acquired on daemon addresses registry.
2025-03-31T16:50:35.305+0700 [DEBUG] [org.gradle.cache.internal.DefaultFileLockManager] Releasing lock on daemon addresses registry.
2025-03-31T16:50:35.305+0700 [DEBUG] [org.gradle.cache.internal.DefaultFileLockManager] Waiting to acquire shared lock on daemon addresses registry.
2025-03-31T16:50:35.306+0700 [DEBUG] [org.gradle.cache.internal.DefaultFileLockManager] Lock acquired on daemon addresses registry.
2025-03-31T16:50:35.306+0700 [DEBUG] [org.gradle.cache.internal.DefaultFileLockManager] Releasing lock on daemon addresses registry.
2025-03-31T16:50:38.587+0700 [DEBUG] [org.gradle.process.internal.health.memory.DefaultMemoryManager] 2348528844 virtual memory requested, 2230145024 free
2025-03-31T16:50:38.587+0700 [DEBUG] [org.gradle.workers.internal.WorkerDaemonExpiration] Will attempt to release 2239 of memory
2025-03-31T16:50:38.587+0700 [DEBUG] [org.gradle.process.internal.health.memory.DefaultMemoryManager] 2348528844 virtual memory requested, 0 released, 2230145024 free
2025-03-31T16:50:43.583+0700 [DEBUG] [org.gradle.process.internal.health.memory.DefaultMemoryManager] 2348528844 virtual memory requested, 2225930240 free
2025-03-31T16:50:43.583+0700 [DEBUG] [org.gradle.workers.internal.WorkerDaemonExpiration] Will attempt to release 2239 of memory
2025-03-31T16:50:43.583+0700 [DEBUG] [org.gradle.process.internal.health.memory.DefaultMemoryManager] 2348528844 virtual memory requested, 0 released, 2225930240 free
2025-03-31T16:50:45.301+0700 [DEBUG] [org.gradle.cache.internal.DefaultFileLockManager] Waiting to acquire shared lock on daemon addresses registry.
2025-03-31T16:50:45.301+0700 [DEBUG] [org.gradle.cache.internal.DefaultFileLockManager] Lock acquired on daemon addresses registry.
2025-03-31T16:50:45.301+0700 [DEBUG] [org.gradle.cache.internal.DefaultFileLockManager] Releasing lock on daemon addresses registry.
2025-03-31T16:50:45.302+0700 [DEBUG] [org.gradle.cache.internal.DefaultFileLockManager] Waiting to acquire shared lock on daemon addresses registry.
2025-03-31T16:50:45.302+0700 [DEBUG] [org.gradle.cache.internal.DefaultFileLockManager] Lock acquired on daemon addresses registry.
2025-03-31T16:50:45.302+0700 [DEBUG] [org.gradle.cache.internal.DefaultFileLockManager] Releasing lock on daemon addresses registry.
2025-03-31T16:50:45.303+0700 [DEBUG] [org.gradle.cache.internal.DefaultFileLockManager] Waiting to acquire shared lock on daemon addresses registry.
2025-03-31T16:50:45.303+0700 [DEBUG] [org.gradle.cache.internal.DefaultFileLockManager] Lock acquired on daemon addresses registry.
2025-03-31T16:50:45.303+0700 [DEBUG] [org.gradle.cache.internal.DefaultFileLockManager] Releasing lock on daemon addresses registry.
2025-03-31T16:50:48.584+0700 [DEBUG] [org.gradle.process.internal.health.memory.DefaultMemoryManager] 2348528844 virtual memory requested, 2225389568 free
2025-03-31T16:50:48.584+0700 [DEBUG] [org.gradle.workers.internal.WorkerDaemonExpiration] Will attempt to release 2239 of memory
2025-03-31T16:50:48.584+0700 [DEBUG] [org.gradle.process.internal.health.memory.DefaultMemoryManager] 2348528844 virtual memory requested, 0 released, 2225389568 free
2025-03-31T16:50:53.587+0700 [DEBUG] [org.gradle.process.internal.health.memory.DefaultMemoryManager] 2348528844 virtual memory requested, 2213199872 free
2025-03-31T16:50:53.587+0700 [DEBUG] [org.gradle.workers.internal.WorkerDaemonExpiration] Will attempt to release 2239 of memory
2025-03-31T16:50:53.587+0700 [DEBUG] [org.gradle.process.internal.health.memory.DefaultMemoryManager] 2348528844 virtual memory requested, 0 released, 2213199872 free
2025-03-31T16:50:55.302+0700 [DEBUG] [org.gradle.cache.internal.DefaultFileLockManager] Waiting to acquire shared lock on daemon addresses registry.
2025-03-31T16:50:55.302+0700 [DEBUG] [org.gradle.cache.internal.DefaultFileLockManager] Lock acquired on daemon addresses registry.
2025-03-31T16:50:55.303+0700 [DEBUG] [org.gradle.cache.internal.DefaultFileLockManager] Releasing lock on daemon addresses registry.
2025-03-31T16:50:55.304+0700 [DEBUG] [org.gradle.cache.internal.DefaultFileLockManager] Waiting to acquire shared lock on daemon addresses registry.
2025-03-31T16:50:55.304+0700 [DEBUG] [org.gradle.cache.internal.DefaultFileLockManager] Lock acquired on daemon addresses registry.
2025-03-31T16:50:55.304+0700 [DEBUG] [org.gradle.cache.internal.DefaultFileLockManager] Releasing lock on daemon addresses registry.
2025-03-31T16:50:55.305+0700 [DEBUG] [org.gradle.cache.internal.DefaultFileLockManager] Waiting to acquire shared lock on daemon addresses registry.
2025-03-31T16:50:55.305+0700 [DEBUG] [org.gradle.cache.internal.DefaultFileLockManager] Lock acquired on daemon addresses registry.
2025-03-31T16:50:55.305+0700 [DEBUG] [org.gradle.cache.internal.DefaultFileLockManager] Releasing lock on daemon addresses registry.
2025-03-31T16:50:58.585+0700 [DEBUG] [org.gradle.process.internal.health.memory.DefaultMemoryManager] 2348528844 virtual memory requested, 2214174720 free
2025-03-31T16:50:58.585+0700 [DEBUG] [org.gradle.workers.internal.WorkerDaemonExpiration] Will attempt to release 2239 of memory
2025-03-31T16:50:58.585+0700 [DEBUG] [org.gradle.process.internal.health.memory.DefaultMemoryManager] 2348528844 virtual memory requested, 0 released, 2214174720 free
2025-03-31T16:51:02.412+0700 [DEBUG] [org.gradle.internal.watch.vfs.impl.WatchingVirtualFileSystem] Handling VFS change CREATED C:\Users\Administrator\AndroidStudioProjects\PrescriptionManagementApp\app\src\main\java\com\mad\prescriptionmanagementapp\ui\activity\MainActivity.java~
2025-03-31T16:51:02.413+0700 [DEBUG] [org.gradle.internal.watch.vfs.impl.WatchingVirtualFileSystem] Handling VFS change MODIFIED C:\Users\Administrator\AndroidStudioProjects\PrescriptionManagementApp\app\src\main\java\com\mad\prescriptionmanagementapp\ui\activity\MainActivity.java
2025-03-31T16:51:02.440+0700 [DEBUG] [org.gradle.internal.remote.internal.inet.TcpIncomingConnector] Accepted connection from /127.0.0.1:64830 to /127.0.0.1:64498.
2025-03-31T16:51:02.443+0700 [DEBUG] [org.gradle.launcher.daemon.server.SynchronizedDispatchConnection] thread 564: received class org.gradle.launcher.daemon.protocol.Build
2025-03-31T16:51:02.443+0700 [DEBUG] [org.gradle.launcher.daemon.server.DefaultDaemonConnection] thread 564: Received non-IO message from client: Build{id=53778599-9a3b-43d2-a17e-1d37fd8c8e2c, currentDir=C:\Users\Administrator\AndroidStudioProjects\PrescriptionManagementApp}
2025-03-31T16:51:02.443+0700 [INFO] [org.gradle.launcher.daemon.server.DefaultIncomingConnectionHandler] Received command: Build{id=53778599-9a3b-43d2-a17e-1d37fd8c8e2c, currentDir=C:\Users\Administrator\AndroidStudioProjects\PrescriptionManagementApp}.
2025-03-31T16:51:02.443+0700 [DEBUG] [org.gradle.launcher.daemon.server.DefaultIncomingConnectionHandler] Starting executing command: Build{id=53778599-9a3b-43d2-a17e-1d37fd8c8e2c, currentDir=C:\Users\Administrator\AndroidStudioProjects\PrescriptionManagementApp} with connection: socket connection from /127.0.0.1:64498 to /127.0.0.1:64830.
2025-03-31T16:51:02.444+0700 [DEBUG] [org.gradle.launcher.daemon.server.DaemonStateCoordinator] Command execution: started DaemonCommandExecution[command = Build{id=53778599-9a3b-43d2-a17e-1d37fd8c8e2c, currentDir=C:\Users\Administrator\AndroidStudioProjects\PrescriptionManagementApp}, connection = DefaultDaemonConnection: socket connection from /127.0.0.1:64498 to /127.0.0.1:64830] after 0.521 minutes of idle
2025-03-31T16:51:02.444+0700 [INFO] [org.gradle.launcher.daemon.server.DaemonRegistryUpdater] Marking the daemon as busy, address: [11eea899-7ae8-42a8-afae-c7641c3f9d00 port:64498, addresses:[localhost/127.0.0.1]]
2025-03-31T16:51:02.444+0700 [DEBUG] [org.gradle.launcher.daemon.registry.PersistentDaemonRegistry] Marking busy by address: [11eea899-7ae8-42a8-afae-c7641c3f9d00 port:64498, addresses:[localhost/127.0.0.1]]
2025-03-31T16:51:02.445+0700 [DEBUG] [org.gradle.cache.internal.DefaultFileLockManager] Waiting to acquire exclusive lock on daemon addresses registry.
2025-03-31T16:51:02.445+0700 [DEBUG] [org.gradle.cache.internal.DefaultFileLockManager] Lock acquired on daemon addresses registry.
2025-03-31T16:51:02.446+0700 [DEBUG] [org.gradle.cache.internal.DefaultFileLockManager] Releasing lock on daemon addresses registry.
2025-03-31T16:51:02.447+0700 [DEBUG] [org.gradle.launcher.daemon.server.DaemonStateCoordinator] resetting idle timer
2025-03-31T16:51:02.447+0700 [DEBUG] [org.gradle.launcher.daemon.server.DaemonStateCoordinator] daemon is running. Sleeping until state changes.
2025-03-31T16:51:02.447+0700 [INFO] [org.gradle.launcher.daemon.server.exec.StartBuildOrRespondWithBusy] Daemon is about to start building Build{id=53778599-9a3b-43d2-a17e-1d37fd8c8e2c, currentDir=C:\Users\Administrator\AndroidStudioProjects\PrescriptionManagementApp}. Dispatching build started information...
2025-03-31T16:51:02.447+0700 [DEBUG] [org.gradle.launcher.daemon.server.SynchronizedDispatchConnection] thread 205: dispatching org.gradle.launcher.daemon.protocol.BuildStarted@2c2fe82
2025-03-31T16:51:02.448+0700 [DEBUG] [org.gradle.launcher.daemon.server.exec.EstablishBuildEnvironment] Configuring env variables: [USERDOMAIN_ROAMINGPROFILE, LOCALAPPDATA, PROCESSOR_LEVEL, USERDOMAIN, LOGONSERVER, FPS_BROWSER_APP_PROFILE_STRING, SESSIONNAME, ALLUSERSPROFILE, PROCESSOR_ARCHITECTURE, PSModulePath, SystemDrive, EFC_3896, OneDrive, MAVEN_HOME, APPDATA, NODEJS, USERNAME, ProgramFiles(x86), CommonProgramFiles, Path, FPS_BROWSER_USER_PROFILE_STRING, PATHEXT, DriverData, OS, COMPUTERNAME, PROCESSOR_REVISION, CommonProgramW6432, ComSpec, ProgramData, ProgramW6432, TEMP, HOMEPATH, SystemRoot, PROCESSOR_IDENTIFIER, HOMEDRIVE, USERPROFILE, TMP, CommonProgramFiles(x86), ProgramFiles, PUBLIC, windir, NUMBER_OF_PROCESSORS, Java17, =::]
2025-03-31T16:51:02.449+0700 [DEBUG] [org.gradle.launcher.daemon.server.exec.LogToClient] About to start relaying all logs to the client via the connection.
2025-03-31T16:51:02.449+0700 [INFO] [org.gradle.launcher.daemon.server.exec.LogToClient] The client will now receive all logging from the daemon (pid: 23392). The daemon log file: C:\Users\Administrator\AndroidStudioProjects\PrescriptionManagementApp\daemon\8.10.2\daemon-23392.out.log
2025-03-31T16:51:02.450+0700 [INFO] [org.gradle.launcher.daemon.server.exec.LogAndCheckHealth] Starting 5th build in daemon [uptime: 5 mins 7.39 secs, performance: 99%, GC rate: 0.00/s, heap usage: 0% of 2 GiB]
2025-03-31T16:51:02.450+0700 [DEBUG] [org.gradle.launcher.daemon.server.exec.ExecuteBuild] The daemon has started executing the build.
2025-03-31T16:51:02.450+0700 [DEBUG] [org.gradle.launcher.daemon.server.exec.ExecuteBuild] Executing build with daemon context: DefaultDaemonContext[uid=00bf664e-3dd3-46b4-ab9b-bdfd2623c785,javaHome=C:\Program Files\Android\Android Studio\jbr,javaVersion=21,javaVendor=JetBrains s.r.o.,daemonRegistryDir=C:\Users\Administrator\AndroidStudioProjects\PrescriptionManagementApp\daemon,pid=23392,idleTimeout=10800000,priority=NORMAL,applyInstrumentationAgent=true,nativeServicesMode=ENABLED,daemonOpts=--add-opens=java.base/java.util=ALL-UNNAMED,--add-opens=java.base/java.lang=ALL-UNNAMED,--add-opens=java.base/java.lang.invoke=ALL-UNNAMED,--add-opens=java.prefs/java.util.prefs=ALL-UNNAMED,--add-exports=jdk.compiler/com.sun.tools.javac.api=ALL-UNNAMED,--add-exports=jdk.compiler/com.sun.tools.javac.util=ALL-UNNAMED,--add-opens=java.base/java.nio.charset=ALL-UNNAMED,--add-opens=java.base/java.net=ALL-UNNAMED,--add-opens=java.base/java.util.concurrent.atomic=ALL-UNNAMED,-Xmx2048m,-Dfile.encoding=UTF-8,-Duser.country=US,-Duser.language=en,-Duser.variant]

BUILD SUCCESSFUL in 1s
31 actionable tasks: 4 executed, 27 up-to-date
2025-03-31T16:51:03.623+0700 [DEBUG] [org.gradle.launcher.daemon.server.exec.ExecuteBuild] The daemon has finished executing the build.
2025-03-31T16:51:03.640+0700 [DEBUG] [org.gradle.launcher.daemon.server.DaemonStateCoordinator] daemon is running. Sleeping until state changes.
2025-03-31T16:51:03.640+0700 [DEBUG] [org.gradle.launcher.daemon.server.DaemonStateCoordinator] Command execution: finished waiting for DaemonCommandExecution[command = Build{id=53778599-9a3b-43d2-a17e-1d37fd8c8e2c, currentDir=C:\Users\Administrator\AndroidStudioProjects\PrescriptionManagementApp}, connection = DefaultDaemonConnection: socket connection from /127.0.0.1:64498 to /127.0.0.1:64830]. Result org.gradle.launcher.daemon.server.DaemonStateCoordinator@2b8df4c6 with state Busy
2025-03-31T16:51:03.640+0700 [DEBUG] [org.gradle.launcher.daemon.server.DaemonStateCoordinator] Command execution: completed DaemonCommandExecution[command = Build{id=53778599-9a3b-43d2-a17e-1d37fd8c8e2c, currentDir=C:\Users\Administrator\AndroidStudioProjects\PrescriptionManagementApp}, connection = DefaultDaemonConnection: socket connection from /127.0.0.1:64498 to /127.0.0.1:64830]
2025-03-31T16:51:03.640+0700 [DEBUG] [org.gradle.launcher.daemon.server.DaemonStateCoordinator] resetting idle timer
2025-03-31T16:51:03.640+0700 [INFO] [org.gradle.launcher.daemon.server.DaemonRegistryUpdater] Marking the daemon as idle, address: [11eea899-7ae8-42a8-afae-c7641c3f9d00 port:64498, addresses:[localhost/127.0.0.1]]
2025-03-31T16:51:03.640+0700 [DEBUG] [org.gradle.launcher.daemon.registry.PersistentDaemonRegistry] Marking busy by address: [11eea899-7ae8-42a8-afae-c7641c3f9d00 port:64498, addresses:[localhost/127.0.0.1]]
2025-03-31T16:51:03.641+0700 [DEBUG] [org.gradle.cache.internal.DefaultFileLockManager] Waiting to acquire exclusive lock on daemon addresses registry.
2025-03-31T16:51:03.641+0700 [DEBUG] [org.gradle.cache.internal.DefaultFileLockManager] Lock acquired on daemon addresses registry.
2025-03-31T16:51:03.643+0700 [DEBUG] [org.gradle.cache.internal.DefaultFileLockManager] Releasing lock on daemon addresses registry.
2025-03-31T16:51:03.643+0700 [DEBUG] [org.gradle.launcher.daemon.server.DaemonStateCoordinator] daemon is running. Sleeping until state changes.
2025-03-31T16:51:03.643+0700 [DEBUG] [org.gradle.launcher.daemon.server.exec.ReturnResult] Daemon is dispatching the build result: Success[value=org.gradle.launcher.exec.BuildActionResult@5e1d147]
2025-03-31T16:51:03.644+0700 [DEBUG] [org.gradle.launcher.daemon.server.SynchronizedDispatchConnection] thread 202: dispatching Success[value=org.gradle.launcher.exec.BuildActionResult@5e1d147]
2025-03-31T16:51:03.644+0700 [DEBUG] [org.gradle.launcher.daemon.server.exec.CleanUpVirtualFileSystemAfterBuild] Cleaning virtual file system after build finished
2025-03-31T16:51:03.644+0700 [DEBUG] [org.gradle.launcher.daemon.server.DefaultIncomingConnectionHandler] Finishing executing command: Build{id=53778599-9a3b-43d2-a17e-1d37fd8c8e2c, currentDir=C:\Users\Administrator\AndroidStudioProjects\PrescriptionManagementApp}
2025-03-31T16:51:03.644+0700 [DEBUG] [org.gradle.launcher.daemon.server.SynchronizedDispatchConnection] thread 564: received class org.gradle.launcher.daemon.protocol.CloseInput
2025-03-31T16:51:03.644+0700 [DEBUG] [org.gradle.launcher.daemon.server.DefaultDaemonConnection] thread 564: Received IO message from client: org.gradle.launcher.daemon.protocol.CloseInput@11e98b90
2025-03-31T16:51:03.644+0700 [DEBUG] [org.gradle.launcher.daemon.server.SynchronizedDispatchConnection] thread 564: received class org.gradle.launcher.daemon.protocol.Finished
2025-03-31T16:51:03.644+0700 [DEBUG] [org.gradle.launcher.daemon.server.DefaultDaemonConnection] thread 564: Received non-IO message from client: org.gradle.launcher.daemon.protocol.Finished@1f2e67dd
2025-03-31T16:51:03.645+0700 [DEBUG] [org.gradle.launcher.daemon.server.DefaultIncomingConnectionHandler] Received finished message: org.gradle.launcher.daemon.protocol.Finished@1f2e67dd
2025-03-31T16:51:03.645+0700 [DEBUG] [org.gradle.launcher.daemon.server.SynchronizedDispatchConnection] thread 202: stopping connection
2025-03-31T16:51:03.645+0700 [DEBUG] [org.gradle.internal.remote.internal.inet.SocketConnection] Discarding EOFException: java.io.EOFException
2025-03-31T16:51:03.645+0700 [DEBUG] [org.gradle.launcher.daemon.server.SynchronizedDispatchConnection] thread 564: received null
2025-03-31T16:51:03.645+0700 [DEBUG] [org.gradle.launcher.daemon.server.DefaultDaemonConnection] thread 564: Received end-of-input from client.
2025-03-31T16:51:03.645+0700 [DEBUG] [org.gradle.launcher.daemon.server.SynchronizedDispatchConnection] thread 202: stopping connection
2025-03-31T16:51:05.303+0700 [DEBUG] [org.gradle.cache.internal.DefaultFileLockManager] Waiting to acquire shared lock on daemon addresses registry.
2025-03-31T16:51:05.304+0700 [DEBUG] [org.gradle.cache.internal.DefaultFileLockManager] Lock acquired on daemon addresses registry.
2025-03-31T16:51:05.304+0700 [DEBUG] [org.gradle.cache.internal.DefaultFileLockManager] Releasing lock on daemon addresses registry.
2025-03-31T16:51:05.306+0700 [DEBUG] [org.gradle.cache.internal.DefaultFileLockManager] Waiting to acquire shared lock on daemon addresses registry.
2025-03-31T16:51:05.306+0700 [DEBUG] [org.gradle.cache.internal.DefaultFileLockManager] Lock acquired on daemon addresses registry.
2025-03-31T16:51:05.306+0700 [DEBUG] [org.gradle.cache.internal.DefaultFileLockManager] Releasing lock on daemon addresses registry.
2025-03-31T16:51:08.589+0700 [DEBUG] [org.gradle.process.internal.health.memory.DefaultMemoryManager] 2348528844 virtual memory requested, 2165579776 free
2025-03-31T16:51:08.589+0700 [DEBUG] [org.gradle.workers.internal.WorkerDaemonExpiration] Will attempt to release 2239 of memory
2025-03-31T16:51:08.589+0700 [DEBUG] [org.gradle.process.internal.health.memory.DefaultMemoryManager] 2348528844 virtual memory requested, 0 released, 2165579776 free
2025-03-31T16:51:13.590+0700 [DEBUG] [org.gradle.process.internal.health.memory.DefaultMemoryManager] 2348528844 virtual memory requested, 2244157440 free
2025-03-31T16:51:13.590+0700 [DEBUG] [org.gradle.workers.internal.WorkerDaemonExpiration] Will attempt to release 2239 of memory
2025-03-31T16:51:13.590+0700 [DEBUG] [org.gradle.process.internal.health.memory.DefaultMemoryManager] 2348528844 virtual memory requested, 0 released, 2244157440 free
2025-03-31T16:51:15.295+0700 [DEBUG] [org.gradle.cache.internal.DefaultFileLockManager] Waiting to acquire shared lock on daemon addresses registry.
2025-03-31T16:51:15.295+0700 [DEBUG] [org.gradle.cache.internal.DefaultFileLockManager] Lock acquired on daemon addresses registry.
2025-03-31T16:51:15.295+0700 [DEBUG] [org.gradle.cache.internal.DefaultFileLockManager] Releasing lock on daemon addresses registry.
2025-03-31T16:51:15.296+0700 [DEBUG] [org.gradle.cache.internal.DefaultFileLockManager] Waiting to acquire shared lock on daemon addresses registry.
2025-03-31T16:51:15.296+0700 [DEBUG] [org.gradle.cache.internal.DefaultFileLockManager] Lock acquired on daemon addresses registry.
2025-03-31T16:51:15.296+0700 [DEBUG] [org.gradle.cache.internal.DefaultFileLockManager] Releasing lock on daemon addresses registry.
2025-03-31T16:51:15.297+0700 [DEBUG] [org.gradle.cache.internal.DefaultFileLockManager] Waiting to acquire shared lock on daemon addresses registry.
2025-03-31T16:51:15.297+0700 [DEBUG] [org.gradle.cache.internal.DefaultFileLockManager] Lock acquired on daemon addresses registry.
2025-03-31T16:51:15.297+0700 [DEBUG] [org.gradle.cache.internal.DefaultFileLockManager] Releasing lock on daemon addresses registry.
2025-03-31T16:51:18.583+0700 [DEBUG] [org.gradle.process.internal.health.memory.DefaultMemoryManager] 2348528844 virtual memory requested, 2253942784 free
2025-03-31T16:51:18.583+0700 [DEBUG] [org.gradle.workers.internal.WorkerDaemonExpiration] Will attempt to release 2239 of memory
2025-03-31T16:51:18.583+0700 [DEBUG] [org.gradle.process.internal.health.memory.DefaultMemoryManager] 2348528844 virtual memory requested, 0 released, 2253942784 free
2025-03-31T16:51:23.584+0700 [DEBUG] [org.gradle.process.internal.health.memory.DefaultMemoryManager] 2348528844 virtual memory requested, 2339119104 free
2025-03-31T16:51:23.585+0700 [DEBUG] [org.gradle.workers.internal.WorkerDaemonExpiration] Will attempt to release 2239 of memory
2025-03-31T16:51:23.585+0700 [DEBUG] [org.gradle.process.internal.health.memory.DefaultMemoryManager] 2348528844 virtual memory requested, 0 released, 2339119104 free
2025-03-31T16:51:25.294+0700 [DEBUG] [org.gradle.cache.internal.DefaultFileLockManager] Waiting to acquire shared lock on daemon addresses registry.
2025-03-31T16:51:25.294+0700 [DEBUG] [org.gradle.cache.internal.DefaultFileLockManager] Lock acquired on daemon addresses registry.
2025-03-31T16:51:25.294+0700 [DEBUG] [org.gradle.cache.internal.DefaultFileLockManager] Releasing lock on daemon addresses registry.
2025-03-31T16:51:25.295+0700 [DEBUG] [org.gradle.cache.internal.DefaultFileLockManager] Waiting to acquire shared lock on daemon addresses registry.
2025-03-31T16:51:25.295+0700 [DEBUG] [org.gradle.cache.internal.DefaultFileLockManager] Lock acquired on daemon addresses registry.
2025-03-31T16:51:25.295+0700 [DEBUG] [org.gradle.cache.internal.DefaultFileLockManager] Releasing lock on daemon addresses registry.
2025-03-31T16:51:25.296+0700 [DEBUG] [org.gradle.cache.internal.DefaultFileLockManager] Waiting to acquire shared lock on daemon addresses registry.
2025-03-31T16:51:25.296+0700 [DEBUG] [org.gradle.cache.internal.DefaultFileLockManager] Lock acquired on daemon addresses registry.
2025-03-31T16:51:25.296+0700 [DEBUG] [org.gradle.cache.internal.DefaultFileLockManager] Releasing lock on daemon addresses registry.
2025-03-31T16:51:28.581+0700 [DEBUG] [org.gradle.process.internal.health.memory.DefaultMemoryManager] 2348528844 virtual memory requested, 2343051264 free
2025-03-31T16:51:28.581+0700 [DEBUG] [org.gradle.workers.internal.WorkerDaemonExpiration] Will attempt to release 2239 of memory
2025-03-31T16:51:28.581+0700 [DEBUG] [org.gradle.process.internal.health.memory.DefaultMemoryManager] 2348528844 virtual memory requested, 0 released, 2343051264 free
2025-03-31T16:51:31.669+0700 [DEBUG] [org.gradle.internal.watch.vfs.impl.WatchingVirtualFileSystem] Handling VFS change CREATED C:\Users\Administrator\AndroidStudioProjects\PrescriptionManagementApp\app\src\main\java\com\mad\prescriptionmanagementapp\ui\activity\MainActivity.java~
2025-03-31T16:51:31.671+0700 [DEBUG] [org.gradle.internal.watch.vfs.impl.WatchingVirtualFileSystem] Handling VFS change MODIFIED C:\Users\Administrator\AndroidStudioProjects\PrescriptionManagementApp\app\src\main\java\com\mad\prescriptionmanagementapp\ui\activity\MainActivity.java
2025-03-31T16:51:33.594+0700 [DEBUG] [org.gradle.process.internal.health.memory.DefaultMemoryManager] 2348528844 virtual memory requested, 1951494144 free
2025-03-31T16:51:33.594+0700 [DEBUG] [org.gradle.workers.internal.WorkerDaemonExpiration] Will attempt to release 2239 of memory
2025-03-31T16:51:33.594+0700 [DEBUG] [org.gradle.process.internal.health.memory.DefaultMemoryManager] 2348528844 virtual memory requested, 0 released, 1951494144 free
2025-03-31T16:51:35.302+0700 [DEBUG] [org.gradle.cache.internal.DefaultFileLockManager] Waiting to acquire shared lock on daemon addresses registry.
2025-03-31T16:51:35.303+0700 [DEBUG] [org.gradle.cache.internal.DefaultFileLockManager] Lock acquired on daemon addresses registry.
2025-03-31T16:51:35.303+0700 [DEBUG] [org.gradle.cache.internal.DefaultFileLockManager] Releasing lock on daemon addresses registry.
2025-03-31T16:51:35.304+0700 [DEBUG] [org.gradle.cache.internal.DefaultFileLockManager] Waiting to acquire shared lock on daemon addresses registry.
2025-03-31T16:51:35.304+0700 [DEBUG] [org.gradle.cache.internal.DefaultFileLockManager] Lock acquired on daemon addresses registry.
2025-03-31T16:51:35.304+0700 [DEBUG] [org.gradle.cache.internal.DefaultFileLockManager] Releasing lock on daemon addresses registry.
2025-03-31T16:51:35.305+0700 [DEBUG] [org.gradle.cache.internal.DefaultFileLockManager] Waiting to acquire shared lock on daemon addresses registry.
2025-03-31T16:51:35.305+0700 [DEBUG] [org.gradle.cache.internal.DefaultFileLockManager] Lock acquired on daemon addresses registry.
2025-03-31T16:51:35.305+0700 [DEBUG] [org.gradle.cache.internal.DefaultFileLockManager] Releasing lock on daemon addresses registry.
2025-03-31T16:51:38.586+0700 [DEBUG] [org.gradle.process.internal.health.memory.DefaultMemoryManager] 2348528844 virtual memory requested, 2026987520 free
2025-03-31T16:51:38.586+0700 [DEBUG] [org.gradle.workers.internal.WorkerDaemonExpiration] Will attempt to release 2239 of memory
2025-03-31T16:51:38.586+0700 [DEBUG] [org.gradle.process.internal.health.memory.DefaultMemoryManager] 2348528844 virtual memory requested, 0 released, 2026987520 free
2025-03-31T16:51:43.592+0700 [DEBUG] [org.gradle.process.internal.health.memory.DefaultMemoryManager] 2348528844 virtual memory requested, 2040238080 free
2025-03-31T16:51:43.592+0700 [DEBUG] [org.gradle.workers.internal.WorkerDaemonExpiration] Will attempt to release 2239 of memory
2025-03-31T16:51:43.592+0700 [DEBUG] [org.gradle.process.internal.health.memory.DefaultMemoryManager] 2348528844 virtual memory requested, 0 released, 2040238080 free
2025-03-31T16:51:45.305+0700 [DEBUG] [org.gradle.cache.internal.DefaultFileLockManager] Waiting to acquire shared lock on daemon addresses registry.
2025-03-31T16:51:45.306+0700 [DEBUG] [org.gradle.cache.internal.DefaultFileLockManager] Lock acquired on daemon addresses registry.
2025-03-31T16:51:45.306+0700 [DEBUG] [org.gradle.cache.internal.DefaultFileLockManager] Releasing lock on daemon addresses registry.
2025-03-31T16:51:45.307+0700 [DEBUG] [org.gradle.cache.internal.DefaultFileLockManager] Waiting to acquire shared lock on daemon addresses registry.
2025-03-31T16:51:45.307+0700 [DEBUG] [org.gradle.cache.internal.DefaultFileLockManager] Lock acquired on daemon addresses registry.
2025-03-31T16:51:45.307+0700 [DEBUG] [org.gradle.cache.internal.DefaultFileLockManager] Releasing lock on daemon addresses registry.
2025-03-31T16:51:45.307+0700 [DEBUG] [org.gradle.cache.internal.DefaultFileLockManager] Waiting to acquire shared lock on daemon addresses registry.
2025-03-31T16:51:45.308+0700 [DEBUG] [org.gradle.cache.internal.DefaultFileLockManager] Lock acquired on daemon addresses registry.
2025-03-31T16:51:45.308+0700 [DEBUG] [org.gradle.cache.internal.DefaultFileLockManager] Releasing lock on daemon addresses registry.
2025-03-31T16:51:48.591+0700 [DEBUG] [org.gradle.process.internal.health.memory.DefaultMemoryManager] 2348528844 virtual memory requested, 2205831168 free
2025-03-31T16:51:48.591+0700 [DEBUG] [org.gradle.workers.internal.WorkerDaemonExpiration] Will attempt to release 2239 of memory
2025-03-31T16:51:48.591+0700 [DEBUG] [org.gradle.process.internal.health.memory.DefaultMemoryManager] 2348528844 virtual memory requested, 0 released, 2205831168 free
2025-03-31T16:51:53.582+0700 [DEBUG] [org.gradle.process.internal.health.memory.DefaultMemoryManager] 2348528844 virtual memory requested, 2272284672 free
2025-03-31T16:51:53.582+0700 [DEBUG] [org.gradle.workers.internal.WorkerDaemonExpiration] Will attempt to release 2239 of memory
2025-03-31T16:51:53.582+0700 [DEBUG] [org.gradle.process.internal.health.memory.DefaultMemoryManager] 2348528844 virtual memory requested, 0 released, 2272284672 free
2025-03-31T16:51:55.298+0700 [DEBUG] [org.gradle.cache.internal.DefaultFileLockManager] Waiting to acquire shared lock on daemon addresses registry.
2025-03-31T16:51:55.299+0700 [DEBUG] [org.gradle.cache.internal.DefaultFileLockManager] Lock acquired on daemon addresses registry.
2025-03-31T16:51:55.299+0700 [DEBUG] [org.gradle.cache.internal.DefaultFileLockManager] Releasing lock on daemon addresses registry.
2025-03-31T16:51:55.300+0700 [DEBUG] [org.gradle.cache.internal.DefaultFileLockManager] Waiting to acquire shared lock on daemon addresses registry.
2025-03-31T16:51:55.300+0700 [DEBUG] [org.gradle.cache.internal.DefaultFileLockManager] Lock acquired on daemon addresses registry.
2025-03-31T16:51:55.300+0700 [DEBUG] [org.gradle.cache.internal.DefaultFileLockManager] Releasing lock on daemon addresses registry.
2025-03-31T16:51:55.301+0700 [DEBUG] [org.gradle.cache.internal.DefaultFileLockManager] Waiting to acquire shared lock on daemon addresses registry.
2025-03-31T16:51:55.301+0700 [DEBUG] [org.gradle.cache.internal.DefaultFileLockManager] Lock acquired on daemon addresses registry.
2025-03-31T16:51:55.301+0700 [DEBUG] [org.gradle.cache.internal.DefaultFileLockManager] Releasing lock on daemon addresses registry.
2025-03-31T16:51:58.579+0700 [DEBUG] [org.gradle.process.internal.health.memory.DefaultMemoryManager] 2348528844 virtual memory requested, 2286059520 free
2025-03-31T16:51:58.579+0700 [DEBUG] [org.gradle.workers.internal.WorkerDaemonExpiration] Will attempt to release 2239 of memory
2025-03-31T16:51:58.579+0700 [DEBUG] [org.gradle.process.internal.health.memory.DefaultMemoryManager] 2348528844 virtual memory requested, 0 released, 2286059520 free
2025-03-31T16:52:03.591+0700 [DEBUG] [org.gradle.process.internal.health.memory.DefaultMemoryManager] 2348528844 virtual memory requested, 2219155456 free
2025-03-31T16:52:03.591+0700 [DEBUG] [org.gradle.workers.internal.WorkerDaemonExpiration] Will attempt to release 2239 of memory
2025-03-31T16:52:03.591+0700 [DEBUG] [org.gradle.process.internal.health.memory.DefaultMemoryManager] 2348528844 virtual memory requested, 0 released, 2219155456 free
2025-03-31T16:52:05.305+0700 [DEBUG] [org.gradle.cache.internal.DefaultFileLockManager] Waiting to acquire shared lock on daemon addresses registry.
2025-03-31T16:52:05.305+0700 [DEBUG] [org.gradle.cache.internal.DefaultFileLockManager] Lock acquired on daemon addresses registry.
2025-03-31T16:52:05.305+0700 [DEBUG] [org.gradle.cache.internal.DefaultFileLockManager] Releasing lock on daemon addresses registry.
2025-03-31T16:52:05.306+0700 [DEBUG] [org.gradle.cache.internal.DefaultFileLockManager] Waiting to acquire shared lock on daemon addresses registry.
2025-03-31T16:52:05.306+0700 [DEBUG] [org.gradle.cache.internal.DefaultFileLockManager] Lock acquired on daemon addresses registry.
2025-03-31T16:52:05.306+0700 [DEBUG] [org.gradle.cache.internal.DefaultFileLockManager] Releasing lock on daemon addresses registry.
2025-03-31T16:52:05.307+0700 [DEBUG] [org.gradle.cache.internal.DefaultFileLockManager] Waiting to acquire shared lock on daemon addresses registry.
2025-03-31T16:52:05.307+0700 [DEBUG] [org.gradle.cache.internal.DefaultFileLockManager] Lock acquired on daemon addresses registry.
2025-03-31T16:52:05.307+0700 [DEBUG] [org.gradle.cache.internal.DefaultFileLockManager] Releasing lock on daemon addresses registry.
2025-03-31T16:52:08.591+0700 [DEBUG] [org.gradle.process.internal.health.memory.DefaultMemoryManager] 2348528844 virtual memory requested, 2270150656 free
2025-03-31T16:52:08.591+0700 [DEBUG] [org.gradle.workers.internal.WorkerDaemonExpiration] Will attempt to release 2239 of memory
2025-03-31T16:52:08.591+0700 [DEBUG] [org.gradle.process.internal.health.memory.DefaultMemoryManager] 2348528844 virtual memory requested, 0 released, 2270150656 free
2025-03-31T16:52:13.581+0700 [DEBUG] [org.gradle.process.internal.health.memory.DefaultMemoryManager] 2348528844 virtual memory requested, 2128416768 free
2025-03-31T16:52:13.581+0700 [DEBUG] [org.gradle.workers.internal.WorkerDaemonExpiration] Will attempt to release 2239 of memory
2025-03-31T16:52:13.581+0700 [DEBUG] [org.gradle.process.internal.health.memory.DefaultMemoryManager] 2348528844 virtual memory requested, 0 released, 2128416768 free
2025-03-31T16:52:15.294+0700 [DEBUG] [org.gradle.cache.internal.DefaultFileLockManager] Waiting to acquire shared lock on daemon addresses registry.
2025-03-31T16:52:15.294+0700 [DEBUG] [org.gradle.cache.internal.DefaultFileLockManager] Lock acquired on daemon addresses registry.
2025-03-31T16:52:15.294+0700 [DEBUG] [org.gradle.cache.internal.DefaultFileLockManager] Releasing lock on daemon addresses registry.
2025-03-31T16:52:15.295+0700 [DEBUG] [org.gradle.cache.internal.DefaultFileLockManager] Waiting to acquire shared lock on daemon addresses registry.
2025-03-31T16:52:15.295+0700 [DEBUG] [org.gradle.cache.internal.DefaultFileLockManager] Lock acquired on daemon addresses registry.
2025-03-31T16:52:15.295+0700 [DEBUG] [org.gradle.cache.internal.DefaultFileLockManager] Releasing lock on daemon addresses registry.
2025-03-31T16:52:15.295+0700 [DEBUG] [org.gradle.cache.internal.DefaultFileLockManager] Waiting to acquire shared lock on daemon addresses registry.
2025-03-31T16:52:15.295+0700 [DEBUG] [org.gradle.cache.internal.DefaultFileLockManager] Lock acquired on daemon addresses registry.
2025-03-31T16:52:15.296+0700 [DEBUG] [org.gradle.cache.internal.DefaultFileLockManager] Releasing lock on daemon addresses registry.
2025-03-31T16:52:18.587+0700 [DEBUG] [org.gradle.process.internal.health.memory.DefaultMemoryManager] 2348528844 virtual memory requested, 2217304064 free
2025-03-31T16:52:18.587+0700 [DEBUG] [org.gradle.workers.internal.WorkerDaemonExpiration] Will attempt to release 2239 of memory
2025-03-31T16:52:18.587+0700 [DEBUG] [org.gradle.process.internal.health.memory.DefaultMemoryManager] 2348528844 virtual memory requested, 0 released, 2217304064 free
2025-03-31T16:52:23.583+0700 [DEBUG] [org.gradle.process.internal.health.memory.DefaultMemoryManager] 2348528844 virtual memory requested, 2107555840 free
2025-03-31T16:52:23.583+0700 [DEBUG] [org.gradle.workers.internal.WorkerDaemonExpiration] Will attempt to release 2239 of memory
2025-03-31T16:52:23.583+0700 [DEBUG] [org.gradle.process.internal.health.memory.DefaultMemoryManager] 2348528844 virtual memory requested, 0 released, 2107555840 free
2025-03-31T16:52:25.305+0700 [DEBUG] [org.gradle.cache.internal.DefaultFileLockManager] Waiting to acquire shared lock on daemon addresses registry.
2025-03-31T16:52:25.305+0700 [DEBUG] [org.gradle.cache.internal.DefaultFileLockManager] Lock acquired on daemon addresses registry.
2025-03-31T16:52:25.305+0700 [DEBUG] [org.gradle.cache.internal.DefaultFileLockManager] Releasing lock on daemon addresses registry.
2025-03-31T16:52:25.306+0700 [DEBUG] [org.gradle.cache.internal.DefaultFileLockManager] Waiting to acquire shared lock on daemon addresses registry.
2025-03-31T16:52:25.306+0700 [DEBUG] [org.gradle.cache.internal.DefaultFileLockManager] Lock acquired on daemon addresses registry.
2025-03-31T16:52:25.306+0700 [DEBUG] [org.gradle.cache.internal.DefaultFileLockManager] Releasing lock on daemon addresses registry.
2025-03-31T16:52:25.307+0700 [DEBUG] [org.gradle.cache.internal.DefaultFileLockManager] Waiting to acquire shared lock on daemon addresses registry.
2025-03-31T16:52:25.307+0700 [DEBUG] [org.gradle.cache.internal.DefaultFileLockManager] Lock acquired on daemon addresses registry.
2025-03-31T16:52:25.307+0700 [DEBUG] [org.gradle.cache.internal.DefaultFileLockManager] Releasing lock on daemon addresses registry.
2025-03-31T16:52:28.585+0700 [DEBUG] [org.gradle.process.internal.health.memory.DefaultMemoryManager] 2348528844 virtual memory requested, 2138660864 free
2025-03-31T16:52:28.585+0700 [DEBUG] [org.gradle.workers.internal.WorkerDaemonExpiration] Will attempt to release 2239 of memory
2025-03-31T16:52:28.585+0700 [DEBUG] [org.gradle.process.internal.health.memory.DefaultMemoryManager] 2348528844 virtual memory requested, 0 released, 2138660864 free
2025-03-31T16:52:33.582+0700 [DEBUG] [org.gradle.process.internal.health.memory.DefaultMemoryManager] 2348528844 virtual memory requested, 2273726464 free
2025-03-31T16:52:33.582+0700 [DEBUG] [org.gradle.workers.internal.WorkerDaemonExpiration] Will attempt to release 2239 of memory
2025-03-31T16:52:33.582+0700 [DEBUG] [org.gradle.process.internal.health.memory.DefaultMemoryManager] 2348528844 virtual memory requested, 0 released, 2273726464 free
2025-03-31T16:52:35.303+0700 [DEBUG] [org.gradle.cache.internal.DefaultFileLockManager] Waiting to acquire shared lock on daemon addresses registry.
2025-03-31T16:52:35.303+0700 [DEBUG] [org.gradle.cache.internal.DefaultFileLockManager] Lock acquired on daemon addresses registry.
2025-03-31T16:52:35.304+0700 [DEBUG] [org.gradle.cache.internal.DefaultFileLockManager] Releasing lock on daemon addresses registry.
2025-03-31T16:52:35.304+0700 [DEBUG] [org.gradle.cache.internal.DefaultFileLockManager] Waiting to acquire shared lock on daemon addresses registry.
2025-03-31T16:52:35.304+0700 [DEBUG] [org.gradle.cache.internal.DefaultFileLockManager] Lock acquired on daemon addresses registry.
2025-03-31T16:52:35.305+0700 [DEBUG] [org.gradle.cache.internal.DefaultFileLockManager] Releasing lock on daemon addresses registry.
2025-03-31T16:52:35.305+0700 [DEBUG] [org.gradle.cache.internal.DefaultFileLockManager] Waiting to acquire shared lock on daemon addresses registry.
2025-03-31T16:52:35.305+0700 [DEBUG] [org.gradle.cache.internal.DefaultFileLockManager] Lock acquired on daemon addresses registry.
2025-03-31T16:52:35.306+0700 [DEBUG] [org.gradle.cache.internal.DefaultFileLockManager] Releasing lock on daemon addresses registry.
2025-03-31T16:52:38.589+0700 [DEBUG] [org.gradle.process.internal.health.memory.DefaultMemoryManager] 2348528844 virtual memory requested, 2274873344 free
2025-03-31T16:52:38.589+0700 [DEBUG] [org.gradle.workers.internal.WorkerDaemonExpiration] Will attempt to release 2239 of memory
2025-03-31T16:52:38.589+0700 [DEBUG] [org.gradle.process.internal.health.memory.DefaultMemoryManager] 2348528844 virtual memory requested, 0 released, 2274873344 free
2025-03-31T16:52:43.589+0700 [DEBUG] [org.gradle.process.internal.health.memory.DefaultMemoryManager] 2348528844 virtual memory requested, 2240385024 free
2025-03-31T16:52:43.590+0700 [DEBUG] [org.gradle.workers.internal.WorkerDaemonExpiration] Will attempt to release 2239 of memory
2025-03-31T16:52:43.590+0700 [DEBUG] [org.gradle.process.internal.health.memory.DefaultMemoryManager] 2348528844 virtual memory requested, 0 released, 2240385024 free
2025-03-31T16:52:45.305+0700 [DEBUG] [org.gradle.cache.internal.DefaultFileLockManager] Waiting to acquire shared lock on daemon addresses registry.
2025-03-31T16:52:45.305+0700 [DEBUG] [org.gradle.cache.internal.DefaultFileLockManager] Lock acquired on daemon addresses registry.
2025-03-31T16:52:45.305+0700 [DEBUG] [org.gradle.cache.internal.DefaultFileLockManager] Releasing lock on daemon addresses registry.
2025-03-31T16:52:45.306+0700 [DEBUG] [org.gradle.cache.internal.DefaultFileLockManager] Waiting to acquire shared lock on daemon addresses registry.
2025-03-31T16:52:45.306+0700 [DEBUG] [org.gradle.cache.internal.DefaultFileLockManager] Lock acquired on daemon addresses registry.
2025-03-31T16:52:45.306+0700 [DEBUG] [org.gradle.cache.internal.DefaultFileLockManager] Releasing lock on daemon addresses registry.
2025-03-31T16:52:45.306+0700 [DEBUG] [org.gradle.cache.internal.DefaultFileLockManager] Waiting to acquire shared lock on daemon addresses registry.
2025-03-31T16:52:45.306+0700 [DEBUG] [org.gradle.cache.internal.DefaultFileLockManager] Lock acquired on daemon addresses registry.
2025-03-31T16:52:45.307+0700 [DEBUG] [org.gradle.cache.internal.DefaultFileLockManager] Releasing lock on daemon addresses registry.
2025-03-31T16:52:48.585+0700 [DEBUG] [org.gradle.process.internal.health.memory.DefaultMemoryManager] 2348528844 virtual memory requested, 2280796160 free
2025-03-31T16:52:48.585+0700 [DEBUG] [org.gradle.workers.internal.WorkerDaemonExpiration] Will attempt to release 2239 of memory
2025-03-31T16:52:48.585+0700 [DEBUG] [org.gradle.process.internal.health.memory.DefaultMemoryManager] 2348528844 virtual memory requested, 0 released, 2280796160 free
2025-03-31T16:52:53.588+0700 [DEBUG] [org.gradle.process.internal.health.memory.DefaultMemoryManager] 2348528844 virtual memory requested, 2347077632 free
2025-03-31T16:52:53.588+0700 [DEBUG] [org.gradle.workers.internal.WorkerDaemonExpiration] Will attempt to release 2239 of memory
2025-03-31T16:52:53.588+0700 [DEBUG] [org.gradle.process.internal.health.memory.DefaultMemoryManager] 2348528844 virtual memory requested, 0 released, 2347077632 free
2025-03-31T16:52:55.303+0700 [DEBUG] [org.gradle.cache.internal.DefaultFileLockManager] Waiting to acquire shared lock on daemon addresses registry.
2025-03-31T16:52:55.304+0700 [DEBUG] [org.gradle.cache.internal.DefaultFileLockManager] Lock acquired on daemon addresses registry.
2025-03-31T16:52:55.304+0700 [DEBUG] [org.gradle.cache.internal.DefaultFileLockManager] Releasing lock on daemon addresses registry.
2025-03-31T16:52:55.305+0700 [DEBUG] [org.gradle.cache.internal.DefaultFileLockManager] Waiting to acquire shared lock on daemon addresses registry.
2025-03-31T16:52:55.305+0700 [DEBUG] [org.gradle.cache.internal.DefaultFileLockManager] Lock acquired on daemon addresses registry.
2025-03-31T16:52:55.305+0700 [DEBUG] [org.gradle.cache.internal.DefaultFileLockManager] Releasing lock on daemon addresses registry.
2025-03-31T16:52:55.306+0700 [DEBUG] [org.gradle.cache.internal.DefaultFileLockManager] Waiting to acquire shared lock on daemon addresses registry.
2025-03-31T16:52:55.306+0700 [DEBUG] [org.gradle.cache.internal.DefaultFileLockManager] Lock acquired on daemon addresses registry.
2025-03-31T16:52:55.306+0700 [DEBUG] [org.gradle.cache.internal.DefaultFileLockManager] Releasing lock on daemon addresses registry.
2025-03-31T16:52:58.587+0700 [DEBUG] [org.gradle.process.internal.health.memory.DefaultMemoryManager] 2348528844 virtual memory requested, 2331152384 free
2025-03-31T16:52:58.587+0700 [DEBUG] [org.gradle.workers.internal.WorkerDaemonExpiration] Will attempt to release 2239 of memory
2025-03-31T16:52:58.587+0700 [DEBUG] [org.gradle.process.internal.health.memory.DefaultMemoryManager] 2348528844 virtual memory requested, 0 released, 2331152384 free
2025-03-31T16:53:03.587+0700 [DEBUG] [org.gradle.process.internal.health.memory.DefaultMemoryManager] 2348528844 virtual memory requested, 2342785024 free
2025-03-31T16:53:03.587+0700 [DEBUG] [org.gradle.workers.internal.WorkerDaemonExpiration] Will attempt to release 2239 of memory
2025-03-31T16:53:03.588+0700 [DEBUG] [org.gradle.process.internal.health.memory.DefaultMemoryManager] 2348528844 virtual memory requested, 0 released, 2342785024 free
2025-03-31T16:53:05.303+0700 [DEBUG] [org.gradle.cache.internal.DefaultFileLockManager] Waiting to acquire shared lock on daemon addresses registry.
2025-03-31T16:53:05.303+0700 [DEBUG] [org.gradle.cache.internal.DefaultFileLockManager] Lock acquired on daemon addresses registry.
2025-03-31T16:53:05.304+0700 [DEBUG] [org.gradle.cache.internal.DefaultFileLockManager] Releasing lock on daemon addresses registry.
2025-03-31T16:53:05.305+0700 [DEBUG] [org.gradle.cache.internal.DefaultFileLockManager] Waiting to acquire shared lock on daemon addresses registry.
2025-03-31T16:53:05.305+0700 [DEBUG] [org.gradle.cache.internal.DefaultFileLockManager] Lock acquired on daemon addresses registry.
2025-03-31T16:53:05.305+0700 [DEBUG] [org.gradle.cache.internal.DefaultFileLockManager] Releasing lock on daemon addresses registry.
2025-03-31T16:53:05.306+0700 [DEBUG] [org.gradle.cache.internal.DefaultFileLockManager] Waiting to acquire shared lock on daemon addresses registry.
2025-03-31T16:53:05.306+0700 [DEBUG] [org.gradle.cache.internal.DefaultFileLockManager] Lock acquired on daemon addresses registry.
2025-03-31T16:53:05.307+0700 [DEBUG] [org.gradle.cache.internal.DefaultFileLockManager] Releasing lock on daemon addresses registry.
2025-03-31T16:53:08.589+0700 [DEBUG] [org.gradle.process.internal.health.memory.DefaultMemoryManager] 2348528844 virtual memory requested, 2114232320 free
2025-03-31T16:53:08.589+0700 [DEBUG] [org.gradle.workers.internal.WorkerDaemonExpiration] Will attempt to release 2239 of memory
2025-03-31T16:53:08.589+0700 [DEBUG] [org.gradle.process.internal.health.memory.DefaultMemoryManager] 2348528844 virtual memory requested, 0 released, 2114232320 free
2025-03-31T16:53:13.585+0700 [DEBUG] [org.gradle.process.internal.health.memory.DefaultMemoryManager] 2348528844 virtual memory requested, 2119696384 free
2025-03-31T16:53:13.585+0700 [DEBUG] [org.gradle.workers.internal.WorkerDaemonExpiration] Will attempt to release 2239 of memory
2025-03-31T16:53:13.585+0700 [DEBUG] [org.gradle.process.internal.health.memory.DefaultMemoryManager] 2348528844 virtual memory requested, 0 released, 2119696384 free
2025-03-31T16:53:15.293+0700 [DEBUG] [org.gradle.cache.internal.DefaultFileLockManager] Waiting to acquire shared lock on daemon addresses registry.
2025-03-31T16:53:15.293+0700 [DEBUG] [org.gradle.cache.internal.DefaultFileLockManager] Lock acquired on daemon addresses registry.
2025-03-31T16:53:15.293+0700 [DEBUG] [org.gradle.cache.internal.DefaultFileLockManager] Releasing lock on daemon addresses registry.
2025-03-31T16:53:15.295+0700 [DEBUG] [org.gradle.cache.internal.DefaultFileLockManager] Waiting to acquire shared lock on daemon addresses registry.
2025-03-31T16:53:15.295+0700 [DEBUG] [org.gradle.cache.internal.DefaultFileLockManager] Lock acquired on daemon addresses registry.
2025-03-31T16:53:15.295+0700 [DEBUG] [org.gradle.cache.internal.DefaultFileLockManager] Releasing lock on daemon addresses registry.
2025-03-31T16:53:15.298+0700 [DEBUG] [org.gradle.cache.internal.DefaultFileLockManager] Waiting to acquire shared lock on daemon addresses registry.
2025-03-31T16:53:15.298+0700 [DEBUG] [org.gradle.cache.internal.DefaultFileLockManager] Lock acquired on daemon addresses registry.
2025-03-31T16:53:15.299+0700 [DEBUG] [org.gradle.cache.internal.DefaultFileLockManager] Releasing lock on daemon addresses registry.
2025-03-31T16:53:18.586+0700 [DEBUG] [org.gradle.process.internal.health.memory.DefaultMemoryManager] 2348528844 virtual memory requested, 2152280064 free
2025-03-31T16:53:18.586+0700 [DEBUG] [org.gradle.workers.internal.WorkerDaemonExpiration] Will attempt to release 2239 of memory
2025-03-31T16:53:18.586+0700 [DEBUG] [org.gradle.process.internal.health.memory.DefaultMemoryManager] 2348528844 virtual memory requested, 0 released, 2152280064 free
2025-03-31T16:53:23.584+0700 [DEBUG] [org.gradle.process.internal.health.memory.DefaultMemoryManager] 2348528844 virtual memory requested, 2203189248 free
2025-03-31T16:53:23.584+0700 [DEBUG] [org.gradle.workers.internal.WorkerDaemonExpiration] Will attempt to release 2239 of memory
2025-03-31T16:53:23.584+0700 [DEBUG] [org.gradle.process.internal.health.memory.DefaultMemoryManager] 2348528844 virtual memory requested, 0 released, 2203189248 free
2025-03-31T16:53:25.296+0700 [DEBUG] [org.gradle.cache.internal.DefaultFileLockManager] Waiting to acquire shared lock on daemon addresses registry.
2025-03-31T16:53:25.296+0700 [DEBUG] [org.gradle.cache.internal.DefaultFileLockManager] Lock acquired on daemon addresses registry.
2025-03-31T16:53:25.296+0700 [DEBUG] [org.gradle.cache.internal.DefaultFileLockManager] Releasing lock on daemon addresses registry.
2025-03-31T16:53:25.297+0700 [DEBUG] [org.gradle.cache.internal.DefaultFileLockManager] Waiting to acquire shared lock on daemon addresses registry.
2025-03-31T16:53:25.297+0700 [DEBUG] [org.gradle.cache.internal.DefaultFileLockManager] Lock acquired on daemon addresses registry.
2025-03-31T16:53:25.297+0700 [DEBUG] [org.gradle.cache.internal.DefaultFileLockManager] Releasing lock on daemon addresses registry.
2025-03-31T16:53:25.298+0700 [DEBUG] [org.gradle.cache.internal.DefaultFileLockManager] Waiting to acquire shared lock on daemon addresses registry.
2025-03-31T16:53:25.298+0700 [DEBUG] [org.gradle.cache.internal.DefaultFileLockManager] Lock acquired on daemon addresses registry.
2025-03-31T16:53:25.298+0700 [DEBUG] [org.gradle.cache.internal.DefaultFileLockManager] Releasing lock on daemon addresses registry.
2025-03-31T16:53:28.587+0700 [DEBUG] [org.gradle.process.internal.health.memory.DefaultMemoryManager] 2348528844 virtual memory requested, 2186170368 free
2025-03-31T16:53:28.587+0700 [DEBUG] [org.gradle.workers.internal.WorkerDaemonExpiration] Will attempt to release 2239 of memory
2025-03-31T16:53:28.587+0700 [DEBUG] [org.gradle.process.internal.health.memory.DefaultMemoryManager] 2348528844 virtual memory requested, 0 released, 2186170368 free
2025-03-31T16:53:33.583+0700 [DEBUG] [org.gradle.process.internal.health.memory.DefaultMemoryManager] 2348528844 virtual memory requested, 2231709696 free
2025-03-31T16:53:33.583+0700 [DEBUG] [org.gradle.workers.internal.WorkerDaemonExpiration] Will attempt to release 2239 of memory
2025-03-31T16:53:33.583+0700 [DEBUG] [org.gradle.process.internal.health.memory.DefaultMemoryManager] 2348528844 virtual memory requested, 0 released, 2231709696 free
2025-03-31T16:53:35.301+0700 [DEBUG] [org.gradle.cache.internal.DefaultFileLockManager] Waiting to acquire shared lock on daemon addresses registry.
2025-03-31T16:53:35.301+0700 [DEBUG] [org.gradle.cache.internal.DefaultFileLockManager] Lock acquired on daemon addresses registry.
2025-03-31T16:53:35.302+0700 [DEBUG] [org.gradle.cache.internal.DefaultFileLockManager] Releasing lock on daemon addresses registry.
2025-03-31T16:53:35.302+0700 [DEBUG] [org.gradle.cache.internal.DefaultFileLockManager] Waiting to acquire shared lock on daemon addresses registry.
2025-03-31T16:53:35.302+0700 [DEBUG] [org.gradle.cache.internal.DefaultFileLockManager] Lock acquired on daemon addresses registry.
2025-03-31T16:53:35.303+0700 [DEBUG] [org.gradle.cache.internal.DefaultFileLockManager] Releasing lock on daemon addresses registry.
2025-03-31T16:53:35.303+0700 [DEBUG] [org.gradle.cache.internal.DefaultFileLockManager] Waiting to acquire shared lock on daemon addresses registry.
2025-03-31T16:53:35.303+0700 [DEBUG] [org.gradle.cache.internal.DefaultFileLockManager] Lock acquired on daemon addresses registry.
2025-03-31T16:53:35.303+0700 [DEBUG] [org.gradle.cache.internal.DefaultFileLockManager] Releasing lock on daemon addresses registry.
2025-03-31T16:53:38.586+0700 [DEBUG] [org.gradle.process.internal.health.memory.DefaultMemoryManager] 2348528844 virtual memory requested, 2206507008 free
2025-03-31T16:53:38.586+0700 [DEBUG] [org.gradle.workers.internal.WorkerDaemonExpiration] Will attempt to release 2239 of memory
2025-03-31T16:53:38.586+0700 [DEBUG] [org.gradle.process.internal.health.memory.DefaultMemoryManager] 2348528844 virtual memory requested, 0 released, 2206507008 free
2025-03-31T16:53:43.592+0700 [DEBUG] [org.gradle.process.internal.health.memory.DefaultMemoryManager] 2348528844 virtual memory requested, 2211217408 free
2025-03-31T16:53:43.593+0700 [DEBUG] [org.gradle.workers.internal.WorkerDaemonExpiration] Will attempt to release 2239 of memory
2025-03-31T16:53:43.593+0700 [DEBUG] [org.gradle.process.internal.health.memory.DefaultMemoryManager] 2348528844 virtual memory requested, 0 released, 2211217408 free
2025-03-31T16:53:45.295+0700 [DEBUG] [org.gradle.cache.internal.DefaultFileLockManager] Waiting to acquire shared lock on daemon addresses registry.
2025-03-31T16:53:45.295+0700 [DEBUG] [org.gradle.cache.internal.DefaultFileLockManager] Lock acquired on daemon addresses registry.
2025-03-31T16:53:45.295+0700 [DEBUG] [org.gradle.cache.internal.DefaultFileLockManager] Releasing lock on daemon addresses registry.
2025-03-31T16:53:45.296+0700 [DEBUG] [org.gradle.cache.internal.DefaultFileLockManager] Waiting to acquire shared lock on daemon addresses registry.
2025-03-31T16:53:45.296+0700 [DEBUG] [org.gradle.cache.internal.DefaultFileLockManager] Lock acquired on daemon addresses registry.
2025-03-31T16:53:45.296+0700 [DEBUG] [org.gradle.cache.internal.DefaultFileLockManager] Releasing lock on daemon addresses registry.
2025-03-31T16:53:45.297+0700 [DEBUG] [org.gradle.cache.internal.DefaultFileLockManager] Waiting to acquire shared lock on daemon addresses registry.
2025-03-31T16:53:45.297+0700 [DEBUG] [org.gradle.cache.internal.DefaultFileLockManager] Lock acquired on daemon addresses registry.
2025-03-31T16:53:45.297+0700 [DEBUG] [org.gradle.cache.internal.DefaultFileLockManager] Releasing lock on daemon addresses registry.
2025-03-31T16:53:48.587+0700 [DEBUG] [org.gradle.process.internal.health.memory.DefaultMemoryManager] 2348528844 virtual memory requested, 2228854784 free
2025-03-31T16:53:48.587+0700 [DEBUG] [org.gradle.workers.internal.WorkerDaemonExpiration] Will attempt to release 2239 of memory
2025-03-31T16:53:48.587+0700 [DEBUG] [org.gradle.process.internal.health.memory.DefaultMemoryManager] 2348528844 virtual memory requested, 0 released, 2228854784 free
2025-03-31T16:53:53.593+0700 [DEBUG] [org.gradle.process.internal.health.memory.DefaultMemoryManager] 2348528844 virtual memory requested, 2234892288 free
2025-03-31T16:53:53.593+0700 [DEBUG] [org.gradle.workers.internal.WorkerDaemonExpiration] Will attempt to release 2239 of memory
2025-03-31T16:53:53.593+0700 [DEBUG] [org.gradle.process.internal.health.memory.DefaultMemoryManager] 2348528844 virtual memory requested, 0 released, 2234892288 free
2025-03-31T16:53:55.295+0700 [DEBUG] [org.gradle.cache.internal.DefaultFileLockManager] Waiting to acquire shared lock on daemon addresses registry.
2025-03-31T16:53:55.295+0700 [DEBUG] [org.gradle.cache.internal.DefaultFileLockManager] Lock acquired on daemon addresses registry.
2025-03-31T16:53:55.295+0700 [DEBUG] [org.gradle.cache.internal.DefaultFileLockManager] Releasing lock on daemon addresses registry.
2025-03-31T16:53:55.296+0700 [DEBUG] [org.gradle.cache.internal.DefaultFileLockManager] Waiting to acquire shared lock on daemon addresses registry.
2025-03-31T16:53:55.296+0700 [DEBUG] [org.gradle.cache.internal.DefaultFileLockManager] Lock acquired on daemon addresses registry.
2025-03-31T16:53:55.296+0700 [DEBUG] [org.gradle.cache.internal.DefaultFileLockManager] Releasing lock on daemon addresses registry.
2025-03-31T16:53:55.297+0700 [DEBUG] [org.gradle.cache.internal.DefaultFileLockManager] Waiting to acquire shared lock on daemon addresses registry.
2025-03-31T16:53:55.297+0700 [DEBUG] [org.gradle.cache.internal.DefaultFileLockManager] Lock acquired on daemon addresses registry.
2025-03-31T16:53:55.297+0700 [DEBUG] [org.gradle.cache.internal.DefaultFileLockManager] Releasing lock on daemon addresses registry.
2025-03-31T16:53:58.586+0700 [DEBUG] [org.gradle.process.internal.health.memory.DefaultMemoryManager] 2348528844 virtual memory requested, 2225459200 free
2025-03-31T16:53:58.586+0700 [DEBUG] [org.gradle.workers.internal.WorkerDaemonExpiration] Will attempt to release 2239 of memory
2025-03-31T16:53:58.586+0700 [DEBUG] [org.gradle.process.internal.health.memory.DefaultMemoryManager] 2348528844 virtual memory requested, 0 released, 2225459200 free
2025-03-31T16:54:03.581+0700 [DEBUG] [org.gradle.process.internal.health.memory.DefaultMemoryManager] 2348528844 virtual memory requested, 2240684032 free
2025-03-31T16:54:03.581+0700 [DEBUG] [org.gradle.workers.internal.WorkerDaemonExpiration] Will attempt to release 2239 of memory
2025-03-31T16:54:03.581+0700 [DEBUG] [org.gradle.process.internal.health.memory.DefaultMemoryManager] 2348528844 virtual memory requested, 0 released, 2240684032 free
2025-03-31T16:54:05.296+0700 [DEBUG] [org.gradle.cache.internal.DefaultFileLockManager] Waiting to acquire shared lock on daemon addresses registry.
2025-03-31T16:54:05.296+0700 [DEBUG] [org.gradle.cache.internal.DefaultFileLockManager] Lock acquired on daemon addresses registry.
2025-03-31T16:54:05.296+0700 [DEBUG] [org.gradle.cache.internal.DefaultFileLockManager] Releasing lock on daemon addresses registry.
2025-03-31T16:54:05.297+0700 [DEBUG] [org.gradle.cache.internal.DefaultFileLockManager] Waiting to acquire shared lock on daemon addresses registry.
2025-03-31T16:54:05.297+0700 [DEBUG] [org.gradle.cache.internal.DefaultFileLockManager] Lock acquired on daemon addresses registry.
2025-03-31T16:54:05.297+0700 [DEBUG] [org.gradle.cache.internal.DefaultFileLockManager] Releasing lock on daemon addresses registry.
2025-03-31T16:54:05.297+0700 [DEBUG] [org.gradle.cache.internal.DefaultFileLockManager] Waiting to acquire shared lock on daemon addresses registry.
2025-03-31T16:54:05.297+0700 [DEBUG] [org.gradle.cache.internal.DefaultFileLockManager] Lock acquired on daemon addresses registry.
2025-03-31T16:54:05.298+0700 [DEBUG] [org.gradle.cache.internal.DefaultFileLockManager] Releasing lock on daemon addresses registry.
2025-03-31T16:54:08.588+0700 [DEBUG] [org.gradle.process.internal.health.memory.DefaultMemoryManager] 2348528844 virtual memory requested, 2303983616 free
2025-03-31T16:54:08.588+0700 [DEBUG] [org.gradle.workers.internal.WorkerDaemonExpiration] Will attempt to release 2239 of memory
2025-03-31T16:54:08.588+0700 [DEBUG] [org.gradle.process.internal.health.memory.DefaultMemoryManager] 2348528844 virtual memory requested, 0 released, 2303983616 free
2025-03-31T16:54:13.584+0700 [DEBUG] [org.gradle.process.internal.health.memory.DefaultMemoryManager] 2348528844 virtual memory requested, 2236907520 free
2025-03-31T16:54:13.584+0700 [DEBUG] [org.gradle.workers.internal.WorkerDaemonExpiration] Will attempt to release 2239 of memory
2025-03-31T16:54:13.584+0700 [DEBUG] [org.gradle.process.internal.health.memory.DefaultMemoryManager] 2348528844 virtual memory requested, 0 released, 2236907520 free
2025-03-31T16:54:15.291+0700 [DEBUG] [org.gradle.cache.internal.DefaultFileLockManager] Waiting to acquire shared lock on daemon addresses registry.
2025-03-31T16:54:15.291+0700 [DEBUG] [org.gradle.cache.internal.DefaultFileLockManager] Lock acquired on daemon addresses registry.
2025-03-31T16:54:15.291+0700 [DEBUG] [org.gradle.cache.internal.DefaultFileLockManager] Releasing lock on daemon addresses registry.
2025-03-31T16:54:15.292+0700 [DEBUG] [org.gradle.cache.internal.DefaultFileLockManager] Waiting to acquire shared lock on daemon addresses registry.
2025-03-31T16:54:15.292+0700 [DEBUG] [org.gradle.cache.internal.DefaultFileLockManager] Lock acquired on daemon addresses registry.
2025-03-31T16:54:15.292+0700 [DEBUG] [org.gradle.cache.internal.DefaultFileLockManager] Releasing lock on daemon addresses registry.
2025-03-31T16:54:15.293+0700 [DEBUG] [org.gradle.cache.internal.DefaultFileLockManager] Waiting to acquire shared lock on daemon addresses registry.
2025-03-31T16:54:15.293+0700 [DEBUG] [org.gradle.cache.internal.DefaultFileLockManager] Lock acquired on daemon addresses registry.
2025-03-31T16:54:15.293+0700 [DEBUG] [org.gradle.cache.internal.DefaultFileLockManager] Releasing lock on daemon addresses registry.
2025-03-31T16:54:18.581+0700 [DEBUG] [org.gradle.process.internal.health.memory.DefaultMemoryManager] 2348528844 virtual memory requested, 2204323840 free
2025-03-31T16:54:18.581+0700 [DEBUG] [org.gradle.workers.internal.WorkerDaemonExpiration] Will attempt to release 2239 of memory
2025-03-31T16:54:18.581+0700 [DEBUG] [org.gradle.process.internal.health.memory.DefaultMemoryManager] 2348528844 virtual memory requested, 0 released, 2204323840 free
2025-03-31T16:54:23.582+0700 [DEBUG] [org.gradle.process.internal.health.memory.DefaultMemoryManager] 2348528844 virtual memory requested, 2283577344 free
2025-03-31T16:54:23.582+0700 [DEBUG] [org.gradle.workers.internal.WorkerDaemonExpiration] Will attempt to release 2239 of memory
2025-03-31T16:54:23.582+0700 [DEBUG] [org.gradle.process.internal.health.memory.DefaultMemoryManager] 2348528844 virtual memory requested, 0 released, 2283577344 free
2025-03-31T16:54:25.299+0700 [DEBUG] [org.gradle.cache.internal.DefaultFileLockManager] Waiting to acquire shared lock on daemon addresses registry.
2025-03-31T16:54:25.299+0700 [DEBUG] [org.gradle.cache.internal.DefaultFileLockManager] Lock acquired on daemon addresses registry.
2025-03-31T16:54:25.299+0700 [DEBUG] [org.gradle.cache.internal.DefaultFileLockManager] Releasing lock on daemon addresses registry.
2025-03-31T16:54:25.300+0700 [DEBUG] [org.gradle.cache.internal.DefaultFileLockManager] Waiting to acquire shared lock on daemon addresses registry.
2025-03-31T16:54:25.300+0700 [DEBUG] [org.gradle.cache.internal.DefaultFileLockManager] Lock acquired on daemon addresses registry.
2025-03-31T16:54:25.300+0700 [DEBUG] [org.gradle.cache.internal.DefaultFileLockManager] Releasing lock on daemon addresses registry.
2025-03-31T16:54:25.301+0700 [DEBUG] [org.gradle.cache.internal.DefaultFileLockManager] Waiting to acquire shared lock on daemon addresses registry.
2025-03-31T16:54:25.301+0700 [DEBUG] [org.gradle.cache.internal.DefaultFileLockManager] Lock acquired on daemon addresses registry.
2025-03-31T16:54:25.301+0700 [DEBUG] [org.gradle.cache.internal.DefaultFileLockManager] Releasing lock on daemon addresses registry.
2025-03-31T16:54:28.591+0700 [DEBUG] [org.gradle.process.internal.health.memory.DefaultMemoryManager] 2348528844 virtual memory requested, 2279198720 free
2025-03-31T16:54:28.591+0700 [DEBUG] [org.gradle.workers.internal.WorkerDaemonExpiration] Will attempt to release 2239 of memory
2025-03-31T16:54:28.591+0700 [DEBUG] [org.gradle.process.internal.health.memory.DefaultMemoryManager] 2348528844 virtual memory requested, 0 released, 2279198720 free
2025-03-31T16:54:33.587+0700 [DEBUG] [org.gradle.process.internal.health.memory.DefaultMemoryManager] 2348528844 virtual memory requested, 2134646784 free
2025-03-31T16:54:33.587+0700 [DEBUG] [org.gradle.workers.internal.WorkerDaemonExpiration] Will attempt to release 2239 of memory
2025-03-31T16:54:33.587+0700 [DEBUG] [org.gradle.process.internal.health.memory.DefaultMemoryManager] 2348528844 virtual memory requested, 0 released, 2134646784 free
2025-03-31T16:54:35.291+0700 [DEBUG] [org.gradle.cache.internal.DefaultFileLockManager] Waiting to acquire shared lock on daemon addresses registry.
2025-03-31T16:54:35.291+0700 [DEBUG] [org.gradle.cache.internal.DefaultFileLockManager] Lock acquired on daemon addresses registry.
2025-03-31T16:54:35.291+0700 [DEBUG] [org.gradle.cache.internal.DefaultFileLockManager] Releasing lock on daemon addresses registry.
2025-03-31T16:54:35.292+0700 [DEBUG] [org.gradle.cache.internal.DefaultFileLockManager] Waiting to acquire shared lock on daemon addresses registry.
2025-03-31T16:54:35.292+0700 [DEBUG] [org.gradle.cache.internal.DefaultFileLockManager] Lock acquired on daemon addresses registry.
2025-03-31T16:54:35.292+0700 [DEBUG] [org.gradle.cache.internal.DefaultFileLockManager] Releasing lock on daemon addresses registry.
2025-03-31T16:54:35.293+0700 [DEBUG] [org.gradle.cache.internal.DefaultFileLockManager] Waiting to acquire shared lock on daemon addresses registry.
2025-03-31T16:54:35.293+0700 [DEBUG] [org.gradle.cache.internal.DefaultFileLockManager] Lock acquired on daemon addresses registry.
2025-03-31T16:54:35.293+0700 [DEBUG] [org.gradle.cache.internal.DefaultFileLockManager] Releasing lock on daemon addresses registry.
2025-03-31T16:54:38.582+0700 [DEBUG] [org.gradle.process.internal.health.memory.DefaultMemoryManager] 2348528844 virtual memory requested, 2154356736 free
2025-03-31T16:54:38.582+0700 [DEBUG] [org.gradle.workers.internal.WorkerDaemonExpiration] Will attempt to release 2239 of memory
2025-03-31T16:54:38.582+0700 [DEBUG] [org.gradle.process.internal.health.memory.DefaultMemoryManager] 2348528844 virtual memory requested, 0 released, 2154356736 free
2025-03-31T16:54:43.589+0700 [DEBUG] [org.gradle.process.internal.health.memory.DefaultMemoryManager] 2348528844 virtual memory requested, 2177212416 free
2025-03-31T16:54:43.589+0700 [DEBUG] [org.gradle.workers.internal.WorkerDaemonExpiration] Will attempt to release 2239 of memory
2025-03-31T16:54:43.590+0700 [DEBUG] [org.gradle.process.internal.health.memory.DefaultMemoryManager] 2348528844 virtual memory requested, 0 released, 2177212416 free
2025-03-31T16:54:45.294+0700 [DEBUG] [org.gradle.cache.internal.DefaultFileLockManager] Waiting to acquire shared lock on daemon addresses registry.
2025-03-31T16:54:45.294+0700 [DEBUG] [org.gradle.cache.internal.DefaultFileLockManager] Lock acquired on daemon addresses registry.
2025-03-31T16:54:45.294+0700 [DEBUG] [org.gradle.cache.internal.DefaultFileLockManager] Releasing lock on daemon addresses registry.
2025-03-31T16:54:45.295+0700 [DEBUG] [org.gradle.cache.internal.DefaultFileLockManager] Waiting to acquire shared lock on daemon addresses registry.
2025-03-31T16:54:45.295+0700 [DEBUG] [org.gradle.cache.internal.DefaultFileLockManager] Lock acquired on daemon addresses registry.
2025-03-31T16:54:45.295+0700 [DEBUG] [org.gradle.cache.internal.DefaultFileLockManager] Releasing lock on daemon addresses registry.
2025-03-31T16:54:45.296+0700 [DEBUG] [org.gradle.cache.internal.DefaultFileLockManager] Waiting to acquire shared lock on daemon addresses registry.
2025-03-31T16:54:45.296+0700 [DEBUG] [org.gradle.cache.internal.DefaultFileLockManager] Lock acquired on daemon addresses registry.
2025-03-31T16:54:45.296+0700 [DEBUG] [org.gradle.cache.internal.DefaultFileLockManager] Releasing lock on daemon addresses registry.
2025-03-31T16:54:48.586+0700 [DEBUG] [org.gradle.process.internal.health.memory.DefaultMemoryManager] 2348528844 virtual memory requested, 2191867904 free
2025-03-31T16:54:48.586+0700 [DEBUG] [org.gradle.workers.internal.WorkerDaemonExpiration] Will attempt to release 2239 of memory
2025-03-31T16:54:48.586+0700 [DEBUG] [org.gradle.process.internal.health.memory.DefaultMemoryManager] 2348528844 virtual memory requested, 0 released, 2191867904 free
2025-03-31T16:54:53.589+0700 [DEBUG] [org.gradle.process.internal.health.memory.DefaultMemoryManager] 2348528844 virtual memory requested, 2156564480 free
2025-03-31T16:54:53.590+0700 [DEBUG] [org.gradle.workers.internal.WorkerDaemonExpiration] Will attempt to release 2239 of memory
2025-03-31T16:54:53.590+0700 [DEBUG] [org.gradle.process.internal.health.memory.DefaultMemoryManager] 2348528844 virtual memory requested, 0 released, 2156564480 free
2025-03-31T16:54:55.305+0700 [DEBUG] [org.gradle.cache.internal.DefaultFileLockManager] Waiting to acquire shared lock on daemon addresses registry.
2025-03-31T16:54:55.305+0700 [DEBUG] [org.gradle.cache.internal.DefaultFileLockManager] Lock acquired on daemon addresses registry.
2025-03-31T16:54:55.305+0700 [DEBUG] [org.gradle.cache.internal.DefaultFileLockManager] Releasing lock on daemon addresses registry.
2025-03-31T16:54:55.306+0700 [DEBUG] [org.gradle.cache.internal.DefaultFileLockManager] Waiting to acquire shared lock on daemon addresses registry.
2025-03-31T16:54:55.306+0700 [DEBUG] [org.gradle.cache.internal.DefaultFileLockManager] Lock acquired on daemon addresses registry.
2025-03-31T16:54:55.306+0700 [DEBUG] [org.gradle.cache.internal.DefaultFileLockManager] Releasing lock on daemon addresses registry.
2025-03-31T16:54:55.307+0700 [DEBUG] [org.gradle.cache.internal.DefaultFileLockManager] Waiting to acquire shared lock on daemon addresses registry.
2025-03-31T16:54:55.307+0700 [DEBUG] [org.gradle.cache.internal.DefaultFileLockManager] Lock acquired on daemon addresses registry.
2025-03-31T16:54:55.307+0700 [DEBUG] [org.gradle.cache.internal.DefaultFileLockManager] Releasing lock on daemon addresses registry.
2025-03-31T16:54:58.595+0700 [DEBUG] [org.gradle.process.internal.health.memory.DefaultMemoryManager] 2348528844 virtual memory requested, 2162622464 free
2025-03-31T16:54:58.595+0700 [DEBUG] [org.gradle.workers.internal.WorkerDaemonExpiration] Will attempt to release 2239 of memory
2025-03-31T16:54:58.595+0700 [DEBUG] [org.gradle.process.internal.health.memory.DefaultMemoryManager] 2348528844 virtual memory requested, 0 released, 2162622464 free
2025-03-31T16:55:03.591+0700 [DEBUG] [org.gradle.process.internal.health.memory.DefaultMemoryManager] 2348528844 virtual memory requested, 2271510528 free
2025-03-31T16:55:03.591+0700 [DEBUG] [org.gradle.workers.internal.WorkerDaemonExpiration] Will attempt to release 2239 of memory
2025-03-31T16:55:03.591+0700 [DEBUG] [org.gradle.process.internal.health.memory.DefaultMemoryManager] 2348528844 virtual memory requested, 0 released, 2271510528 free
2025-03-31T16:55:05.291+0700 [DEBUG] [org.gradle.cache.internal.DefaultFileLockManager] Waiting to acquire shared lock on daemon addresses registry.
2025-03-31T16:55:05.291+0700 [DEBUG] [org.gradle.cache.internal.DefaultFileLockManager] Lock acquired on daemon addresses registry.
2025-03-31T16:55:05.291+0700 [DEBUG] [org.gradle.cache.internal.DefaultFileLockManager] Releasing lock on daemon addresses registry.
2025-03-31T16:55:05.292+0700 [DEBUG] [org.gradle.cache.internal.DefaultFileLockManager] Waiting to acquire shared lock on daemon addresses registry.
2025-03-31T16:55:05.292+0700 [DEBUG] [org.gradle.cache.internal.DefaultFileLockManager] Lock acquired on daemon addresses registry.
2025-03-31T16:55:05.292+0700 [DEBUG] [org.gradle.cache.internal.DefaultFileLockManager] Releasing lock on daemon addresses registry.
2025-03-31T16:55:05.293+0700 [DEBUG] [org.gradle.cache.internal.DefaultFileLockManager] Waiting to acquire shared lock on daemon addresses registry.
2025-03-31T16:55:05.293+0700 [DEBUG] [org.gradle.cache.internal.DefaultFileLockManager] Lock acquired on daemon addresses registry.
2025-03-31T16:55:05.293+0700 [DEBUG] [org.gradle.cache.internal.DefaultFileLockManager] Releasing lock on daemon addresses registry.
2025-03-31T16:55:08.587+0700 [DEBUG] [org.gradle.process.internal.health.memory.DefaultMemoryManager] 2348528844 virtual memory requested, 2270310400 free
2025-03-31T16:55:08.587+0700 [DEBUG] [org.gradle.workers.internal.WorkerDaemonExpiration] Will attempt to release 2239 of memory
2025-03-31T16:55:08.587+0700 [DEBUG] [org.gradle.process.internal.health.memory.DefaultMemoryManager] 2348528844 virtual memory requested, 0 released, 2270310400 free
2025-03-31T16:55:13.018+0700 [DEBUG] [org.gradle.internal.remote.internal.inet.TcpIncomingConnector] Accepted connection from /127.0.0.1:65071 to /127.0.0.1:64498.
2025-03-31T16:55:13.023+0700 [DEBUG] [org.gradle.launcher.daemon.server.SynchronizedDispatchConnection] thread 669: received class org.gradle.launcher.daemon.protocol.Build
2025-03-31T16:55:13.023+0700 [DEBUG] [org.gradle.launcher.daemon.server.DefaultDaemonConnection] thread 669: Received non-IO message from client: Build{id=7954969d-cb85-4392-a274-8d9db9e4f22a, currentDir=C:\Users\Administrator\AndroidStudioProjects\PrescriptionManagementApp}
2025-03-31T16:55:13.023+0700 [INFO] [org.gradle.launcher.daemon.server.DefaultIncomingConnectionHandler] Received command: Build{id=7954969d-cb85-4392-a274-8d9db9e4f22a, currentDir=C:\Users\Administrator\AndroidStudioProjects\PrescriptionManagementApp}.
2025-03-31T16:55:13.023+0700 [DEBUG] [org.gradle.launcher.daemon.server.DefaultIncomingConnectionHandler] Starting executing command: Build{id=7954969d-cb85-4392-a274-8d9db9e4f22a, currentDir=C:\Users\Administrator\AndroidStudioProjects\PrescriptionManagementApp} with connection: socket connection from /127.0.0.1:64498 to /127.0.0.1:65071.
2025-03-31T16:55:13.023+0700 [DEBUG] [org.gradle.launcher.daemon.server.DaemonStateCoordinator] Command execution: started DaemonCommandExecution[command = Build{id=7954969d-cb85-4392-a274-8d9db9e4f22a, currentDir=C:\Users\Administrator\AndroidStudioProjects\PrescriptionManagementApp}, connection = DefaultDaemonConnection: socket connection from /127.0.0.1:64498 to /127.0.0.1:65071] after 4.156366666666667 minutes of idle
2025-03-31T16:55:13.023+0700 [INFO] [org.gradle.launcher.daemon.server.DaemonRegistryUpdater] Marking the daemon as busy, address: [11eea899-7ae8-42a8-afae-c7641c3f9d00 port:64498, addresses:[localhost/127.0.0.1]]
2025-03-31T16:55:13.023+0700 [DEBUG] [org.gradle.launcher.daemon.registry.PersistentDaemonRegistry] Marking busy by address: [11eea899-7ae8-42a8-afae-c7641c3f9d00 port:64498, addresses:[localhost/127.0.0.1]]
2025-03-31T16:55:13.024+0700 [DEBUG] [org.gradle.cache.internal.DefaultFileLockManager] Waiting to acquire exclusive lock on daemon addresses registry.
2025-03-31T16:55:13.025+0700 [DEBUG] [org.gradle.cache.internal.DefaultFileLockManager] Lock acquired on daemon addresses registry.
2025-03-31T16:55:13.026+0700 [DEBUG] [org.gradle.cache.internal.DefaultFileLockManager] Releasing lock on daemon addresses registry.
2025-03-31T16:55:13.026+0700 [DEBUG] [org.gradle.launcher.daemon.server.DaemonStateCoordinator] resetting idle timer
2025-03-31T16:55:13.027+0700 [DEBUG] [org.gradle.launcher.daemon.server.DaemonStateCoordinator] daemon is running. Sleeping until state changes.
2025-03-31T16:55:13.027+0700 [INFO] [org.gradle.launcher.daemon.server.exec.StartBuildOrRespondWithBusy] Daemon is about to start building Build{id=7954969d-cb85-4392-a274-8d9db9e4f22a, currentDir=C:\Users\Administrator\AndroidStudioProjects\PrescriptionManagementApp}. Dispatching build started information...
2025-03-31T16:55:13.027+0700 [DEBUG] [org.gradle.launcher.daemon.server.SynchronizedDispatchConnection] thread 671: dispatching org.gradle.launcher.daemon.protocol.BuildStarted@53d56179
2025-03-31T16:55:13.028+0700 [DEBUG] [org.gradle.launcher.daemon.server.exec.EstablishBuildEnvironment] Configuring env variables: [USERDOMAIN_ROAMINGPROFILE, LOCALAPPDATA, PROCESSOR_LEVEL, USERDOMAIN, LOGONSERVER, FPS_BROWSER_APP_PROFILE_STRING, SESSIONNAME, ALLUSERSPROFILE, PROCESSOR_ARCHITECTURE, PSModulePath, SystemDrive, EFC_3896, OneDrive, MAVEN_HOME, APPDATA, NODEJS, USERNAME, ProgramFiles(x86), CommonProgramFiles, Path, FPS_BROWSER_USER_PROFILE_STRING, PATHEXT, DriverData, OS, COMPUTERNAME, PROCESSOR_REVISION, CommonProgramW6432, ComSpec, ProgramData, ProgramW6432, TEMP, HOMEPATH, SystemRoot, PROCESSOR_IDENTIFIER, HOMEDRIVE, USERPROFILE, TMP, CommonProgramFiles(x86), ProgramFiles, PUBLIC, windir, NUMBER_OF_PROCESSORS, Java17, =::]
2025-03-31T16:55:13.029+0700 [DEBUG] [org.gradle.launcher.daemon.server.exec.LogToClient] About to start relaying all logs to the client via the connection.
2025-03-31T16:55:13.029+0700 [INFO] [org.gradle.launcher.daemon.server.exec.LogToClient] The client will now receive all logging from the daemon (pid: 23392). The daemon log file: C:\Users\Administrator\AndroidStudioProjects\PrescriptionManagementApp\daemon\8.10.2\daemon-23392.out.log
2025-03-31T16:55:13.030+0700 [INFO] [org.gradle.launcher.daemon.server.exec.LogAndCheckHealth] Starting 6th build in daemon [uptime: 9 mins 17.969 secs, performance: 99%, GC rate: 0.00/s, heap usage: 0% of 2 GiB]
2025-03-31T16:55:13.030+0700 [DEBUG] [org.gradle.launcher.daemon.server.exec.ExecuteBuild] The daemon has started executing the build.
2025-03-31T16:55:13.030+0700 [DEBUG] [org.gradle.launcher.daemon.server.exec.ExecuteBuild] Executing build with daemon context: DefaultDaemonContext[uid=00bf664e-3dd3-46b4-ab9b-bdfd2623c785,javaHome=C:\Program Files\Android\Android Studio\jbr,javaVersion=21,javaVendor=JetBrains s.r.o.,daemonRegistryDir=C:\Users\Administrator\AndroidStudioProjects\PrescriptionManagementApp\daemon,pid=23392,idleTimeout=10800000,priority=NORMAL,applyInstrumentationAgent=true,nativeServicesMode=ENABLED,daemonOpts=--add-opens=java.base/java.util=ALL-UNNAMED,--add-opens=java.base/java.lang=ALL-UNNAMED,--add-opens=java.base/java.lang.invoke=ALL-UNNAMED,--add-opens=java.prefs/java.util.prefs=ALL-UNNAMED,--add-exports=jdk.compiler/com.sun.tools.javac.api=ALL-UNNAMED,--add-exports=jdk.compiler/com.sun.tools.javac.util=ALL-UNNAMED,--add-opens=java.base/java.nio.charset=ALL-UNNAMED,--add-opens=java.base/java.net=ALL-UNNAMED,--add-opens=java.base/java.util.concurrent.atomic=ALL-UNNAMED,-Xmx2048m,-Dfile.encoding=UTF-8,-Duser.country=US,-Duser.language=en,-Duser.variant]

BUILD SUCCESSFUL in 1s
31 actionable tasks: 4 executed, 27 up-to-date
2025-03-31T16:55:14.227+0700 [DEBUG] [org.gradle.launcher.daemon.server.exec.ExecuteBuild] The daemon has finished executing the build.
2025-03-31T16:55:14.244+0700 [DEBUG] [org.gradle.launcher.daemon.server.DaemonStateCoordinator] daemon is running. Sleeping until state changes.
2025-03-31T16:55:14.244+0700 [DEBUG] [org.gradle.launcher.daemon.server.DaemonStateCoordinator] Command execution: finished waiting for DaemonCommandExecution[command = Build{id=7954969d-cb85-4392-a274-8d9db9e4f22a, currentDir=C:\Users\Administrator\AndroidStudioProjects\PrescriptionManagementApp}, connection = DefaultDaemonConnection: socket connection from /127.0.0.1:64498 to /127.0.0.1:65071]. Result org.gradle.launcher.daemon.server.DaemonStateCoordinator@2b8df4c6 with state Busy
2025-03-31T16:55:14.244+0700 [DEBUG] [org.gradle.launcher.daemon.server.DaemonStateCoordinator] Command execution: completed DaemonCommandExecution[command = Build{id=7954969d-cb85-4392-a274-8d9db9e4f22a, currentDir=C:\Users\Administrator\AndroidStudioProjects\PrescriptionManagementApp}, connection = DefaultDaemonConnection: socket connection from /127.0.0.1:64498 to /127.0.0.1:65071]
2025-03-31T16:55:14.244+0700 [DEBUG] [org.gradle.launcher.daemon.server.DaemonStateCoordinator] resetting idle timer
2025-03-31T16:55:14.245+0700 [INFO] [org.gradle.launcher.daemon.server.DaemonRegistryUpdater] Marking the daemon as idle, address: [11eea899-7ae8-42a8-afae-c7641c3f9d00 port:64498, addresses:[localhost/127.0.0.1]]
2025-03-31T16:55:14.245+0700 [DEBUG] [org.gradle.launcher.daemon.registry.PersistentDaemonRegistry] Marking busy by address: [11eea899-7ae8-42a8-afae-c7641c3f9d00 port:64498, addresses:[localhost/127.0.0.1]]
2025-03-31T16:55:14.246+0700 [DEBUG] [org.gradle.cache.internal.DefaultFileLockManager] Waiting to acquire exclusive lock on daemon addresses registry.
2025-03-31T16:55:14.246+0700 [DEBUG] [org.gradle.cache.internal.DefaultFileLockManager] Lock acquired on daemon addresses registry.
2025-03-31T16:55:14.247+0700 [DEBUG] [org.gradle.cache.internal.DefaultFileLockManager] Releasing lock on daemon addresses registry.
2025-03-31T16:55:14.248+0700 [DEBUG] [org.gradle.launcher.daemon.server.exec.ReturnResult] Daemon is dispatching the build result: Success[value=org.gradle.launcher.exec.BuildActionResult@5c36fb8b]
2025-03-31T16:55:14.248+0700 [DEBUG] [org.gradle.launcher.daemon.server.SynchronizedDispatchConnection] thread 668: dispatching Success[value=org.gradle.launcher.exec.BuildActionResult@5c36fb8b]
2025-03-31T16:55:14.249+0700 [DEBUG] [org.gradle.launcher.daemon.server.DaemonStateCoordinator] daemon is running. Sleeping until state changes.
2025-03-31T16:55:14.249+0700 [DEBUG] [org.gradle.launcher.daemon.server.DefaultIncomingConnectionHandler] Finishing executing command: Build{id=7954969d-cb85-4392-a274-8d9db9e4f22a, currentDir=C:\Users\Administrator\AndroidStudioProjects\PrescriptionManagementApp}
2025-03-31T16:55:14.250+0700 [DEBUG] [org.gradle.launcher.daemon.server.SynchronizedDispatchConnection] thread 669: received class org.gradle.launcher.daemon.protocol.CloseInput
2025-03-31T16:55:14.250+0700 [DEBUG] [org.gradle.launcher.daemon.server.exec.CleanUpVirtualFileSystemAfterBuild] Cleaning virtual file system after build finished
2025-03-31T16:55:14.250+0700 [DEBUG] [org.gradle.launcher.daemon.server.DefaultDaemonConnection] thread 669: Received IO message from client: org.gradle.launcher.daemon.protocol.CloseInput@24667109
2025-03-31T16:55:14.250+0700 [DEBUG] [org.gradle.launcher.daemon.server.SynchronizedDispatchConnection] thread 669: received class org.gradle.launcher.daemon.protocol.Finished
2025-03-31T16:55:14.250+0700 [DEBUG] [org.gradle.launcher.daemon.server.DefaultDaemonConnection] thread 669: Received non-IO message from client: org.gradle.launcher.daemon.protocol.Finished@2aa18bf5
2025-03-31T16:55:14.250+0700 [DEBUG] [org.gradle.launcher.daemon.server.DefaultIncomingConnectionHandler] Received finished message: org.gradle.launcher.daemon.protocol.Finished@2aa18bf5
2025-03-31T16:55:14.250+0700 [DEBUG] [org.gradle.internal.remote.internal.inet.SocketConnection] Discarding EOFException: java.io.EOFException
2025-03-31T16:55:14.250+0700 [DEBUG] [org.gradle.launcher.daemon.server.SynchronizedDispatchConnection] thread 669: received null
2025-03-31T16:55:14.251+0700 [DEBUG] [org.gradle.launcher.daemon.server.DefaultDaemonConnection] thread 669: Received end-of-input from client.
2025-03-31T16:55:14.250+0700 [DEBUG] [org.gradle.launcher.daemon.server.SynchronizedDispatchConnection] thread 668: stopping connection
2025-03-31T16:55:14.251+0700 [DEBUG] [org.gradle.launcher.daemon.server.SynchronizedDispatchConnection] thread 668: stopping connection
2025-03-31T16:55:15.301+0700 [DEBUG] [org.gradle.cache.internal.DefaultFileLockManager] Waiting to acquire shared lock on daemon addresses registry.
2025-03-31T16:55:15.301+0700 [DEBUG] [org.gradle.cache.internal.DefaultFileLockManager] Lock acquired on daemon addresses registry.
2025-03-31T16:55:15.301+0700 [DEBUG] [org.gradle.cache.internal.DefaultFileLockManager] Releasing lock on daemon addresses registry.
2025-03-31T16:55:15.302+0700 [DEBUG] [org.gradle.cache.internal.DefaultFileLockManager] Waiting to acquire shared lock on daemon addresses registry.
2025-03-31T16:55:15.303+0700 [DEBUG] [org.gradle.cache.internal.DefaultFileLockManager] Lock acquired on daemon addresses registry.
2025-03-31T16:55:15.303+0700 [DEBUG] [org.gradle.cache.internal.DefaultFileLockManager] Releasing lock on daemon addresses registry.
2025-03-31T16:55:18.590+0700 [DEBUG] [org.gradle.process.internal.health.memory.DefaultMemoryManager] 2348528844 virtual memory requested, 2005463040 free
2025-03-31T16:55:18.590+0700 [DEBUG] [org.gradle.workers.internal.WorkerDaemonExpiration] Will attempt to release 2239 of memory
2025-03-31T16:55:18.590+0700 [DEBUG] [org.gradle.process.internal.health.memory.DefaultMemoryManager] 2348528844 virtual memory requested, 0 released, 2005463040 free
2025-03-31T16:55:23.579+0700 [DEBUG] [org.gradle.process.internal.health.memory.DefaultMemoryManager] 2348528844 virtual memory requested, 2042814464 free
2025-03-31T16:55:23.579+0700 [DEBUG] [org.gradle.workers.internal.WorkerDaemonExpiration] Will attempt to release 2239 of memory
2025-03-31T16:55:23.579+0700 [DEBUG] [org.gradle.process.internal.health.memory.DefaultMemoryManager] 2348528844 virtual memory requested, 0 released, 2042814464 free
2025-03-31T16:55:25.295+0700 [DEBUG] [org.gradle.cache.internal.DefaultFileLockManager] Waiting to acquire shared lock on daemon addresses registry.
2025-03-31T16:55:25.295+0700 [DEBUG] [org.gradle.cache.internal.DefaultFileLockManager] Lock acquired on daemon addresses registry.
2025-03-31T16:55:25.295+0700 [DEBUG] [org.gradle.cache.internal.DefaultFileLockManager] Releasing lock on daemon addresses registry.
2025-03-31T16:55:25.296+0700 [DEBUG] [org.gradle.cache.internal.DefaultFileLockManager] Waiting to acquire shared lock on daemon addresses registry.
2025-03-31T16:55:25.296+0700 [DEBUG] [org.gradle.cache.internal.DefaultFileLockManager] Lock acquired on daemon addresses registry.
2025-03-31T16:55:25.296+0700 [DEBUG] [org.gradle.cache.internal.DefaultFileLockManager] Releasing lock on daemon addresses registry.
2025-03-31T16:55:25.297+0700 [DEBUG] [org.gradle.cache.internal.DefaultFileLockManager] Waiting to acquire shared lock on daemon addresses registry.
2025-03-31T16:55:25.297+0700 [DEBUG] [org.gradle.cache.internal.DefaultFileLockManager] Lock acquired on daemon addresses registry.
2025-03-31T16:55:25.297+0700 [DEBUG] [org.gradle.cache.internal.DefaultFileLockManager] Releasing lock on daemon addresses registry.
2025-03-31T16:55:28.583+0700 [DEBUG] [org.gradle.process.internal.health.memory.DefaultMemoryManager] 2348528844 virtual memory requested, 2056540160 free
2025-03-31T16:55:28.583+0700 [DEBUG] [org.gradle.workers.internal.WorkerDaemonExpiration] Will attempt to release 2239 of memory
2025-03-31T16:55:28.583+0700 [DEBUG] [org.gradle.process.internal.health.memory.DefaultMemoryManager] 2348528844 virtual memory requested, 0 released, 2056540160 free
2025-03-31T16:55:33.585+0700 [DEBUG] [org.gradle.process.internal.health.memory.DefaultMemoryManager] 2348528844 virtual memory requested, 2086772736 free
2025-03-31T16:55:33.585+0700 [DEBUG] [org.gradle.workers.internal.WorkerDaemonExpiration] Will attempt to release 2239 of memory
2025-03-31T16:55:33.585+0700 [DEBUG] [org.gradle.process.internal.health.memory.DefaultMemoryManager] 2348528844 virtual memory requested, 0 released, 2086772736 free
2025-03-31T16:55:35.294+0700 [DEBUG] [org.gradle.cache.internal.DefaultFileLockManager] Waiting to acquire shared lock on daemon addresses registry.
2025-03-31T16:55:35.294+0700 [DEBUG] [org.gradle.cache.internal.DefaultFileLockManager] Lock acquired on daemon addresses registry.
2025-03-31T16:55:35.295+0700 [DEBUG] [org.gradle.cache.internal.DefaultFileLockManager] Releasing lock on daemon addresses registry.
2025-03-31T16:55:35.295+0700 [DEBUG] [org.gradle.cache.internal.DefaultFileLockManager] Waiting to acquire shared lock on daemon addresses registry.
2025-03-31T16:55:35.295+0700 [DEBUG] [org.gradle.cache.internal.DefaultFileLockManager] Lock acquired on daemon addresses registry.
2025-03-31T16:55:35.296+0700 [DEBUG] [org.gradle.cache.internal.DefaultFileLockManager] Releasing lock on daemon addresses registry.
2025-03-31T16:55:35.296+0700 [DEBUG] [org.gradle.cache.internal.DefaultFileLockManager] Waiting to acquire shared lock on daemon addresses registry.
2025-03-31T16:55:35.296+0700 [DEBUG] [org.gradle.cache.internal.DefaultFileLockManager] Lock acquired on daemon addresses registry.
2025-03-31T16:55:35.296+0700 [DEBUG] [org.gradle.cache.internal.DefaultFileLockManager] Releasing lock on daemon addresses registry.
2025-03-31T16:55:38.585+0700 [DEBUG] [org.gradle.process.internal.health.memory.DefaultMemoryManager] 2348528844 virtual memory requested, 2166870016 free
2025-03-31T16:55:38.585+0700 [DEBUG] [org.gradle.workers.internal.WorkerDaemonExpiration] Will attempt to release 2239 of memory
2025-03-31T16:55:38.585+0700 [DEBUG] [org.gradle.process.internal.health.memory.DefaultMemoryManager] 2348528844 virtual memory requested, 0 released, 2166870016 free
2025-03-31T16:55:38.691+0700 [DEBUG] [org.gradle.internal.remote.internal.inet.TcpIncomingConnector] Accepted connection from /127.0.0.1:65103 to /127.0.0.1:64498.
2025-03-31T16:55:38.695+0700 [DEBUG] [org.gradle.launcher.daemon.server.SynchronizedDispatchConnection] thread 776: received class org.gradle.launcher.daemon.protocol.Build
2025-03-31T16:55:38.695+0700 [DEBUG] [org.gradle.launcher.daemon.server.DefaultDaemonConnection] thread 776: Received non-IO message from client: Build{id=27fd4b6a-ba1a-4351-9a50-d1f19c5c8712, currentDir=C:\Users\Administrator\AndroidStudioProjects\PrescriptionManagementApp}
2025-03-31T16:55:38.695+0700 [INFO] [org.gradle.launcher.daemon.server.DefaultIncomingConnectionHandler] Received command: Build{id=27fd4b6a-ba1a-4351-9a50-d1f19c5c8712, currentDir=C:\Users\Administrator\AndroidStudioProjects\PrescriptionManagementApp}.
2025-03-31T16:55:38.695+0700 [DEBUG] [org.gradle.launcher.daemon.server.DefaultIncomingConnectionHandler] Starting executing command: Build{id=27fd4b6a-ba1a-4351-9a50-d1f19c5c8712, currentDir=C:\Users\Administrator\AndroidStudioProjects\PrescriptionManagementApp} with connection: socket connection from /127.0.0.1:64498 to /127.0.0.1:65103.
2025-03-31T16:55:38.695+0700 [DEBUG] [org.gradle.launcher.daemon.server.DaemonStateCoordinator] Command execution: started DaemonCommandExecution[command = Build{id=27fd4b6a-ba1a-4351-9a50-d1f19c5c8712, currentDir=C:\Users\Administrator\AndroidStudioProjects\PrescriptionManagementApp}, connection = DefaultDaemonConnection: socket connection from /127.0.0.1:64498 to /127.0.0.1:65103] after 0.4075166666666667 minutes of idle
2025-03-31T16:55:38.695+0700 [INFO] [org.gradle.launcher.daemon.server.DaemonRegistryUpdater] Marking the daemon as busy, address: [11eea899-7ae8-42a8-afae-c7641c3f9d00 port:64498, addresses:[localhost/127.0.0.1]]
2025-03-31T16:55:38.696+0700 [DEBUG] [org.gradle.launcher.daemon.registry.PersistentDaemonRegistry] Marking busy by address: [11eea899-7ae8-42a8-afae-c7641c3f9d00 port:64498, addresses:[localhost/127.0.0.1]]
2025-03-31T16:55:38.696+0700 [DEBUG] [org.gradle.cache.internal.DefaultFileLockManager] Waiting to acquire exclusive lock on daemon addresses registry.
2025-03-31T16:55:38.697+0700 [DEBUG] [org.gradle.cache.internal.DefaultFileLockManager] Lock acquired on daemon addresses registry.
2025-03-31T16:55:38.698+0700 [DEBUG] [org.gradle.cache.internal.DefaultFileLockManager] Releasing lock on daemon addresses registry.
2025-03-31T16:55:38.698+0700 [DEBUG] [org.gradle.launcher.daemon.server.DaemonStateCoordinator] resetting idle timer
2025-03-31T16:55:38.698+0700 [DEBUG] [org.gradle.launcher.daemon.server.DaemonStateCoordinator] daemon is running. Sleeping until state changes.
2025-03-31T16:55:38.698+0700 [INFO] [org.gradle.launcher.daemon.server.exec.StartBuildOrRespondWithBusy] Daemon is about to start building Build{id=27fd4b6a-ba1a-4351-9a50-d1f19c5c8712, currentDir=C:\Users\Administrator\AndroidStudioProjects\PrescriptionManagementApp}. Dispatching build started information...
2025-03-31T16:55:38.699+0700 [DEBUG] [org.gradle.launcher.daemon.server.SynchronizedDispatchConnection] thread 671: dispatching org.gradle.launcher.daemon.protocol.BuildStarted@c75c58d
2025-03-31T16:55:38.699+0700 [DEBUG] [org.gradle.launcher.daemon.server.exec.EstablishBuildEnvironment] Configuring env variables: [USERDOMAIN_ROAMINGPROFILE, LOCALAPPDATA, PROCESSOR_LEVEL, USERDOMAIN, LOGONSERVER, FPS_BROWSER_APP_PROFILE_STRING, SESSIONNAME, ALLUSERSPROFILE, PROCESSOR_ARCHITECTURE, PSModulePath, SystemDrive, EFC_3896, OneDrive, MAVEN_HOME, APPDATA, NODEJS, USERNAME, ProgramFiles(x86), CommonProgramFiles, Path, FPS_BROWSER_USER_PROFILE_STRING, PATHEXT, DriverData, OS, COMPUTERNAME, PROCESSOR_REVISION, CommonProgramW6432, ComSpec, ProgramData, ProgramW6432, TEMP, HOMEPATH, SystemRoot, PROCESSOR_IDENTIFIER, HOMEDRIVE, USERPROFILE, TMP, CommonProgramFiles(x86), ProgramFiles, PUBLIC, windir, NUMBER_OF_PROCESSORS, Java17, =::]
2025-03-31T16:55:38.700+0700 [DEBUG] [org.gradle.launcher.daemon.server.exec.LogToClient] About to start relaying all logs to the client via the connection.
2025-03-31T16:55:38.700+0700 [INFO] [org.gradle.launcher.daemon.server.exec.LogToClient] The client will now receive all logging from the daemon (pid: 23392). The daemon log file: C:\Users\Administrator\AndroidStudioProjects\PrescriptionManagementApp\daemon\8.10.2\daemon-23392.out.log
2025-03-31T16:55:38.701+0700 [INFO] [org.gradle.launcher.daemon.server.exec.LogAndCheckHealth] Starting 7th build in daemon [uptime: 9 mins 43.641 secs, performance: 99%, GC rate: 0.00/s, heap usage: 0% of 2 GiB]
2025-03-31T16:55:38.701+0700 [DEBUG] [org.gradle.launcher.daemon.server.exec.ExecuteBuild] The daemon has started executing the build.
2025-03-31T16:55:38.701+0700 [DEBUG] [org.gradle.launcher.daemon.server.exec.ExecuteBuild] Executing build with daemon context: DefaultDaemonContext[uid=00bf664e-3dd3-46b4-ab9b-bdfd2623c785,javaHome=C:\Program Files\Android\Android Studio\jbr,javaVersion=21,javaVendor=JetBrains s.r.o.,daemonRegistryDir=C:\Users\Administrator\AndroidStudioProjects\PrescriptionManagementApp\daemon,pid=23392,idleTimeout=10800000,priority=NORMAL,applyInstrumentationAgent=true,nativeServicesMode=ENABLED,daemonOpts=--add-opens=java.base/java.util=ALL-UNNAMED,--add-opens=java.base/java.lang=ALL-UNNAMED,--add-opens=java.base/java.lang.invoke=ALL-UNNAMED,--add-opens=java.prefs/java.util.prefs=ALL-UNNAMED,--add-exports=jdk.compiler/com.sun.tools.javac.api=ALL-UNNAMED,--add-exports=jdk.compiler/com.sun.tools.javac.util=ALL-UNNAMED,--add-opens=java.base/java.nio.charset=ALL-UNNAMED,--add-opens=java.base/java.net=ALL-UNNAMED,--add-opens=java.base/java.util.concurrent.atomic=ALL-UNNAMED,-Xmx2048m,-Dfile.encoding=UTF-8,-Duser.country=US,-Duser.language=en,-Duser.variant]

BUILD SUCCESSFUL in 579ms
31 actionable tasks: 31 up-to-date
2025-03-31T16:55:39.308+0700 [DEBUG] [org.gradle.launcher.daemon.server.exec.ExecuteBuild] The daemon has finished executing the build.
2025-03-31T16:55:39.324+0700 [DEBUG] [org.gradle.launcher.daemon.server.DaemonStateCoordinator] Command execution: finished waiting for DaemonCommandExecution[command = Build{id=27fd4b6a-ba1a-4351-9a50-d1f19c5c8712, currentDir=C:\Users\Administrator\AndroidStudioProjects\PrescriptionManagementApp}, connection = DefaultDaemonConnection: socket connection from /127.0.0.1:64498 to /127.0.0.1:65103]. Result org.gradle.launcher.daemon.server.DaemonStateCoordinator@2b8df4c6 with state Busy
2025-03-31T16:55:39.324+0700 [DEBUG] [org.gradle.launcher.daemon.server.DaemonStateCoordinator] Command execution: completed DaemonCommandExecution[command = Build{id=27fd4b6a-ba1a-4351-9a50-d1f19c5c8712, currentDir=C:\Users\Administrator\AndroidStudioProjects\PrescriptionManagementApp}, connection = DefaultDaemonConnection: socket connection from /127.0.0.1:64498 to /127.0.0.1:65103]
2025-03-31T16:55:39.325+0700 [DEBUG] [org.gradle.launcher.daemon.server.DaemonStateCoordinator] resetting idle timer
2025-03-31T16:55:39.325+0700 [INFO] [org.gradle.launcher.daemon.server.DaemonRegistryUpdater] Marking the daemon as idle, address: [11eea899-7ae8-42a8-afae-c7641c3f9d00 port:64498, addresses:[localhost/127.0.0.1]]
2025-03-31T16:55:39.325+0700 [DEBUG] [org.gradle.launcher.daemon.registry.PersistentDaemonRegistry] Marking busy by address: [11eea899-7ae8-42a8-afae-c7641c3f9d00 port:64498, addresses:[localhost/127.0.0.1]]
2025-03-31T16:55:39.326+0700 [DEBUG] [org.gradle.cache.internal.DefaultFileLockManager] Waiting to acquire exclusive lock on daemon addresses registry.
2025-03-31T16:55:39.326+0700 [DEBUG] [org.gradle.cache.internal.DefaultFileLockManager] Lock acquired on daemon addresses registry.
2025-03-31T16:55:39.327+0700 [DEBUG] [org.gradle.cache.internal.DefaultFileLockManager] Releasing lock on daemon addresses registry.
2025-03-31T16:55:39.327+0700 [DEBUG] [org.gradle.launcher.daemon.server.exec.ReturnResult] Daemon is dispatching the build result: Success[value=org.gradle.launcher.exec.BuildActionResult@15b72f94]
2025-03-31T16:55:39.327+0700 [DEBUG] [org.gradle.launcher.daemon.server.SynchronizedDispatchConnection] thread 668: dispatching Success[value=org.gradle.launcher.exec.BuildActionResult@15b72f94]
2025-03-31T16:55:39.327+0700 [DEBUG] [org.gradle.launcher.daemon.server.DaemonStateCoordinator] daemon is running. Sleeping until state changes.
2025-03-31T16:55:39.327+0700 [DEBUG] [org.gradle.launcher.daemon.server.exec.CleanUpVirtualFileSystemAfterBuild] Cleaning virtual file system after build finished
2025-03-31T16:55:39.327+0700 [DEBUG] [org.gradle.launcher.daemon.server.DefaultIncomingConnectionHandler] Finishing executing command: Build{id=27fd4b6a-ba1a-4351-9a50-d1f19c5c8712, currentDir=C:\Users\Administrator\AndroidStudioProjects\PrescriptionManagementApp}
2025-03-31T16:55:39.327+0700 [DEBUG] [org.gradle.launcher.daemon.server.SynchronizedDispatchConnection] thread 776: received class org.gradle.launcher.daemon.protocol.CloseInput
2025-03-31T16:55:39.327+0700 [DEBUG] [org.gradle.launcher.daemon.server.DefaultDaemonConnection] thread 776: Received IO message from client: org.gradle.launcher.daemon.protocol.CloseInput@3e58ba7d
2025-03-31T16:55:39.327+0700 [DEBUG] [org.gradle.launcher.daemon.server.SynchronizedDispatchConnection] thread 776: received class org.gradle.launcher.daemon.protocol.Finished
2025-03-31T16:55:39.328+0700 [DEBUG] [org.gradle.launcher.daemon.server.DefaultDaemonConnection] thread 776: Received non-IO message from client: org.gradle.launcher.daemon.protocol.Finished@309f53c6
2025-03-31T16:55:39.328+0700 [DEBUG] [org.gradle.launcher.daemon.server.DefaultIncomingConnectionHandler] Received finished message: org.gradle.launcher.daemon.protocol.Finished@309f53c6
2025-03-31T16:55:39.328+0700 [DEBUG] [org.gradle.internal.remote.internal.inet.SocketConnection] Discarding EOFException: java.io.EOFException
2025-03-31T16:55:39.328+0700 [DEBUG] [org.gradle.launcher.daemon.server.SynchronizedDispatchConnection] thread 776: received null
2025-03-31T16:55:39.328+0700 [DEBUG] [org.gradle.launcher.daemon.server.DefaultDaemonConnection] thread 776: Received end-of-input from client.
2025-03-31T16:55:39.328+0700 [DEBUG] [org.gradle.launcher.daemon.server.SynchronizedDispatchConnection] thread 668: stopping connection
2025-03-31T16:55:39.328+0700 [DEBUG] [org.gradle.launcher.daemon.server.SynchronizedDispatchConnection] thread 668: stopping connection
2025-03-31T16:55:43.581+0700 [DEBUG] [org.gradle.process.internal.health.memory.DefaultMemoryManager] 2348528844 virtual memory requested, 1955835904 free
2025-03-31T16:55:43.582+0700 [DEBUG] [org.gradle.workers.internal.WorkerDaemonExpiration] Will attempt to release 2239 of memory
2025-03-31T16:55:43.582+0700 [DEBUG] [org.gradle.process.internal.health.memory.DefaultMemoryManager] 2348528844 virtual memory requested, 0 released, 1955835904 free
2025-03-31T16:55:45.302+0700 [DEBUG] [org.gradle.cache.internal.DefaultFileLockManager] Waiting to acquire shared lock on daemon addresses registry.
2025-03-31T16:55:45.303+0700 [DEBUG] [org.gradle.cache.internal.DefaultFileLockManager] Lock acquired on daemon addresses registry.
2025-03-31T16:55:45.303+0700 [DEBUG] [org.gradle.cache.internal.DefaultFileLockManager] Releasing lock on daemon addresses registry.
2025-03-31T16:55:45.304+0700 [DEBUG] [org.gradle.cache.internal.DefaultFileLockManager] Waiting to acquire shared lock on daemon addresses registry.
2025-03-31T16:55:45.304+0700 [DEBUG] [org.gradle.cache.internal.DefaultFileLockManager] Lock acquired on daemon addresses registry.
2025-03-31T16:55:45.304+0700 [DEBUG] [org.gradle.cache.internal.DefaultFileLockManager] Releasing lock on daemon addresses registry.
2025-03-31T16:55:48.580+0700 [DEBUG] [org.gradle.process.internal.health.memory.DefaultMemoryManager] 2348528844 virtual memory requested, 2080714752 free
2025-03-31T16:55:48.580+0700 [DEBUG] [org.gradle.workers.internal.WorkerDaemonExpiration] Will attempt to release 2239 of memory
2025-03-31T16:55:48.580+0700 [DEBUG] [org.gradle.process.internal.health.memory.DefaultMemoryManager] 2348528844 virtual memory requested, 0 released, 2080714752 free
2025-03-31T16:55:53.582+0700 [DEBUG] [org.gradle.process.internal.health.memory.DefaultMemoryManager] 2348528844 virtual memory requested, 2153050112 free
2025-03-31T16:55:53.582+0700 [DEBUG] [org.gradle.workers.internal.WorkerDaemonExpiration] Will attempt to release 2239 of memory
2025-03-31T16:55:53.582+0700 [DEBUG] [org.gradle.process.internal.health.memory.DefaultMemoryManager] 2348528844 virtual memory requested, 0 released, 2153050112 free
2025-03-31T16:55:55.300+0700 [DEBUG] [org.gradle.cache.internal.DefaultFileLockManager] Waiting to acquire shared lock on daemon addresses registry.
2025-03-31T16:55:55.301+0700 [DEBUG] [org.gradle.cache.internal.DefaultFileLockManager] Lock acquired on daemon addresses registry.
2025-03-31T16:55:55.301+0700 [DEBUG] [org.gradle.cache.internal.DefaultFileLockManager] Releasing lock on daemon addresses registry.
2025-03-31T16:55:55.302+0700 [DEBUG] [org.gradle.cache.internal.DefaultFileLockManager] Waiting to acquire shared lock on daemon addresses registry.
2025-03-31T16:55:55.302+0700 [DEBUG] [org.gradle.cache.internal.DefaultFileLockManager] Lock acquired on daemon addresses registry.
2025-03-31T16:55:55.302+0700 [DEBUG] [org.gradle.cache.internal.DefaultFileLockManager] Releasing lock on daemon addresses registry.
2025-03-31T16:55:55.303+0700 [DEBUG] [org.gradle.cache.internal.DefaultFileLockManager] Waiting to acquire shared lock on daemon addresses registry.
2025-03-31T16:55:55.303+0700 [DEBUG] [org.gradle.cache.internal.DefaultFileLockManager] Lock acquired on daemon addresses registry.
2025-03-31T16:55:55.303+0700 [DEBUG] [org.gradle.cache.internal.DefaultFileLockManager] Releasing lock on daemon addresses registry.
2025-03-31T16:55:58.581+0700 [DEBUG] [org.gradle.process.internal.health.memory.DefaultMemoryManager] 2348528844 virtual memory requested, 2154295296 free
2025-03-31T16:55:58.581+0700 [DEBUG] [org.gradle.workers.internal.WorkerDaemonExpiration] Will attempt to release 2239 of memory
2025-03-31T16:55:58.581+0700 [DEBUG] [org.gradle.process.internal.health.memory.DefaultMemoryManager] 2348528844 virtual memory requested, 0 released, 2154295296 free
2025-03-31T16:56:03.583+0700 [DEBUG] [org.gradle.process.internal.health.memory.DefaultMemoryManager] 2348528844 virtual memory requested, 2133983232 free
2025-03-31T16:56:03.583+0700 [DEBUG] [org.gradle.workers.internal.WorkerDaemonExpiration] Will attempt to release 2239 of memory
2025-03-31T16:56:03.583+0700 [DEBUG] [org.gradle.process.internal.health.memory.DefaultMemoryManager] 2348528844 virtual memory requested, 0 released, 2133983232 free
2025-03-31T16:56:05.305+0700 [DEBUG] [org.gradle.cache.internal.DefaultFileLockManager] Waiting to acquire shared lock on daemon addresses registry.
2025-03-31T16:56:05.305+0700 [DEBUG] [org.gradle.cache.internal.DefaultFileLockManager] Lock acquired on daemon addresses registry.
2025-03-31T16:56:05.305+0700 [DEBUG] [org.gradle.cache.internal.DefaultFileLockManager] Releasing lock on daemon addresses registry.
2025-03-31T16:56:05.306+0700 [DEBUG] [org.gradle.cache.internal.DefaultFileLockManager] Waiting to acquire shared lock on daemon addresses registry.
2025-03-31T16:56:05.306+0700 [DEBUG] [org.gradle.cache.internal.DefaultFileLockManager] Lock acquired on daemon addresses registry.
2025-03-31T16:56:05.306+0700 [DEBUG] [org.gradle.cache.internal.DefaultFileLockManager] Releasing lock on daemon addresses registry.
2025-03-31T16:56:05.307+0700 [DEBUG] [org.gradle.cache.internal.DefaultFileLockManager] Waiting to acquire shared lock on daemon addresses registry.
2025-03-31T16:56:05.307+0700 [DEBUG] [org.gradle.cache.internal.DefaultFileLockManager] Lock acquired on daemon addresses registry.
2025-03-31T16:56:05.307+0700 [DEBUG] [org.gradle.cache.internal.DefaultFileLockManager] Releasing lock on daemon addresses registry.
2025-03-31T16:56:08.594+0700 [DEBUG] [org.gradle.process.internal.health.memory.DefaultMemoryManager] 2348528844 virtual memory requested, 2192011264 free
2025-03-31T16:56:08.594+0700 [DEBUG] [org.gradle.workers.internal.WorkerDaemonExpiration] Will attempt to release 2239 of memory
2025-03-31T16:56:08.594+0700 [DEBUG] [org.gradle.process.internal.health.memory.DefaultMemoryManager] 2348528844 virtual memory requested, 0 released, 2192011264 free
2025-03-31T16:56:13.037+0700 [DEBUG] [org.gradle.internal.watch.vfs.impl.WatchingVirtualFileSystem] Handling VFS change CREATED C:\Users\Administrator\AndroidStudioProjects\PrescriptionManagementApp\app\src\main\java\com\mad\prescriptionmanagementapp\ui\activity\MainActivity.java~
2025-03-31T16:56:13.039+0700 [DEBUG] [org.gradle.internal.watch.vfs.impl.WatchingVirtualFileSystem] Handling VFS change MODIFIED C:\Users\Administrator\AndroidStudioProjects\PrescriptionManagementApp\app\src\main\java\com\mad\prescriptionmanagementapp\ui\activity\MainActivity.java
2025-03-31T16:56:13.075+0700 [DEBUG] [org.gradle.internal.remote.internal.inet.TcpIncomingConnector] Accepted connection from /127.0.0.1:65144 to /127.0.0.1:64498.
2025-03-31T16:56:13.081+0700 [DEBUG] [org.gradle.launcher.daemon.server.SynchronizedDispatchConnection] thread 849: received class org.gradle.launcher.daemon.protocol.Build
2025-03-31T16:56:13.081+0700 [DEBUG] [org.gradle.launcher.daemon.server.DefaultDaemonConnection] thread 849: Received non-IO message from client: Build{id=ca014c78-ace8-476f-b7ec-28031692b319, currentDir=C:\Users\Administrator\AndroidStudioProjects\PrescriptionManagementApp}
2025-03-31T16:56:13.081+0700 [INFO] [org.gradle.launcher.daemon.server.DefaultIncomingConnectionHandler] Received command: Build{id=ca014c78-ace8-476f-b7ec-28031692b319, currentDir=C:\Users\Administrator\AndroidStudioProjects\PrescriptionManagementApp}.
2025-03-31T16:56:13.081+0700 [DEBUG] [org.gradle.launcher.daemon.server.DefaultIncomingConnectionHandler] Starting executing command: Build{id=ca014c78-ace8-476f-b7ec-28031692b319, currentDir=C:\Users\Administrator\AndroidStudioProjects\PrescriptionManagementApp} with connection: socket connection from /127.0.0.1:64498 to /127.0.0.1:65144.
2025-03-31T16:56:13.082+0700 [DEBUG] [org.gradle.launcher.daemon.server.DaemonStateCoordinator] Command execution: started DaemonCommandExecution[command = Build{id=ca014c78-ace8-476f-b7ec-28031692b319, currentDir=C:\Users\Administrator\AndroidStudioProjects\PrescriptionManagementApp}, connection = DefaultDaemonConnection: socket connection from /127.0.0.1:64498 to /127.0.0.1:65144] after 0.5626 minutes of idle
2025-03-31T16:56:13.082+0700 [INFO] [org.gradle.launcher.daemon.server.DaemonRegistryUpdater] Marking the daemon as busy, address: [11eea899-7ae8-42a8-afae-c7641c3f9d00 port:64498, addresses:[localhost/127.0.0.1]]
2025-03-31T16:56:13.082+0700 [DEBUG] [org.gradle.launcher.daemon.registry.PersistentDaemonRegistry] Marking busy by address: [11eea899-7ae8-42a8-afae-c7641c3f9d00 port:64498, addresses:[localhost/127.0.0.1]]
2025-03-31T16:56:13.083+0700 [DEBUG] [org.gradle.cache.internal.DefaultFileLockManager] Waiting to acquire exclusive lock on daemon addresses registry.
2025-03-31T16:56:13.084+0700 [DEBUG] [org.gradle.cache.internal.DefaultFileLockManager] Lock acquired on daemon addresses registry.
2025-03-31T16:56:13.085+0700 [DEBUG] [org.gradle.cache.internal.DefaultFileLockManager] Releasing lock on daemon addresses registry.
2025-03-31T16:56:13.086+0700 [DEBUG] [org.gradle.launcher.daemon.server.DaemonStateCoordinator] resetting idle timer
2025-03-31T16:56:13.086+0700 [DEBUG] [org.gradle.launcher.daemon.server.DaemonStateCoordinator] daemon is running. Sleeping until state changes.
2025-03-31T16:56:13.086+0700 [INFO] [org.gradle.launcher.daemon.server.exec.StartBuildOrRespondWithBusy] Daemon is about to start building Build{id=ca014c78-ace8-476f-b7ec-28031692b319, currentDir=C:\Users\Administrator\AndroidStudioProjects\PrescriptionManagementApp}. Dispatching build started information...
2025-03-31T16:56:13.086+0700 [DEBUG] [org.gradle.launcher.daemon.server.SynchronizedDispatchConnection] thread 671: dispatching org.gradle.launcher.daemon.protocol.BuildStarted@3b4e402f
2025-03-31T16:56:13.087+0700 [DEBUG] [org.gradle.launcher.daemon.server.exec.EstablishBuildEnvironment] Configuring env variables: [USERDOMAIN_ROAMINGPROFILE, LOCALAPPDATA, PROCESSOR_LEVEL, USERDOMAIN, LOGONSERVER, FPS_BROWSER_APP_PROFILE_STRING, SESSIONNAME, ALLUSERSPROFILE, PROCESSOR_ARCHITECTURE, PSModulePath, SystemDrive, EFC_3896, OneDrive, MAVEN_HOME, APPDATA, NODEJS, USERNAME, ProgramFiles(x86), CommonProgramFiles, Path, FPS_BROWSER_USER_PROFILE_STRING, PATHEXT, DriverData, OS, COMPUTERNAME, PROCESSOR_REVISION, CommonProgramW6432, ComSpec, ProgramData, ProgramW6432, TEMP, HOMEPATH, SystemRoot, PROCESSOR_IDENTIFIER, HOMEDRIVE, USERPROFILE, TMP, CommonProgramFiles(x86), ProgramFiles, PUBLIC, windir, NUMBER_OF_PROCESSORS, Java17, =::]
2025-03-31T16:56:13.088+0700 [DEBUG] [org.gradle.launcher.daemon.server.exec.LogToClient] About to start relaying all logs to the client via the connection.
2025-03-31T16:56:13.089+0700 [INFO] [org.gradle.launcher.daemon.server.exec.LogToClient] The client will now receive all logging from the daemon (pid: 23392). The daemon log file: C:\Users\Administrator\AndroidStudioProjects\PrescriptionManagementApp\daemon\8.10.2\daemon-23392.out.log
2025-03-31T16:56:13.089+0700 [INFO] [org.gradle.launcher.daemon.server.exec.LogAndCheckHealth] Starting 8th build in daemon [uptime: 10 mins 18.029 secs, performance: 99%, GC rate: 0.00/s, heap usage: 0% of 2 GiB]
2025-03-31T16:56:13.090+0700 [DEBUG] [org.gradle.launcher.daemon.server.exec.ExecuteBuild] The daemon has started executing the build.
2025-03-31T16:56:13.090+0700 [DEBUG] [org.gradle.launcher.daemon.server.exec.ExecuteBuild] Executing build with daemon context: DefaultDaemonContext[uid=00bf664e-3dd3-46b4-ab9b-bdfd2623c785,javaHome=C:\Program Files\Android\Android Studio\jbr,javaVersion=21,javaVendor=JetBrains s.r.o.,daemonRegistryDir=C:\Users\Administrator\AndroidStudioProjects\PrescriptionManagementApp\daemon,pid=23392,idleTimeout=10800000,priority=NORMAL,applyInstrumentationAgent=true,nativeServicesMode=ENABLED,daemonOpts=--add-opens=java.base/java.util=ALL-UNNAMED,--add-opens=java.base/java.lang=ALL-UNNAMED,--add-opens=java.base/java.lang.invoke=ALL-UNNAMED,--add-opens=java.prefs/java.util.prefs=ALL-UNNAMED,--add-exports=jdk.compiler/com.sun.tools.javac.api=ALL-UNNAMED,--add-exports=jdk.compiler/com.sun.tools.javac.util=ALL-UNNAMED,--add-opens=java.base/java.nio.charset=ALL-UNNAMED,--add-opens=java.base/java.net=ALL-UNNAMED,--add-opens=java.base/java.util.concurrent.atomic=ALL-UNNAMED,-Xmx2048m,-Dfile.encoding=UTF-8,-Duser.country=US,-Duser.language=en,-Duser.variant]

BUILD SUCCESSFUL in 1s
31 actionable tasks: 4 executed, 27 up-to-date
2025-03-31T16:56:14.255+0700 [DEBUG] [org.gradle.launcher.daemon.server.exec.ExecuteBuild] The daemon has finished executing the build.
2025-03-31T16:56:14.272+0700 [DEBUG] [org.gradle.launcher.daemon.server.DaemonStateCoordinator] daemon is running. Sleeping until state changes.
2025-03-31T16:56:14.272+0700 [DEBUG] [org.gradle.launcher.daemon.server.DaemonStateCoordinator] Command execution: finished waiting for DaemonCommandExecution[command = Build{id=ca014c78-ace8-476f-b7ec-28031692b319, currentDir=C:\Users\Administrator\AndroidStudioProjects\PrescriptionManagementApp}, connection = DefaultDaemonConnection: socket connection from /127.0.0.1:64498 to /127.0.0.1:65144]. Result org.gradle.launcher.daemon.server.DaemonStateCoordinator@2b8df4c6 with state Busy
2025-03-31T16:56:14.272+0700 [DEBUG] [org.gradle.launcher.daemon.server.DaemonStateCoordinator] Command execution: completed DaemonCommandExecution[command = Build{id=ca014c78-ace8-476f-b7ec-28031692b319, currentDir=C:\Users\Administrator\AndroidStudioProjects\PrescriptionManagementApp}, connection = DefaultDaemonConnection: socket connection from /127.0.0.1:64498 to /127.0.0.1:65144]
2025-03-31T16:56:14.272+0700 [DEBUG] [org.gradle.launcher.daemon.server.DaemonStateCoordinator] resetting idle timer
2025-03-31T16:56:14.272+0700 [INFO] [org.gradle.launcher.daemon.server.DaemonRegistryUpdater] Marking the daemon as idle, address: [11eea899-7ae8-42a8-afae-c7641c3f9d00 port:64498, addresses:[localhost/127.0.0.1]]
2025-03-31T16:56:14.272+0700 [DEBUG] [org.gradle.launcher.daemon.registry.PersistentDaemonRegistry] Marking busy by address: [11eea899-7ae8-42a8-afae-c7641c3f9d00 port:64498, addresses:[localhost/127.0.0.1]]
2025-03-31T16:56:14.273+0700 [DEBUG] [org.gradle.cache.internal.DefaultFileLockManager] Waiting to acquire exclusive lock on daemon addresses registry.
2025-03-31T16:56:14.274+0700 [DEBUG] [org.gradle.cache.internal.DefaultFileLockManager] Lock acquired on daemon addresses registry.
2025-03-31T16:56:14.275+0700 [DEBUG] [org.gradle.cache.internal.DefaultFileLockManager] Releasing lock on daemon addresses registry.
2025-03-31T16:56:14.276+0700 [DEBUG] [org.gradle.launcher.daemon.server.DaemonStateCoordinator] daemon is running. Sleeping until state changes.
2025-03-31T16:56:14.276+0700 [DEBUG] [org.gradle.launcher.daemon.server.exec.ReturnResult] Daemon is dispatching the build result: Success[value=org.gradle.launcher.exec.BuildActionResult@5bcbf3b0]
2025-03-31T16:56:14.276+0700 [DEBUG] [org.gradle.launcher.daemon.server.SynchronizedDispatchConnection] thread 668: dispatching Success[value=org.gradle.launcher.exec.BuildActionResult@5bcbf3b0]
2025-03-31T16:56:14.276+0700 [DEBUG] [org.gradle.launcher.daemon.server.exec.CleanUpVirtualFileSystemAfterBuild] Cleaning virtual file system after build finished
2025-03-31T16:56:14.276+0700 [DEBUG] [org.gradle.launcher.daemon.server.DefaultIncomingConnectionHandler] Finishing executing command: Build{id=ca014c78-ace8-476f-b7ec-28031692b319, currentDir=C:\Users\Administrator\AndroidStudioProjects\PrescriptionManagementApp}
2025-03-31T16:56:14.276+0700 [DEBUG] [org.gradle.launcher.daemon.server.SynchronizedDispatchConnection] thread 849: received class org.gradle.launcher.daemon.protocol.CloseInput
2025-03-31T16:56:14.276+0700 [DEBUG] [org.gradle.launcher.daemon.server.DefaultDaemonConnection] thread 849: Received IO message from client: org.gradle.launcher.daemon.protocol.CloseInput@289d35a7
2025-03-31T16:56:14.277+0700 [DEBUG] [org.gradle.launcher.daemon.server.SynchronizedDispatchConnection] thread 849: received class org.gradle.launcher.daemon.protocol.Finished
2025-03-31T16:56:14.277+0700 [DEBUG] [org.gradle.launcher.daemon.server.DefaultDaemonConnection] thread 849: Received non-IO message from client: org.gradle.launcher.daemon.protocol.Finished@265acec4
2025-03-31T16:56:14.277+0700 [DEBUG] [org.gradle.internal.remote.internal.inet.SocketConnection] Discarding EOFException: java.io.EOFException
2025-03-31T16:56:14.277+0700 [DEBUG] [org.gradle.launcher.daemon.server.SynchronizedDispatchConnection] thread 849: received null
2025-03-31T16:56:14.277+0700 [DEBUG] [org.gradle.launcher.daemon.server.DefaultDaemonConnection] thread 849: Received end-of-input from client.
2025-03-31T16:56:14.277+0700 [DEBUG] [org.gradle.launcher.daemon.server.DefaultIncomingConnectionHandler] Received finished message: org.gradle.launcher.daemon.protocol.Finished@265acec4
2025-03-31T16:56:14.277+0700 [DEBUG] [org.gradle.launcher.daemon.server.SynchronizedDispatchConnection] thread 668: stopping connection
2025-03-31T16:56:14.278+0700 [DEBUG] [org.gradle.launcher.daemon.server.SynchronizedDispatchConnection] thread 668: stopping connection
2025-03-31T16:56:15.304+0700 [DEBUG] [org.gradle.cache.internal.DefaultFileLockManager] Waiting to acquire shared lock on daemon addresses registry.
2025-03-31T16:56:15.304+0700 [DEBUG] [org.gradle.cache.internal.DefaultFileLockManager] Lock acquired on daemon addresses registry.
2025-03-31T16:56:15.305+0700 [DEBUG] [org.gradle.cache.internal.DefaultFileLockManager] Releasing lock on daemon addresses registry.
2025-03-31T16:56:15.306+0700 [DEBUG] [org.gradle.cache.internal.DefaultFileLockManager] Waiting to acquire shared lock on daemon addresses registry.
2025-03-31T16:56:15.306+0700 [DEBUG] [org.gradle.cache.internal.DefaultFileLockManager] Lock acquired on daemon addresses registry.
2025-03-31T16:56:15.307+0700 [DEBUG] [org.gradle.cache.internal.DefaultFileLockManager] Releasing lock on daemon addresses registry.
2025-03-31T16:56:18.589+0700 [DEBUG] [org.gradle.process.internal.health.memory.DefaultMemoryManager] 2348528844 virtual memory requested, 2010075136 free
2025-03-31T16:56:18.589+0700 [DEBUG] [org.gradle.workers.internal.WorkerDaemonExpiration] Will attempt to release 2239 of memory
2025-03-31T16:56:18.589+0700 [DEBUG] [org.gradle.process.internal.health.memory.DefaultMemoryManager] 2348528844 virtual memory requested, 0 released, 2010075136 free
2025-03-31T16:56:23.593+0700 [DEBUG] [org.gradle.process.internal.health.memory.DefaultMemoryManager] 2348528844 virtual memory requested, 2130046976 free
2025-03-31T16:56:23.593+0700 [DEBUG] [org.gradle.workers.internal.WorkerDaemonExpiration] Will attempt to release 2239 of memory
2025-03-31T16:56:23.593+0700 [DEBUG] [org.gradle.process.internal.health.memory.DefaultMemoryManager] 2348528844 virtual memory requested, 0 released, 2130046976 free
2025-03-31T16:56:25.300+0700 [DEBUG] [org.gradle.cache.internal.DefaultFileLockManager] Waiting to acquire shared lock on daemon addresses registry.
2025-03-31T16:56:25.300+0700 [DEBUG] [org.gradle.cache.internal.DefaultFileLockManager] Lock acquired on daemon addresses registry.
2025-03-31T16:56:25.300+0700 [DEBUG] [org.gradle.cache.internal.DefaultFileLockManager] Releasing lock on daemon addresses registry.
2025-03-31T16:56:25.301+0700 [DEBUG] [org.gradle.cache.internal.DefaultFileLockManager] Waiting to acquire shared lock on daemon addresses registry.
2025-03-31T16:56:25.301+0700 [DEBUG] [org.gradle.cache.internal.DefaultFileLockManager] Lock acquired on daemon addresses registry.
2025-03-31T16:56:25.301+0700 [DEBUG] [org.gradle.cache.internal.DefaultFileLockManager] Releasing lock on daemon addresses registry.
2025-03-31T16:56:25.301+0700 [DEBUG] [org.gradle.cache.internal.DefaultFileLockManager] Waiting to acquire shared lock on daemon addresses registry.
2025-03-31T16:56:25.301+0700 [DEBUG] [org.gradle.cache.internal.DefaultFileLockManager] Lock acquired on daemon addresses registry.
2025-03-31T16:56:25.302+0700 [DEBUG] [org.gradle.cache.internal.DefaultFileLockManager] Releasing lock on daemon addresses registry.
2025-03-31T16:56:28.590+0700 [DEBUG] [org.gradle.process.internal.health.memory.DefaultMemoryManager] 2348528844 virtual memory requested, 2135752704 free
2025-03-31T16:56:28.590+0700 [DEBUG] [org.gradle.workers.internal.WorkerDaemonExpiration] Will attempt to release 2239 of memory
2025-03-31T16:56:28.590+0700 [DEBUG] [org.gradle.process.internal.health.memory.DefaultMemoryManager] 2348528844 virtual memory requested, 0 released, 2135752704 free
2025-03-31T16:56:33.580+0700 [DEBUG] [org.gradle.process.internal.health.memory.DefaultMemoryManager] 2348528844 virtual memory requested, 2139516928 free
2025-03-31T16:56:33.580+0700 [DEBUG] [org.gradle.workers.internal.WorkerDaemonExpiration] Will attempt to release 2239 of memory
2025-03-31T16:56:33.580+0700 [DEBUG] [org.gradle.process.internal.health.memory.DefaultMemoryManager] 2348528844 virtual memory requested, 0 released, 2139516928 free
2025-03-31T16:56:35.304+0700 [DEBUG] [org.gradle.cache.internal.DefaultFileLockManager] Waiting to acquire shared lock on daemon addresses registry.
2025-03-31T16:56:35.304+0700 [DEBUG] [org.gradle.cache.internal.DefaultFileLockManager] Lock acquired on daemon addresses registry.
2025-03-31T16:56:35.304+0700 [DEBUG] [org.gradle.cache.internal.DefaultFileLockManager] Releasing lock on daemon addresses registry.
2025-03-31T16:56:35.305+0700 [DEBUG] [org.gradle.cache.internal.DefaultFileLockManager] Waiting to acquire shared lock on daemon addresses registry.
2025-03-31T16:56:35.305+0700 [DEBUG] [org.gradle.cache.internal.DefaultFileLockManager] Lock acquired on daemon addresses registry.
2025-03-31T16:56:35.305+0700 [DEBUG] [org.gradle.cache.internal.DefaultFileLockManager] Releasing lock on daemon addresses registry.
2025-03-31T16:56:35.306+0700 [DEBUG] [org.gradle.cache.internal.DefaultFileLockManager] Waiting to acquire shared lock on daemon addresses registry.
2025-03-31T16:56:35.306+0700 [DEBUG] [org.gradle.cache.internal.DefaultFileLockManager] Lock acquired on daemon addresses registry.
2025-03-31T16:56:35.306+0700 [DEBUG] [org.gradle.cache.internal.DefaultFileLockManager] Releasing lock on daemon addresses registry.
2025-03-31T16:56:38.594+0700 [DEBUG] [org.gradle.process.internal.health.memory.DefaultMemoryManager] 2348528844 virtual memory requested, 2098888704 free
2025-03-31T16:56:38.594+0700 [DEBUG] [org.gradle.workers.internal.WorkerDaemonExpiration] Will attempt to release 2239 of memory
2025-03-31T16:56:38.594+0700 [DEBUG] [org.gradle.process.internal.health.memory.DefaultMemoryManager] 2348528844 virtual memory requested, 0 released, 2098888704 free
2025-03-31T16:56:43.593+0700 [DEBUG] [org.gradle.process.internal.health.memory.DefaultMemoryManager] 2348528844 virtual memory requested, 2148249600 free
2025-03-31T16:56:43.593+0700 [DEBUG] [org.gradle.workers.internal.WorkerDaemonExpiration] Will attempt to release 2239 of memory
2025-03-31T16:56:43.593+0700 [DEBUG] [org.gradle.process.internal.health.memory.DefaultMemoryManager] 2348528844 virtual memory requested, 0 released, 2148249600 free
2025-03-31T16:56:45.301+0700 [DEBUG] [org.gradle.cache.internal.DefaultFileLockManager] Waiting to acquire shared lock on daemon addresses registry.
2025-03-31T16:56:45.301+0700 [DEBUG] [org.gradle.cache.internal.DefaultFileLockManager] Lock acquired on daemon addresses registry.
2025-03-31T16:56:45.301+0700 [DEBUG] [org.gradle.cache.internal.DefaultFileLockManager] Releasing lock on daemon addresses registry.
2025-03-31T16:56:45.302+0700 [DEBUG] [org.gradle.cache.internal.DefaultFileLockManager] Waiting to acquire shared lock on daemon addresses registry.
2025-03-31T16:56:45.302+0700 [DEBUG] [org.gradle.cache.internal.DefaultFileLockManager] Lock acquired on daemon addresses registry.
2025-03-31T16:56:45.302+0700 [DEBUG] [org.gradle.cache.internal.DefaultFileLockManager] Releasing lock on daemon addresses registry.
2025-03-31T16:56:45.303+0700 [DEBUG] [org.gradle.cache.internal.DefaultFileLockManager] Waiting to acquire shared lock on daemon addresses registry.
2025-03-31T16:56:45.303+0700 [DEBUG] [org.gradle.cache.internal.DefaultFileLockManager] Lock acquired on daemon addresses registry.
2025-03-31T16:56:45.303+0700 [DEBUG] [org.gradle.cache.internal.DefaultFileLockManager] Releasing lock on daemon addresses registry.
2025-03-31T16:56:48.580+0700 [DEBUG] [org.gradle.process.internal.health.memory.DefaultMemoryManager] 2348528844 virtual memory requested, 2102906880 free
2025-03-31T16:56:48.580+0700 [DEBUG] [org.gradle.workers.internal.WorkerDaemonExpiration] Will attempt to release 2239 of memory
2025-03-31T16:56:48.580+0700 [DEBUG] [org.gradle.process.internal.health.memory.DefaultMemoryManager] 2348528844 virtual memory requested, 0 released, 2102906880 free
2025-03-31T16:56:53.589+0700 [DEBUG] [org.gradle.process.internal.health.memory.DefaultMemoryManager] 2348528844 virtual memory requested, 2158047232 free
2025-03-31T16:56:53.590+0700 [DEBUG] [org.gradle.workers.internal.WorkerDaemonExpiration] Will attempt to release 2239 of memory
2025-03-31T16:56:53.590+0700 [DEBUG] [org.gradle.process.internal.health.memory.DefaultMemoryManager] 2348528844 virtual memory requested, 0 released, 2158047232 free
2025-03-31T16:56:55.305+0700 [DEBUG] [org.gradle.cache.internal.DefaultFileLockManager] Waiting to acquire shared lock on daemon addresses registry.
2025-03-31T16:56:55.305+0700 [DEBUG] [org.gradle.cache.internal.DefaultFileLockManager] Lock acquired on daemon addresses registry.
2025-03-31T16:56:55.305+0700 [DEBUG] [org.gradle.cache.internal.DefaultFileLockManager] Releasing lock on daemon addresses registry.
2025-03-31T16:56:55.306+0700 [DEBUG] [org.gradle.cache.internal.DefaultFileLockManager] Waiting to acquire shared lock on daemon addresses registry.
2025-03-31T16:56:55.306+0700 [DEBUG] [org.gradle.cache.internal.DefaultFileLockManager] Lock acquired on daemon addresses registry.
2025-03-31T16:56:55.307+0700 [DEBUG] [org.gradle.cache.internal.DefaultFileLockManager] Releasing lock on daemon addresses registry.
2025-03-31T16:56:55.307+0700 [DEBUG] [org.gradle.cache.internal.DefaultFileLockManager] Waiting to acquire shared lock on daemon addresses registry.
2025-03-31T16:56:55.307+0700 [DEBUG] [org.gradle.cache.internal.DefaultFileLockManager] Lock acquired on daemon addresses registry.
2025-03-31T16:56:55.308+0700 [DEBUG] [org.gradle.cache.internal.DefaultFileLockManager] Releasing lock on daemon addresses registry.
2025-03-31T16:56:58.580+0700 [DEBUG] [org.gradle.process.internal.health.memory.DefaultMemoryManager] 2348528844 virtual memory requested, 2174222336 free
2025-03-31T16:56:58.580+0700 [DEBUG] [org.gradle.workers.internal.WorkerDaemonExpiration] Will attempt to release 2239 of memory
2025-03-31T16:56:58.580+0700 [DEBUG] [org.gradle.process.internal.health.memory.DefaultMemoryManager] 2348528844 virtual memory requested, 0 released, 2174222336 free
2025-03-31T16:57:03.585+0700 [DEBUG] [org.gradle.process.internal.health.memory.DefaultMemoryManager] 2348528844 virtual memory requested, 2189250560 free
2025-03-31T16:57:03.585+0700 [DEBUG] [org.gradle.workers.internal.WorkerDaemonExpiration] Will attempt to release 2239 of memory
2025-03-31T16:57:03.585+0700 [DEBUG] [org.gradle.process.internal.health.memory.DefaultMemoryManager] 2348528844 virtual memory requested, 0 released, 2189250560 free
2025-03-31T16:57:05.306+0700 [DEBUG] [org.gradle.cache.internal.DefaultFileLockManager] Waiting to acquire shared lock on daemon addresses registry.
2025-03-31T16:57:05.306+0700 [DEBUG] [org.gradle.cache.internal.DefaultFileLockManager] Lock acquired on daemon addresses registry.
2025-03-31T16:57:05.306+0700 [DEBUG] [org.gradle.cache.internal.DefaultFileLockManager] Releasing lock on daemon addresses registry.
2025-03-31T16:57:05.307+0700 [DEBUG] [org.gradle.cache.internal.DefaultFileLockManager] Waiting to acquire shared lock on daemon addresses registry.
2025-03-31T16:57:05.307+0700 [DEBUG] [org.gradle.cache.internal.DefaultFileLockManager] Lock acquired on daemon addresses registry.
2025-03-31T16:57:05.307+0700 [DEBUG] [org.gradle.cache.internal.DefaultFileLockManager] Releasing lock on daemon addresses registry.
2025-03-31T16:57:05.308+0700 [DEBUG] [org.gradle.cache.internal.DefaultFileLockManager] Waiting to acquire shared lock on daemon addresses registry.
2025-03-31T16:57:05.308+0700 [DEBUG] [org.gradle.cache.internal.DefaultFileLockManager] Lock acquired on daemon addresses registry.
2025-03-31T16:57:05.308+0700 [DEBUG] [org.gradle.cache.internal.DefaultFileLockManager] Releasing lock on daemon addresses registry.
2025-03-31T16:57:08.595+0700 [DEBUG] [org.gradle.process.internal.health.memory.DefaultMemoryManager] 2348528844 virtual memory requested, 2161631232 free
2025-03-31T16:57:08.595+0700 [DEBUG] [org.gradle.workers.internal.WorkerDaemonExpiration] Will attempt to release 2239 of memory
2025-03-31T16:57:08.595+0700 [DEBUG] [org.gradle.process.internal.health.memory.DefaultMemoryManager] 2348528844 virtual memory requested, 0 released, 2161631232 free
2025-03-31T16:57:13.585+0700 [DEBUG] [org.gradle.process.internal.health.memory.DefaultMemoryManager] 2348528844 virtual memory requested, 2208256000 free
2025-03-31T16:57:13.585+0700 [DEBUG] [org.gradle.workers.internal.WorkerDaemonExpiration] Will attempt to release 2239 of memory
2025-03-31T16:57:13.585+0700 [DEBUG] [org.gradle.process.internal.health.memory.DefaultMemoryManager] 2348528844 virtual memory requested, 0 released, 2208256000 free
2025-03-31T16:57:15.306+0700 [DEBUG] [org.gradle.cache.internal.DefaultFileLockManager] Waiting to acquire shared lock on daemon addresses registry.
2025-03-31T16:57:15.306+0700 [DEBUG] [org.gradle.cache.internal.DefaultFileLockManager] Lock acquired on daemon addresses registry.
2025-03-31T16:57:15.306+0700 [DEBUG] [org.gradle.cache.internal.DefaultFileLockManager] Releasing lock on daemon addresses registry.
2025-03-31T16:57:15.307+0700 [DEBUG] [org.gradle.cache.internal.DefaultFileLockManager] Waiting to acquire shared lock on daemon addresses registry.
2025-03-31T16:57:15.307+0700 [DEBUG] [org.gradle.cache.internal.DefaultFileLockManager] Lock acquired on daemon addresses registry.
2025-03-31T16:57:15.307+0700 [DEBUG] [org.gradle.cache.internal.DefaultFileLockManager] Releasing lock on daemon addresses registry.
2025-03-31T16:57:15.307+0700 [DEBUG] [org.gradle.cache.internal.DefaultFileLockManager] Waiting to acquire shared lock on daemon addresses registry.
2025-03-31T16:57:15.307+0700 [DEBUG] [org.gradle.cache.internal.DefaultFileLockManager] Lock acquired on daemon addresses registry.
2025-03-31T16:57:15.308+0700 [DEBUG] [org.gradle.cache.internal.DefaultFileLockManager] Releasing lock on daemon addresses registry.
2025-03-31T16:57:18.588+0700 [DEBUG] [org.gradle.process.internal.health.memory.DefaultMemoryManager] 2348528844 virtual memory requested, 2089930752 free
2025-03-31T16:57:18.588+0700 [DEBUG] [org.gradle.workers.internal.WorkerDaemonExpiration] Will attempt to release 2239 of memory
2025-03-31T16:57:18.588+0700 [DEBUG] [org.gradle.process.internal.health.memory.DefaultMemoryManager] 2348528844 virtual memory requested, 0 released, 2089930752 free
2025-03-31T16:57:23.578+0700 [DEBUG] [org.gradle.process.internal.health.memory.DefaultMemoryManager] 2348528844 virtual memory requested, 2132299776 free
2025-03-31T16:57:23.578+0700 [DEBUG] [org.gradle.workers.internal.WorkerDaemonExpiration] Will attempt to release 2239 of memory
2025-03-31T16:57:23.578+0700 [DEBUG] [org.gradle.process.internal.health.memory.DefaultMemoryManager] 2348528844 virtual memory requested, 0 released, 2132299776 free
2025-03-31T16:57:25.292+0700 [DEBUG] [org.gradle.cache.internal.DefaultFileLockManager] Waiting to acquire shared lock on daemon addresses registry.
2025-03-31T16:57:25.292+0700 [DEBUG] [org.gradle.cache.internal.DefaultFileLockManager] Lock acquired on daemon addresses registry.
2025-03-31T16:57:25.292+0700 [DEBUG] [org.gradle.cache.internal.DefaultFileLockManager] Releasing lock on daemon addresses registry.
2025-03-31T16:57:25.293+0700 [DEBUG] [org.gradle.cache.internal.DefaultFileLockManager] Waiting to acquire shared lock on daemon addresses registry.
2025-03-31T16:57:25.293+0700 [DEBUG] [org.gradle.cache.internal.DefaultFileLockManager] Lock acquired on daemon addresses registry.
2025-03-31T16:57:25.293+0700 [DEBUG] [org.gradle.cache.internal.DefaultFileLockManager] Releasing lock on daemon addresses registry.
2025-03-31T16:57:25.293+0700 [DEBUG] [org.gradle.cache.internal.DefaultFileLockManager] Waiting to acquire shared lock on daemon addresses registry.
2025-03-31T16:57:25.293+0700 [DEBUG] [org.gradle.cache.internal.DefaultFileLockManager] Lock acquired on daemon addresses registry.
2025-03-31T16:57:25.294+0700 [DEBUG] [org.gradle.cache.internal.DefaultFileLockManager] Releasing lock on daemon addresses registry.
2025-03-31T16:57:28.589+0700 [DEBUG] [org.gradle.process.internal.health.memory.DefaultMemoryManager] 2348528844 virtual memory requested, 2148544512 free
2025-03-31T16:57:28.589+0700 [DEBUG] [org.gradle.workers.internal.WorkerDaemonExpiration] Will attempt to release 2239 of memory
2025-03-31T16:57:28.589+0700 [DEBUG] [org.gradle.process.internal.health.memory.DefaultMemoryManager] 2348528844 virtual memory requested, 0 released, 2148544512 free
2025-03-31T16:57:33.584+0700 [DEBUG] [org.gradle.process.internal.health.memory.DefaultMemoryManager] 2348528844 virtual memory requested, 2139463680 free
2025-03-31T16:57:33.584+0700 [DEBUG] [org.gradle.workers.internal.WorkerDaemonExpiration] Will attempt to release 2239 of memory
2025-03-31T16:57:33.584+0700 [DEBUG] [org.gradle.process.internal.health.memory.DefaultMemoryManager] 2348528844 virtual memory requested, 0 released, 2139463680 free
2025-03-31T16:57:35.303+0700 [DEBUG] [org.gradle.cache.internal.DefaultFileLockManager] Waiting to acquire shared lock on daemon addresses registry.
2025-03-31T16:57:35.303+0700 [DEBUG] [org.gradle.cache.internal.DefaultFileLockManager] Lock acquired on daemon addresses registry.
2025-03-31T16:57:35.304+0700 [DEBUG] [org.gradle.cache.internal.DefaultFileLockManager] Releasing lock on daemon addresses registry.
2025-03-31T16:57:35.305+0700 [DEBUG] [org.gradle.cache.internal.DefaultFileLockManager] Waiting to acquire shared lock on daemon addresses registry.
2025-03-31T16:57:35.305+0700 [DEBUG] [org.gradle.cache.internal.DefaultFileLockManager] Lock acquired on daemon addresses registry.
2025-03-31T16:57:35.305+0700 [DEBUG] [org.gradle.cache.internal.DefaultFileLockManager] Releasing lock on daemon addresses registry.
2025-03-31T16:57:35.306+0700 [DEBUG] [org.gradle.cache.internal.DefaultFileLockManager] Waiting to acquire shared lock on daemon addresses registry.
2025-03-31T16:57:35.306+0700 [DEBUG] [org.gradle.cache.internal.DefaultFileLockManager] Lock acquired on daemon addresses registry.
2025-03-31T16:57:35.306+0700 [DEBUG] [org.gradle.cache.internal.DefaultFileLockManager] Releasing lock on daemon addresses registry.
2025-03-31T16:57:38.583+0700 [DEBUG] [org.gradle.process.internal.health.memory.DefaultMemoryManager] 2348528844 virtual memory requested, 2092744704 free
2025-03-31T16:57:38.583+0700 [DEBUG] [org.gradle.workers.internal.WorkerDaemonExpiration] Will attempt to release 2239 of memory
2025-03-31T16:57:38.583+0700 [DEBUG] [org.gradle.process.internal.health.memory.DefaultMemoryManager] 2348528844 virtual memory requested, 0 released, 2092744704 free
2025-03-31T16:57:43.587+0700 [DEBUG] [org.gradle.process.internal.health.memory.DefaultMemoryManager] 2348528844 virtual memory requested, 2083385344 free
2025-03-31T16:57:43.587+0700 [DEBUG] [org.gradle.workers.internal.WorkerDaemonExpiration] Will attempt to release 2239 of memory
2025-03-31T16:57:43.587+0700 [DEBUG] [org.gradle.process.internal.health.memory.DefaultMemoryManager] 2348528844 virtual memory requested, 0 released, 2083385344 free
2025-03-31T16:57:45.304+0700 [DEBUG] [org.gradle.cache.internal.DefaultFileLockManager] Waiting to acquire shared lock on daemon addresses registry.
2025-03-31T16:57:45.304+0700 [DEBUG] [org.gradle.cache.internal.DefaultFileLockManager] Lock acquired on daemon addresses registry.
2025-03-31T16:57:45.304+0700 [DEBUG] [org.gradle.cache.internal.DefaultFileLockManager] Releasing lock on daemon addresses registry.
2025-03-31T16:57:45.305+0700 [DEBUG] [org.gradle.cache.internal.DefaultFileLockManager] Waiting to acquire shared lock on daemon addresses registry.
2025-03-31T16:57:45.305+0700 [DEBUG] [org.gradle.cache.internal.DefaultFileLockManager] Lock acquired on daemon addresses registry.
2025-03-31T16:57:45.305+0700 [DEBUG] [org.gradle.cache.internal.DefaultFileLockManager] Releasing lock on daemon addresses registry.
2025-03-31T16:57:45.306+0700 [DEBUG] [org.gradle.cache.internal.DefaultFileLockManager] Waiting to acquire shared lock on daemon addresses registry.
2025-03-31T16:57:45.306+0700 [DEBUG] [org.gradle.cache.internal.DefaultFileLockManager] Lock acquired on daemon addresses registry.
2025-03-31T16:57:45.306+0700 [DEBUG] [org.gradle.cache.internal.DefaultFileLockManager] Releasing lock on daemon addresses registry.
2025-03-31T16:57:48.593+0700 [DEBUG] [org.gradle.process.internal.health.memory.DefaultMemoryManager] 2348528844 virtual memory requested, 2063454208 free
2025-03-31T16:57:48.593+0700 [DEBUG] [org.gradle.workers.internal.WorkerDaemonExpiration] Will attempt to release 2239 of memory
2025-03-31T16:57:48.593+0700 [DEBUG] [org.gradle.process.internal.health.memory.DefaultMemoryManager] 2348528844 virtual memory requested, 0 released, 2063454208 free
2025-03-31T16:57:53.582+0700 [DEBUG] [org.gradle.process.internal.health.memory.DefaultMemoryManager] 2348528844 virtual memory requested, 2126323712 free
2025-03-31T16:57:53.582+0700 [DEBUG] [org.gradle.workers.internal.WorkerDaemonExpiration] Will attempt to release 2239 of memory
2025-03-31T16:57:53.582+0700 [DEBUG] [org.gradle.process.internal.health.memory.DefaultMemoryManager] 2348528844 virtual memory requested, 0 released, 2126323712 free
2025-03-31T16:57:55.292+0700 [DEBUG] [org.gradle.cache.internal.DefaultFileLockManager] Waiting to acquire shared lock on daemon addresses registry.
2025-03-31T16:57:55.292+0700 [DEBUG] [org.gradle.cache.internal.DefaultFileLockManager] Lock acquired on daemon addresses registry.
2025-03-31T16:57:55.292+0700 [DEBUG] [org.gradle.cache.internal.DefaultFileLockManager] Releasing lock on daemon addresses registry.
2025-03-31T16:57:55.293+0700 [DEBUG] [org.gradle.cache.internal.DefaultFileLockManager] Waiting to acquire shared lock on daemon addresses registry.
2025-03-31T16:57:55.293+0700 [DEBUG] [org.gradle.cache.internal.DefaultFileLockManager] Lock acquired on daemon addresses registry.
2025-03-31T16:57:55.293+0700 [DEBUG] [org.gradle.cache.internal.DefaultFileLockManager] Releasing lock on daemon addresses registry.
2025-03-31T16:57:55.293+0700 [DEBUG] [org.gradle.cache.internal.DefaultFileLockManager] Waiting to acquire shared lock on daemon addresses registry.
2025-03-31T16:57:55.294+0700 [DEBUG] [org.gradle.cache.internal.DefaultFileLockManager] Lock acquired on daemon addresses registry.
2025-03-31T16:57:55.294+0700 [DEBUG] [org.gradle.cache.internal.DefaultFileLockManager] Releasing lock on daemon addresses registry.
2025-03-31T16:57:58.580+0700 [DEBUG] [org.gradle.process.internal.health.memory.DefaultMemoryManager] 2348528844 virtual memory requested, 2130747392 free
2025-03-31T16:57:58.580+0700 [DEBUG] [org.gradle.workers.internal.WorkerDaemonExpiration] Will attempt to release 2239 of memory
2025-03-31T16:57:58.580+0700 [DEBUG] [org.gradle.process.internal.health.memory.DefaultMemoryManager] 2348528844 virtual memory requested, 0 released, 2130747392 free
2025-03-31T16:58:03.582+0700 [DEBUG] [org.gradle.process.internal.health.memory.DefaultMemoryManager] 2348528844 virtual memory requested, 2146074624 free
2025-03-31T16:58:03.582+0700 [DEBUG] [org.gradle.workers.internal.WorkerDaemonExpiration] Will attempt to release 2239 of memory
2025-03-31T16:58:03.582+0700 [DEBUG] [org.gradle.process.internal.health.memory.DefaultMemoryManager] 2348528844 virtual memory requested, 0 released, 2146074624 free
2025-03-31T16:58:05.305+0700 [DEBUG] [org.gradle.cache.internal.DefaultFileLockManager] Waiting to acquire shared lock on daemon addresses registry.
2025-03-31T16:58:05.305+0700 [DEBUG] [org.gradle.cache.internal.DefaultFileLockManager] Lock acquired on daemon addresses registry.
2025-03-31T16:58:05.305+0700 [DEBUG] [org.gradle.cache.internal.DefaultFileLockManager] Releasing lock on daemon addresses registry.
2025-03-31T16:58:05.306+0700 [DEBUG] [org.gradle.cache.internal.DefaultFileLockManager] Waiting to acquire shared lock on daemon addresses registry.
2025-03-31T16:58:05.306+0700 [DEBUG] [org.gradle.cache.internal.DefaultFileLockManager] Lock acquired on daemon addresses registry.
2025-03-31T16:58:05.306+0700 [DEBUG] [org.gradle.cache.internal.DefaultFileLockManager] Releasing lock on daemon addresses registry.
2025-03-31T16:58:05.306+0700 [DEBUG] [org.gradle.cache.internal.DefaultFileLockManager] Waiting to acquire shared lock on daemon addresses registry.
2025-03-31T16:58:05.307+0700 [DEBUG] [org.gradle.cache.internal.DefaultFileLockManager] Lock acquired on daemon addresses registry.
2025-03-31T16:58:05.307+0700 [DEBUG] [org.gradle.cache.internal.DefaultFileLockManager] Releasing lock on daemon addresses registry.
2025-03-31T16:58:08.580+0700 [DEBUG] [org.gradle.process.internal.health.memory.DefaultMemoryManager] 2348528844 virtual memory requested, 2152247296 free
2025-03-31T16:58:08.580+0700 [DEBUG] [org.gradle.workers.internal.WorkerDaemonExpiration] Will attempt to release 2239 of memory
2025-03-31T16:58:08.580+0700 [DEBUG] [org.gradle.process.internal.health.memory.DefaultMemoryManager] 2348528844 virtual memory requested, 0 released, 2152247296 free
2025-03-31T16:58:13.586+0700 [DEBUG] [org.gradle.process.internal.health.memory.DefaultMemoryManager] 2348528844 virtual memory requested, 2150084608 free
2025-03-31T16:58:13.586+0700 [DEBUG] [org.gradle.workers.internal.WorkerDaemonExpiration] Will attempt to release 2239 of memory
2025-03-31T16:58:13.586+0700 [DEBUG] [org.gradle.process.internal.health.memory.DefaultMemoryManager] 2348528844 virtual memory requested, 0 released, 2150084608 free
2025-03-31T16:58:15.299+0700 [DEBUG] [org.gradle.cache.internal.DefaultFileLockManager] Waiting to acquire shared lock on daemon addresses registry.
2025-03-31T16:58:15.299+0700 [DEBUG] [org.gradle.cache.internal.DefaultFileLockManager] Lock acquired on daemon addresses registry.
2025-03-31T16:58:15.299+0700 [DEBUG] [org.gradle.cache.internal.DefaultFileLockManager] Releasing lock on daemon addresses registry.
2025-03-31T16:58:15.300+0700 [DEBUG] [org.gradle.cache.internal.DefaultFileLockManager] Waiting to acquire shared lock on daemon addresses registry.
2025-03-31T16:58:15.300+0700 [DEBUG] [org.gradle.cache.internal.DefaultFileLockManager] Lock acquired on daemon addresses registry.
2025-03-31T16:58:15.301+0700 [DEBUG] [org.gradle.cache.internal.DefaultFileLockManager] Releasing lock on daemon addresses registry.
2025-03-31T16:58:15.302+0700 [DEBUG] [org.gradle.cache.internal.DefaultFileLockManager] Waiting to acquire shared lock on daemon addresses registry.
2025-03-31T16:58:15.302+0700 [DEBUG] [org.gradle.cache.internal.DefaultFileLockManager] Lock acquired on daemon addresses registry.
2025-03-31T16:58:15.302+0700 [DEBUG] [org.gradle.cache.internal.DefaultFileLockManager] Releasing lock on daemon addresses registry.
2025-03-31T16:58:18.580+0700 [DEBUG] [org.gradle.process.internal.health.memory.DefaultMemoryManager] 2348528844 virtual memory requested, 2121367552 free
2025-03-31T16:58:18.580+0700 [DEBUG] [org.gradle.workers.internal.WorkerDaemonExpiration] Will attempt to release 2239 of memory
2025-03-31T16:58:18.580+0700 [DEBUG] [org.gradle.process.internal.health.memory.DefaultMemoryManager] 2348528844 virtual memory requested, 0 released, 2121367552 free
2025-03-31T16:58:23.594+0700 [DEBUG] [org.gradle.process.internal.health.memory.DefaultMemoryManager] 2348528844 virtual memory requested, 2123718656 free
2025-03-31T16:58:23.594+0700 [DEBUG] [org.gradle.workers.internal.WorkerDaemonExpiration] Will attempt to release 2239 of memory
2025-03-31T16:58:23.594+0700 [DEBUG] [org.gradle.process.internal.health.memory.DefaultMemoryManager] 2348528844 virtual memory requested, 0 released, 2123718656 free
2025-03-31T16:58:24.863+0700 [DEBUG] [org.gradle.internal.watch.vfs.impl.WatchingVirtualFileSystem] Handling VFS change CREATED C:\Users\Administrator\AndroidStudioProjects\PrescriptionManagementApp\app\src\main\java\com\mad\prescriptionmanagementapp\ui\activity\MainActivity.java~
2025-03-31T16:58:24.865+0700 [DEBUG] [org.gradle.internal.watch.vfs.impl.WatchingVirtualFileSystem] Handling VFS change MODIFIED C:\Users\Administrator\AndroidStudioProjects\PrescriptionManagementApp\app\src\main\java\com\mad\prescriptionmanagementapp\ui\activity\MainActivity.java
2025-03-31T16:58:25.291+0700 [DEBUG] [org.gradle.cache.internal.DefaultFileLockManager] Waiting to acquire shared lock on daemon addresses registry.
2025-03-31T16:58:25.291+0700 [DEBUG] [org.gradle.cache.internal.DefaultFileLockManager] Lock acquired on daemon addresses registry.
2025-03-31T16:58:25.291+0700 [DEBUG] [org.gradle.cache.internal.DefaultFileLockManager] Releasing lock on daemon addresses registry.
2025-03-31T16:58:25.292+0700 [DEBUG] [org.gradle.cache.internal.DefaultFileLockManager] Waiting to acquire shared lock on daemon addresses registry.
2025-03-31T16:58:25.292+0700 [DEBUG] [org.gradle.cache.internal.DefaultFileLockManager] Lock acquired on daemon addresses registry.
2025-03-31T16:58:25.292+0700 [DEBUG] [org.gradle.cache.internal.DefaultFileLockManager] Releasing lock on daemon addresses registry.
2025-03-31T16:58:25.293+0700 [DEBUG] [org.gradle.cache.internal.DefaultFileLockManager] Waiting to acquire shared lock on daemon addresses registry.
2025-03-31T16:58:25.293+0700 [DEBUG] [org.gradle.cache.internal.DefaultFileLockManager] Lock acquired on daemon addresses registry.
2025-03-31T16:58:25.293+0700 [DEBUG] [org.gradle.cache.internal.DefaultFileLockManager] Releasing lock on daemon addresses registry.
2025-03-31T16:58:28.585+0700 [DEBUG] [org.gradle.process.internal.health.memory.DefaultMemoryManager] 2348528844 virtual memory requested, 2112536576 free
2025-03-31T16:58:28.585+0700 [DEBUG] [org.gradle.workers.internal.WorkerDaemonExpiration] Will attempt to release 2239 of memory
2025-03-31T16:58:28.585+0700 [DEBUG] [org.gradle.process.internal.health.memory.DefaultMemoryManager] 2348528844 virtual memory requested, 0 released, 2112536576 free
2025-03-31T16:58:33.579+0700 [DEBUG] [org.gradle.process.internal.health.memory.DefaultMemoryManager] 2348528844 virtual memory requested, 2164129792 free
2025-03-31T16:58:33.579+0700 [DEBUG] [org.gradle.workers.internal.WorkerDaemonExpiration] Will attempt to release 2239 of memory
2025-03-31T16:58:33.579+0700 [DEBUG] [org.gradle.process.internal.health.memory.DefaultMemoryManager] 2348528844 virtual memory requested, 0 released, 2164129792 free
2025-03-31T16:58:35.293+0700 [DEBUG] [org.gradle.cache.internal.DefaultFileLockManager] Waiting to acquire shared lock on daemon addresses registry.
2025-03-31T16:58:35.293+0700 [DEBUG] [org.gradle.cache.internal.DefaultFileLockManager] Lock acquired on daemon addresses registry.
2025-03-31T16:58:35.293+0700 [DEBUG] [org.gradle.cache.internal.DefaultFileLockManager] Releasing lock on daemon addresses registry.
2025-03-31T16:58:35.294+0700 [DEBUG] [org.gradle.cache.internal.DefaultFileLockManager] Waiting to acquire shared lock on daemon addresses registry.
2025-03-31T16:58:35.294+0700 [DEBUG] [org.gradle.cache.internal.DefaultFileLockManager] Lock acquired on daemon addresses registry.
2025-03-31T16:58:35.294+0700 [DEBUG] [org.gradle.cache.internal.DefaultFileLockManager] Releasing lock on daemon addresses registry.
2025-03-31T16:58:35.295+0700 [DEBUG] [org.gradle.cache.internal.DefaultFileLockManager] Waiting to acquire shared lock on daemon addresses registry.
2025-03-31T16:58:35.295+0700 [DEBUG] [org.gradle.cache.internal.DefaultFileLockManager] Lock acquired on daemon addresses registry.
2025-03-31T16:58:35.295+0700 [DEBUG] [org.gradle.cache.internal.DefaultFileLockManager] Releasing lock on daemon addresses registry.
2025-03-31T16:58:38.579+0700 [DEBUG] [org.gradle.process.internal.health.memory.DefaultMemoryManager] 2348528844 virtual memory requested, 2139066368 free
2025-03-31T16:58:38.579+0700 [DEBUG] [org.gradle.workers.internal.WorkerDaemonExpiration] Will attempt to release 2239 of memory
2025-03-31T16:58:38.579+0700 [DEBUG] [org.gradle.process.internal.health.memory.DefaultMemoryManager] 2348528844 virtual memory requested, 0 released, 2139066368 free
2025-03-31T16:58:43.587+0700 [DEBUG] [org.gradle.process.internal.health.memory.DefaultMemoryManager] 2348528844 virtual memory requested, 2161721344 free
2025-03-31T16:58:43.588+0700 [DEBUG] [org.gradle.workers.internal.WorkerDaemonExpiration] Will attempt to release 2239 of memory
2025-03-31T16:58:43.588+0700 [DEBUG] [org.gradle.process.internal.health.memory.DefaultMemoryManager] 2348528844 virtual memory requested, 0 released, 2161721344 free
2025-03-31T16:58:45.306+0700 [DEBUG] [org.gradle.cache.internal.DefaultFileLockManager] Waiting to acquire shared lock on daemon addresses registry.
2025-03-31T16:58:45.306+0700 [DEBUG] [org.gradle.cache.internal.DefaultFileLockManager] Lock acquired on daemon addresses registry.
2025-03-31T16:58:45.306+0700 [DEBUG] [org.gradle.cache.internal.DefaultFileLockManager] Releasing lock on daemon addresses registry.
2025-03-31T16:58:45.307+0700 [DEBUG] [org.gradle.cache.internal.DefaultFileLockManager] Waiting to acquire shared lock on daemon addresses registry.
2025-03-31T16:58:45.307+0700 [DEBUG] [org.gradle.cache.internal.DefaultFileLockManager] Lock acquired on daemon addresses registry.
2025-03-31T16:58:45.307+0700 [DEBUG] [org.gradle.cache.internal.DefaultFileLockManager] Releasing lock on daemon addresses registry.
2025-03-31T16:58:45.307+0700 [DEBUG] [org.gradle.cache.internal.DefaultFileLockManager] Waiting to acquire shared lock on daemon addresses registry.
2025-03-31T16:58:45.307+0700 [DEBUG] [org.gradle.cache.internal.DefaultFileLockManager] Lock acquired on daemon addresses registry.
2025-03-31T16:58:45.308+0700 [DEBUG] [org.gradle.cache.internal.DefaultFileLockManager] Releasing lock on daemon addresses registry.
2025-03-31T16:58:48.595+0700 [DEBUG] [org.gradle.process.internal.health.memory.DefaultMemoryManager] 2348528844 virtual memory requested, 2165174272 free
2025-03-31T16:58:48.595+0700 [DEBUG] [org.gradle.workers.internal.WorkerDaemonExpiration] Will attempt to release 2239 of memory
2025-03-31T16:58:48.595+0700 [DEBUG] [org.gradle.process.internal.health.memory.DefaultMemoryManager] 2348528844 virtual memory requested, 0 released, 2165174272 free
2025-03-31T16:58:53.581+0700 [DEBUG] [org.gradle.process.internal.health.memory.DefaultMemoryManager] 2348528844 virtual memory requested, 2199957504 free
2025-03-31T16:58:53.581+0700 [DEBUG] [org.gradle.workers.internal.WorkerDaemonExpiration] Will attempt to release 2239 of memory
2025-03-31T16:58:53.581+0700 [DEBUG] [org.gradle.process.internal.health.memory.DefaultMemoryManager] 2348528844 virtual memory requested, 0 released, 2199957504 free
2025-03-31T16:58:55.296+0700 [DEBUG] [org.gradle.cache.internal.DefaultFileLockManager] Waiting to acquire shared lock on daemon addresses registry.
2025-03-31T16:58:55.296+0700 [DEBUG] [org.gradle.cache.internal.DefaultFileLockManager] Lock acquired on daemon addresses registry.
2025-03-31T16:58:55.296+0700 [DEBUG] [org.gradle.cache.internal.DefaultFileLockManager] Releasing lock on daemon addresses registry.
2025-03-31T16:58:55.297+0700 [DEBUG] [org.gradle.cache.internal.DefaultFileLockManager] Waiting to acquire shared lock on daemon addresses registry.
2025-03-31T16:58:55.297+0700 [DEBUG] [org.gradle.cache.internal.DefaultFileLockManager] Lock acquired on daemon addresses registry.
2025-03-31T16:58:55.297+0700 [DEBUG] [org.gradle.cache.internal.DefaultFileLockManager] Releasing lock on daemon addresses registry.
2025-03-31T16:58:55.297+0700 [DEBUG] [org.gradle.cache.internal.DefaultFileLockManager] Waiting to acquire shared lock on daemon addresses registry.
2025-03-31T16:58:55.298+0700 [DEBUG] [org.gradle.cache.internal.DefaultFileLockManager] Lock acquired on daemon addresses registry.
2025-03-31T16:58:55.298+0700 [DEBUG] [org.gradle.cache.internal.DefaultFileLockManager] Releasing lock on daemon addresses registry.
2025-03-31T16:58:58.578+0700 [DEBUG] [org.gradle.process.internal.health.memory.DefaultMemoryManager] 2348528844 virtual memory requested, 2139095040 free
2025-03-31T16:58:58.578+0700 [DEBUG] [org.gradle.workers.internal.WorkerDaemonExpiration] Will attempt to release 2239 of memory
2025-03-31T16:58:58.578+0700 [DEBUG] [org.gradle.process.internal.health.memory.DefaultMemoryManager] 2348528844 virtual memory requested, 0 released, 2139095040 free
2025-03-31T16:59:03.593+0700 [DEBUG] [org.gradle.process.internal.health.memory.DefaultMemoryManager] 2348528844 virtual memory requested, 2210848768 free
2025-03-31T16:59:03.593+0700 [DEBUG] [org.gradle.workers.internal.WorkerDaemonExpiration] Will attempt to release 2239 of memory
2025-03-31T16:59:03.593+0700 [DEBUG] [org.gradle.process.internal.health.memory.DefaultMemoryManager] 2348528844 virtual memory requested, 0 released, 2210848768 free
2025-03-31T16:59:05.301+0700 [DEBUG] [org.gradle.cache.internal.DefaultFileLockManager] Waiting to acquire shared lock on daemon addresses registry.
2025-03-31T16:59:05.301+0700 [DEBUG] [org.gradle.cache.internal.DefaultFileLockManager] Lock acquired on daemon addresses registry.
2025-03-31T16:59:05.301+0700 [DEBUG] [org.gradle.cache.internal.DefaultFileLockManager] Releasing lock on daemon addresses registry.
2025-03-31T16:59:05.302+0700 [DEBUG] [org.gradle.cache.internal.DefaultFileLockManager] Waiting to acquire shared lock on daemon addresses registry.
2025-03-31T16:59:05.302+0700 [DEBUG] [org.gradle.cache.internal.DefaultFileLockManager] Lock acquired on daemon addresses registry.
2025-03-31T16:59:05.302+0700 [DEBUG] [org.gradle.cache.internal.DefaultFileLockManager] Releasing lock on daemon addresses registry.
2025-03-31T16:59:05.303+0700 [DEBUG] [org.gradle.cache.internal.DefaultFileLockManager] Waiting to acquire shared lock on daemon addresses registry.
2025-03-31T16:59:05.303+0700 [DEBUG] [org.gradle.cache.internal.DefaultFileLockManager] Lock acquired on daemon addresses registry.
2025-03-31T16:59:05.303+0700 [DEBUG] [org.gradle.cache.internal.DefaultFileLockManager] Releasing lock on daemon addresses registry.
2025-03-31T16:59:08.588+0700 [DEBUG] [org.gradle.process.internal.health.memory.DefaultMemoryManager] 2348528844 virtual memory requested, 2200248320 free
2025-03-31T16:59:08.588+0700 [DEBUG] [org.gradle.workers.internal.WorkerDaemonExpiration] Will attempt to release 2239 of memory
2025-03-31T16:59:08.588+0700 [DEBUG] [org.gradle.process.internal.health.memory.DefaultMemoryManager] 2348528844 virtual memory requested, 0 released, 2200248320 free
2025-03-31T16:59:13.589+0700 [DEBUG] [org.gradle.process.internal.health.memory.DefaultMemoryManager] 2348528844 virtual memory requested, 2204033024 free
2025-03-31T16:59:13.589+0700 [DEBUG] [org.gradle.workers.internal.WorkerDaemonExpiration] Will attempt to release 2239 of memory
2025-03-31T16:59:13.589+0700 [DEBUG] [org.gradle.process.internal.health.memory.DefaultMemoryManager] 2348528844 virtual memory requested, 0 released, 2204033024 free
2025-03-31T16:59:15.306+0700 [DEBUG] [org.gradle.cache.internal.DefaultFileLockManager] Waiting to acquire shared lock on daemon addresses registry.
2025-03-31T16:59:15.306+0700 [DEBUG] [org.gradle.cache.internal.DefaultFileLockManager] Lock acquired on daemon addresses registry.
2025-03-31T16:59:15.306+0700 [DEBUG] [org.gradle.cache.internal.DefaultFileLockManager] Releasing lock on daemon addresses registry.
2025-03-31T16:59:15.307+0700 [DEBUG] [org.gradle.cache.internal.DefaultFileLockManager] Waiting to acquire shared lock on daemon addresses registry.
2025-03-31T16:59:15.307+0700 [DEBUG] [org.gradle.cache.internal.DefaultFileLockManager] Lock acquired on daemon addresses registry.
2025-03-31T16:59:15.307+0700 [DEBUG] [org.gradle.cache.internal.DefaultFileLockManager] Releasing lock on daemon addresses registry.
2025-03-31T16:59:15.308+0700 [DEBUG] [org.gradle.cache.internal.DefaultFileLockManager] Waiting to acquire shared lock on daemon addresses registry.
2025-03-31T16:59:15.308+0700 [DEBUG] [org.gradle.cache.internal.DefaultFileLockManager] Lock acquired on daemon addresses registry.
2025-03-31T16:59:15.308+0700 [DEBUG] [org.gradle.cache.internal.DefaultFileLockManager] Releasing lock on daemon addresses registry.
2025-03-31T16:59:18.594+0700 [DEBUG] [org.gradle.process.internal.health.memory.DefaultMemoryManager] 2348528844 virtual memory requested, 2218622976 free
2025-03-31T16:59:18.594+0700 [DEBUG] [org.gradle.workers.internal.WorkerDaemonExpiration] Will attempt to release 2239 of memory
2025-03-31T16:59:18.594+0700 [DEBUG] [org.gradle.process.internal.health.memory.DefaultMemoryManager] 2348528844 virtual memory requested, 0 released, 2218622976 free
2025-03-31T16:59:23.590+0700 [DEBUG] [org.gradle.process.internal.health.memory.DefaultMemoryManager] 2348528844 virtual memory requested, 2203635712 free
2025-03-31T16:59:23.590+0700 [DEBUG] [org.gradle.workers.internal.WorkerDaemonExpiration] Will attempt to release 2239 of memory
2025-03-31T16:59:23.590+0700 [DEBUG] [org.gradle.process.internal.health.memory.DefaultMemoryManager] 2348528844 virtual memory requested, 0 released, 2203635712 free
2025-03-31T16:59:25.305+0700 [DEBUG] [org.gradle.cache.internal.DefaultFileLockManager] Waiting to acquire shared lock on daemon addresses registry.
2025-03-31T16:59:25.305+0700 [DEBUG] [org.gradle.cache.internal.DefaultFileLockManager] Lock acquired on daemon addresses registry.
2025-03-31T16:59:25.305+0700 [DEBUG] [org.gradle.cache.internal.DefaultFileLockManager] Releasing lock on daemon addresses registry.
2025-03-31T16:59:25.306+0700 [DEBUG] [org.gradle.cache.internal.DefaultFileLockManager] Waiting to acquire shared lock on daemon addresses registry.
2025-03-31T16:59:25.306+0700 [DEBUG] [org.gradle.cache.internal.DefaultFileLockManager] Lock acquired on daemon addresses registry.
2025-03-31T16:59:25.306+0700 [DEBUG] [org.gradle.cache.internal.DefaultFileLockManager] Releasing lock on daemon addresses registry.
2025-03-31T16:59:25.307+0700 [DEBUG] [org.gradle.cache.internal.DefaultFileLockManager] Waiting to acquire shared lock on daemon addresses registry.
2025-03-31T16:59:25.307+0700 [DEBUG] [org.gradle.cache.internal.DefaultFileLockManager] Lock acquired on daemon addresses registry.
2025-03-31T16:59:25.307+0700 [DEBUG] [org.gradle.cache.internal.DefaultFileLockManager] Releasing lock on daemon addresses registry.
2025-03-31T16:59:28.580+0700 [DEBUG] [org.gradle.process.internal.health.memory.DefaultMemoryManager] 2348528844 virtual memory requested, 2204196864 free
2025-03-31T16:59:28.580+0700 [DEBUG] [org.gradle.workers.internal.WorkerDaemonExpiration] Will attempt to release 2239 of memory
2025-03-31T16:59:28.580+0700 [DEBUG] [org.gradle.process.internal.health.memory.DefaultMemoryManager] 2348528844 virtual memory requested, 0 released, 2204196864 free
2025-03-31T16:59:30.988+0700 [DEBUG] [org.gradle.internal.remote.internal.inet.TcpIncomingConnector] Accepted connection from /127.0.0.1:65332 to /127.0.0.1:64498.
2025-03-31T16:59:30.992+0700 [DEBUG] [org.gradle.launcher.daemon.server.SynchronizedDispatchConnection] thread 956: received class org.gradle.launcher.daemon.protocol.Build
2025-03-31T16:59:30.992+0700 [DEBUG] [org.gradle.launcher.daemon.server.DefaultDaemonConnection] thread 956: Received non-IO message from client: Build{id=5fcafb16-c705-417d-b3d7-4636af720e38, currentDir=C:\Users\Administrator\AndroidStudioProjects\PrescriptionManagementApp}
2025-03-31T16:59:30.992+0700 [INFO] [org.gradle.launcher.daemon.server.DefaultIncomingConnectionHandler] Received command: Build{id=5fcafb16-c705-417d-b3d7-4636af720e38, currentDir=C:\Users\Administrator\AndroidStudioProjects\PrescriptionManagementApp}.
2025-03-31T16:59:30.992+0700 [DEBUG] [org.gradle.launcher.daemon.server.DefaultIncomingConnectionHandler] Starting executing command: Build{id=5fcafb16-c705-417d-b3d7-4636af720e38, currentDir=C:\Users\Administrator\AndroidStudioProjects\PrescriptionManagementApp} with connection: socket connection from /127.0.0.1:64498 to /127.0.0.1:65332.
2025-03-31T16:59:30.993+0700 [DEBUG] [org.gradle.launcher.daemon.server.DaemonStateCoordinator] Command execution: started DaemonCommandExecution[command = Build{id=5fcafb16-c705-417d-b3d7-4636af720e38, currentDir=C:\Users\Administrator\AndroidStudioProjects\PrescriptionManagementApp}, connection = DefaultDaemonConnection: socket connection from /127.0.0.1:64498 to /127.0.0.1:65332] after 3.2786833333333334 minutes of idle
2025-03-31T16:59:30.993+0700 [INFO] [org.gradle.launcher.daemon.server.DaemonRegistryUpdater] Marking the daemon as busy, address: [11eea899-7ae8-42a8-afae-c7641c3f9d00 port:64498, addresses:[localhost/127.0.0.1]]
2025-03-31T16:59:30.993+0700 [DEBUG] [org.gradle.launcher.daemon.registry.PersistentDaemonRegistry] Marking busy by address: [11eea899-7ae8-42a8-afae-c7641c3f9d00 port:64498, addresses:[localhost/127.0.0.1]]
2025-03-31T16:59:30.993+0700 [DEBUG] [org.gradle.cache.internal.DefaultFileLockManager] Waiting to acquire exclusive lock on daemon addresses registry.
2025-03-31T16:59:30.994+0700 [DEBUG] [org.gradle.cache.internal.DefaultFileLockManager] Lock acquired on daemon addresses registry.
2025-03-31T16:59:30.994+0700 [DEBUG] [org.gradle.cache.internal.DefaultFileLockManager] Releasing lock on daemon addresses registry.
2025-03-31T16:59:30.995+0700 [DEBUG] [org.gradle.launcher.daemon.server.DaemonStateCoordinator] resetting idle timer
2025-03-31T16:59:30.995+0700 [DEBUG] [org.gradle.launcher.daemon.server.DaemonStateCoordinator] daemon is running. Sleeping until state changes.
2025-03-31T16:59:30.995+0700 [INFO] [org.gradle.launcher.daemon.server.exec.StartBuildOrRespondWithBusy] Daemon is about to start building Build{id=5fcafb16-c705-417d-b3d7-4636af720e38, currentDir=C:\Users\Administrator\AndroidStudioProjects\PrescriptionManagementApp}. Dispatching build started information...
2025-03-31T16:59:30.995+0700 [DEBUG] [org.gradle.launcher.daemon.server.SynchronizedDispatchConnection] thread 958: dispatching org.gradle.launcher.daemon.protocol.BuildStarted@1d2526f6
2025-03-31T16:59:30.996+0700 [DEBUG] [org.gradle.launcher.daemon.server.exec.EstablishBuildEnvironment] Configuring env variables: [USERDOMAIN_ROAMINGPROFILE, LOCALAPPDATA, PROCESSOR_LEVEL, USERDOMAIN, LOGONSERVER, FPS_BROWSER_APP_PROFILE_STRING, SESSIONNAME, ALLUSERSPROFILE, PROCESSOR_ARCHITECTURE, PSModulePath, SystemDrive, EFC_3896, OneDrive, MAVEN_HOME, APPDATA, NODEJS, USERNAME, ProgramFiles(x86), CommonProgramFiles, Path, FPS_BROWSER_USER_PROFILE_STRING, PATHEXT, DriverData, OS, COMPUTERNAME, PROCESSOR_REVISION, CommonProgramW6432, ComSpec, ProgramData, ProgramW6432, TEMP, HOMEPATH, SystemRoot, PROCESSOR_IDENTIFIER, HOMEDRIVE, USERPROFILE, TMP, CommonProgramFiles(x86), ProgramFiles, PUBLIC, windir, NUMBER_OF_PROCESSORS, Java17, =::]
2025-03-31T16:59:30.996+0700 [DEBUG] [org.gradle.launcher.daemon.server.exec.LogToClient] About to start relaying all logs to the client via the connection.
2025-03-31T16:59:30.996+0700 [INFO] [org.gradle.launcher.daemon.server.exec.LogToClient] The client will now receive all logging from the daemon (pid: 23392). The daemon log file: C:\Users\Administrator\AndroidStudioProjects\PrescriptionManagementApp\daemon\8.10.2\daemon-23392.out.log
2025-03-31T16:59:30.997+0700 [INFO] [org.gradle.launcher.daemon.server.exec.LogAndCheckHealth] Starting 9th build in daemon [uptime: 13 mins 35.938 secs, performance: 99%, GC rate: 0.00/s, heap usage: 0% of 2 GiB]
2025-03-31T16:59:30.997+0700 [DEBUG] [org.gradle.launcher.daemon.server.exec.ExecuteBuild] The daemon has started executing the build.
2025-03-31T16:59:30.998+0700 [DEBUG] [org.gradle.launcher.daemon.server.exec.ExecuteBuild] Executing build with daemon context: DefaultDaemonContext[uid=00bf664e-3dd3-46b4-ab9b-bdfd2623c785,javaHome=C:\Program Files\Android\Android Studio\jbr,javaVersion=21,javaVendor=JetBrains s.r.o.,daemonRegistryDir=C:\Users\Administrator\AndroidStudioProjects\PrescriptionManagementApp\daemon,pid=23392,idleTimeout=10800000,priority=NORMAL,applyInstrumentationAgent=true,nativeServicesMode=ENABLED,daemonOpts=--add-opens=java.base/java.util=ALL-UNNAMED,--add-opens=java.base/java.lang=ALL-UNNAMED,--add-opens=java.base/java.lang.invoke=ALL-UNNAMED,--add-opens=java.prefs/java.util.prefs=ALL-UNNAMED,--add-exports=jdk.compiler/com.sun.tools.javac.api=ALL-UNNAMED,--add-exports=jdk.compiler/com.sun.tools.javac.util=ALL-UNNAMED,--add-opens=java.base/java.nio.charset=ALL-UNNAMED,--add-opens=java.base/java.net=ALL-UNNAMED,--add-opens=java.base/java.util.concurrent.atomic=ALL-UNNAMED,-Xmx2048m,-Dfile.encoding=UTF-8,-Duser.country=US,-Duser.language=en,-Duser.variant]

BUILD SUCCESSFUL in 931ms
31 actionable tasks: 4 executed, 27 up-to-date
2025-03-31T16:59:31.952+0700 [DEBUG] [org.gradle.launcher.daemon.server.exec.ExecuteBuild] The daemon has finished executing the build.
2025-03-31T16:59:31.969+0700 [DEBUG] [org.gradle.launcher.daemon.server.DaemonStateCoordinator] daemon is running. Sleeping until state changes.
2025-03-31T16:59:31.969+0700 [DEBUG] [org.gradle.launcher.daemon.server.DaemonStateCoordinator] Command execution: finished waiting for DaemonCommandExecution[command = Build{id=5fcafb16-c705-417d-b3d7-4636af720e38, currentDir=C:\Users\Administrator\AndroidStudioProjects\PrescriptionManagementApp}, connection = DefaultDaemonConnection: socket connection from /127.0.0.1:64498 to /127.0.0.1:65332]. Result org.gradle.launcher.daemon.server.DaemonStateCoordinator@2b8df4c6 with state Busy
2025-03-31T16:59:31.969+0700 [DEBUG] [org.gradle.launcher.daemon.server.DaemonStateCoordinator] Command execution: completed DaemonCommandExecution[command = Build{id=5fcafb16-c705-417d-b3d7-4636af720e38, currentDir=C:\Users\Administrator\AndroidStudioProjects\PrescriptionManagementApp}, connection = DefaultDaemonConnection: socket connection from /127.0.0.1:64498 to /127.0.0.1:65332]
2025-03-31T16:59:31.969+0700 [DEBUG] [org.gradle.launcher.daemon.server.DaemonStateCoordinator] resetting idle timer
2025-03-31T16:59:31.969+0700 [INFO] [org.gradle.launcher.daemon.server.DaemonRegistryUpdater] Marking the daemon as idle, address: [11eea899-7ae8-42a8-afae-c7641c3f9d00 port:64498, addresses:[localhost/127.0.0.1]]
2025-03-31T16:59:31.969+0700 [DEBUG] [org.gradle.launcher.daemon.registry.PersistentDaemonRegistry] Marking busy by address: [11eea899-7ae8-42a8-afae-c7641c3f9d00 port:64498, addresses:[localhost/127.0.0.1]]
2025-03-31T16:59:31.970+0700 [DEBUG] [org.gradle.cache.internal.DefaultFileLockManager] Waiting to acquire exclusive lock on daemon addresses registry.
2025-03-31T16:59:31.970+0700 [DEBUG] [org.gradle.cache.internal.DefaultFileLockManager] Lock acquired on daemon addresses registry.
2025-03-31T16:59:31.971+0700 [DEBUG] [org.gradle.cache.internal.DefaultFileLockManager] Releasing lock on daemon addresses registry.
2025-03-31T16:59:31.971+0700 [DEBUG] [org.gradle.launcher.daemon.server.exec.ReturnResult] Daemon is dispatching the build result: Success[value=org.gradle.launcher.exec.BuildActionResult@1d34e581]
2025-03-31T16:59:31.971+0700 [DEBUG] [org.gradle.launcher.daemon.server.SynchronizedDispatchConnection] thread 955: dispatching Success[value=org.gradle.launcher.exec.BuildActionResult@1d34e581]
2025-03-31T16:59:31.971+0700 [DEBUG] [org.gradle.launcher.daemon.server.DaemonStateCoordinator] daemon is running. Sleeping until state changes.
2025-03-31T16:59:31.972+0700 [DEBUG] [org.gradle.launcher.daemon.server.DefaultIncomingConnectionHandler] Finishing executing command: Build{id=5fcafb16-c705-417d-b3d7-4636af720e38, currentDir=C:\Users\Administrator\AndroidStudioProjects\PrescriptionManagementApp}
2025-03-31T16:59:31.972+0700 [DEBUG] [org.gradle.launcher.daemon.server.SynchronizedDispatchConnection] thread 956: received class org.gradle.launcher.daemon.protocol.CloseInput
2025-03-31T16:59:31.972+0700 [DEBUG] [org.gradle.launcher.daemon.server.exec.CleanUpVirtualFileSystemAfterBuild] Cleaning virtual file system after build finished
2025-03-31T16:59:31.972+0700 [DEBUG] [org.gradle.launcher.daemon.server.DefaultDaemonConnection] thread 956: Received IO message from client: org.gradle.launcher.daemon.protocol.CloseInput@71ac8f21
2025-03-31T16:59:31.972+0700 [DEBUG] [org.gradle.launcher.daemon.server.SynchronizedDispatchConnection] thread 956: received class org.gradle.launcher.daemon.protocol.Finished
2025-03-31T16:59:31.972+0700 [DEBUG] [org.gradle.launcher.daemon.server.DefaultDaemonConnection] thread 956: Received non-IO message from client: org.gradle.launcher.daemon.protocol.Finished@7f6b6f64
2025-03-31T16:59:31.972+0700 [DEBUG] [org.gradle.launcher.daemon.server.DefaultIncomingConnectionHandler] Received finished message: org.gradle.launcher.daemon.protocol.Finished@7f6b6f64
2025-03-31T16:59:31.972+0700 [DEBUG] [org.gradle.internal.remote.internal.inet.SocketConnection] Discarding EOFException: java.io.EOFException
2025-03-31T16:59:31.972+0700 [DEBUG] [org.gradle.launcher.daemon.server.SynchronizedDispatchConnection] thread 956: received null
2025-03-31T16:59:31.972+0700 [DEBUG] [org.gradle.launcher.daemon.server.DefaultDaemonConnection] thread 956: Received end-of-input from client.
2025-03-31T16:59:31.972+0700 [DEBUG] [org.gradle.launcher.daemon.server.SynchronizedDispatchConnection] thread 955: stopping connection
2025-03-31T16:59:31.973+0700 [DEBUG] [org.gradle.launcher.daemon.server.SynchronizedDispatchConnection] thread 955: stopping connection
2025-03-31T16:59:33.579+0700 [DEBUG] [org.gradle.process.internal.health.memory.DefaultMemoryManager] 2348528844 virtual memory requested, 2135158784 free
2025-03-31T16:59:33.579+0700 [DEBUG] [org.gradle.workers.internal.WorkerDaemonExpiration] Will attempt to release 2239 of memory
2025-03-31T16:59:33.580+0700 [DEBUG] [org.gradle.process.internal.health.memory.DefaultMemoryManager] 2348528844 virtual memory requested, 0 released, 2135158784 free
2025-03-31T16:59:35.294+0700 [DEBUG] [org.gradle.cache.internal.DefaultFileLockManager] Waiting to acquire shared lock on daemon addresses registry.
2025-03-31T16:59:35.294+0700 [DEBUG] [org.gradle.cache.internal.DefaultFileLockManager] Lock acquired on daemon addresses registry.
2025-03-31T16:59:35.295+0700 [DEBUG] [org.gradle.cache.internal.DefaultFileLockManager] Releasing lock on daemon addresses registry.
2025-03-31T16:59:35.296+0700 [DEBUG] [org.gradle.cache.internal.DefaultFileLockManager] Waiting to acquire shared lock on daemon addresses registry.
2025-03-31T16:59:35.296+0700 [DEBUG] [org.gradle.cache.internal.DefaultFileLockManager] Lock acquired on daemon addresses registry.
2025-03-31T16:59:35.296+0700 [DEBUG] [org.gradle.cache.internal.DefaultFileLockManager] Releasing lock on daemon addresses registry.
2025-03-31T16:59:38.585+0700 [DEBUG] [org.gradle.process.internal.health.memory.DefaultMemoryManager] 2348528844 virtual memory requested, 2135646208 free
2025-03-31T16:59:38.585+0700 [DEBUG] [org.gradle.workers.internal.WorkerDaemonExpiration] Will attempt to release 2239 of memory
2025-03-31T16:59:38.585+0700 [DEBUG] [org.gradle.process.internal.health.memory.DefaultMemoryManager] 2348528844 virtual memory requested, 0 released, 2135646208 free
2025-03-31T16:59:43.579+0700 [DEBUG] [org.gradle.process.internal.health.memory.DefaultMemoryManager] 2348528844 virtual memory requested, 2162974720 free
2025-03-31T16:59:43.579+0700 [DEBUG] [org.gradle.workers.internal.WorkerDaemonExpiration] Will attempt to release 2239 of memory
2025-03-31T16:59:43.579+0700 [DEBUG] [org.gradle.process.internal.health.memory.DefaultMemoryManager] 2348528844 virtual memory requested, 0 released, 2162974720 free
2025-03-31T16:59:45.297+0700 [DEBUG] [org.gradle.cache.internal.DefaultFileLockManager] Waiting to acquire shared lock on daemon addresses registry.
2025-03-31T16:59:45.297+0700 [DEBUG] [org.gradle.cache.internal.DefaultFileLockManager] Lock acquired on daemon addresses registry.
2025-03-31T16:59:45.297+0700 [DEBUG] [org.gradle.cache.internal.DefaultFileLockManager] Releasing lock on daemon addresses registry.
2025-03-31T16:59:45.298+0700 [DEBUG] [org.gradle.cache.internal.DefaultFileLockManager] Waiting to acquire shared lock on daemon addresses registry.
2025-03-31T16:59:45.298+0700 [DEBUG] [org.gradle.cache.internal.DefaultFileLockManager] Lock acquired on daemon addresses registry.
2025-03-31T16:59:45.298+0700 [DEBUG] [org.gradle.cache.internal.DefaultFileLockManager] Releasing lock on daemon addresses registry.
2025-03-31T16:59:45.299+0700 [DEBUG] [org.gradle.cache.internal.DefaultFileLockManager] Waiting to acquire shared lock on daemon addresses registry.
2025-03-31T16:59:45.299+0700 [DEBUG] [org.gradle.cache.internal.DefaultFileLockManager] Lock acquired on daemon addresses registry.
2025-03-31T16:59:45.299+0700 [DEBUG] [org.gradle.cache.internal.DefaultFileLockManager] Releasing lock on daemon addresses registry.
2025-03-31T16:59:48.581+0700 [DEBUG] [org.gradle.process.internal.health.memory.DefaultMemoryManager] 2348528844 virtual memory requested, 2106028032 free
2025-03-31T16:59:48.581+0700 [DEBUG] [org.gradle.workers.internal.WorkerDaemonExpiration] Will attempt to release 2239 of memory
2025-03-31T16:59:48.581+0700 [DEBUG] [org.gradle.process.internal.health.memory.DefaultMemoryManager] 2348528844 virtual memory requested, 0 released, 2106028032 free
2025-03-31T16:59:53.588+0700 [DEBUG] [org.gradle.process.internal.health.memory.DefaultMemoryManager] 2348528844 virtual memory requested, 2135412736 free
2025-03-31T16:59:53.588+0700 [DEBUG] [org.gradle.workers.internal.WorkerDaemonExpiration] Will attempt to release 2239 of memory
2025-03-31T16:59:53.588+0700 [DEBUG] [org.gradle.process.internal.health.memory.DefaultMemoryManager] 2348528844 virtual memory requested, 0 released, 2135412736 free
2025-03-31T16:59:55.300+0700 [DEBUG] [org.gradle.cache.internal.DefaultFileLockManager] Waiting to acquire shared lock on daemon addresses registry.
2025-03-31T16:59:55.300+0700 [DEBUG] [org.gradle.cache.internal.DefaultFileLockManager] Lock acquired on daemon addresses registry.
2025-03-31T16:59:55.300+0700 [DEBUG] [org.gradle.cache.internal.DefaultFileLockManager] Releasing lock on daemon addresses registry.
2025-03-31T16:59:55.301+0700 [DEBUG] [org.gradle.cache.internal.DefaultFileLockManager] Waiting to acquire shared lock on daemon addresses registry.
2025-03-31T16:59:55.301+0700 [DEBUG] [org.gradle.cache.internal.DefaultFileLockManager] Lock acquired on daemon addresses registry.
2025-03-31T16:59:55.301+0700 [DEBUG] [org.gradle.cache.internal.DefaultFileLockManager] Releasing lock on daemon addresses registry.
2025-03-31T16:59:55.302+0700 [DEBUG] [org.gradle.cache.internal.DefaultFileLockManager] Waiting to acquire shared lock on daemon addresses registry.
2025-03-31T16:59:55.302+0700 [DEBUG] [org.gradle.cache.internal.DefaultFileLockManager] Lock acquired on daemon addresses registry.
2025-03-31T16:59:55.302+0700 [DEBUG] [org.gradle.cache.internal.DefaultFileLockManager] Releasing lock on daemon addresses registry.
2025-03-31T16:59:58.579+0700 [DEBUG] [org.gradle.process.internal.health.memory.DefaultMemoryManager] 2348528844 virtual memory requested, 2137686016 free
2025-03-31T16:59:58.579+0700 [DEBUG] [org.gradle.workers.internal.WorkerDaemonExpiration] Will attempt to release 2239 of memory
2025-03-31T16:59:58.579+0700 [DEBUG] [org.gradle.process.internal.health.memory.DefaultMemoryManager] 2348528844 virtual memory requested, 0 released, 2137686016 free
2025-03-31T17:00:03.589+0700 [DEBUG] [org.gradle.process.internal.health.memory.DefaultMemoryManager] 2348528844 virtual memory requested, 2108047360 free
2025-03-31T17:00:03.589+0700 [DEBUG] [org.gradle.workers.internal.WorkerDaemonExpiration] Will attempt to release 2239 of memory
2025-03-31T17:00:03.589+0700 [DEBUG] [org.gradle.process.internal.health.memory.DefaultMemoryManager] 2348528844 virtual memory requested, 0 released, 2108047360 free
2025-03-31T17:00:05.294+0700 [DEBUG] [org.gradle.cache.internal.DefaultFileLockManager] Waiting to acquire shared lock on daemon addresses registry.
2025-03-31T17:00:05.294+0700 [DEBUG] [org.gradle.cache.internal.DefaultFileLockManager] Lock acquired on daemon addresses registry.
2025-03-31T17:00:05.294+0700 [DEBUG] [org.gradle.cache.internal.DefaultFileLockManager] Releasing lock on daemon addresses registry.
2025-03-31T17:00:05.295+0700 [DEBUG] [org.gradle.cache.internal.DefaultFileLockManager] Waiting to acquire shared lock on daemon addresses registry.
2025-03-31T17:00:05.295+0700 [DEBUG] [org.gradle.cache.internal.DefaultFileLockManager] Lock acquired on daemon addresses registry.
2025-03-31T17:00:05.295+0700 [DEBUG] [org.gradle.cache.internal.DefaultFileLockManager] Releasing lock on daemon addresses registry.
2025-03-31T17:00:05.296+0700 [DEBUG] [org.gradle.cache.internal.DefaultFileLockManager] Waiting to acquire shared lock on daemon addresses registry.
2025-03-31T17:00:05.296+0700 [DEBUG] [org.gradle.cache.internal.DefaultFileLockManager] Lock acquired on daemon addresses registry.
2025-03-31T17:00:05.296+0700 [DEBUG] [org.gradle.cache.internal.DefaultFileLockManager] Releasing lock on daemon addresses registry.
2025-03-31T17:00:08.589+0700 [DEBUG] [org.gradle.process.internal.health.memory.DefaultMemoryManager] 2348528844 virtual memory requested, 2130649088 free
2025-03-31T17:00:08.589+0700 [DEBUG] [org.gradle.workers.internal.WorkerDaemonExpiration] Will attempt to release 2239 of memory
2025-03-31T17:00:08.589+0700 [DEBUG] [org.gradle.process.internal.health.memory.DefaultMemoryManager] 2348528844 virtual memory requested, 0 released, 2130649088 free
2025-03-31T17:00:15.306+0700 [DEBUG] [org.gradle.cache.internal.DefaultFileLockManager] Waiting to acquire shared lock on daemon addresses registry.
2025-03-31T17:00:15.306+0700 [DEBUG] [org.gradle.cache.internal.DefaultFileLockManager] Lock acquired on daemon addresses registry.
2025-03-31T17:00:15.306+0700 [DEBUG] [org.gradle.cache.internal.DefaultFileLockManager] Releasing lock on daemon addresses registry.
2025-03-31T17:00:15.307+0700 [DEBUG] [org.gradle.cache.internal.DefaultFileLockManager] Waiting to acquire shared lock on daemon addresses registry.
2025-03-31T17:00:15.307+0700 [DEBUG] [org.gradle.cache.internal.DefaultFileLockManager] Lock acquired on daemon addresses registry.
2025-03-31T17:00:15.307+0700 [DEBUG] [org.gradle.cache.internal.DefaultFileLockManager] Releasing lock on daemon addresses registry.
2025-03-31T17:00:15.308+0700 [DEBUG] [org.gradle.cache.internal.DefaultFileLockManager] Waiting to acquire shared lock on daemon addresses registry.
2025-03-31T17:00:15.308+0700 [DEBUG] [org.gradle.cache.internal.DefaultFileLockManager] Lock acquired on daemon addresses registry.
2025-03-31T17:00:15.308+0700 [DEBUG] [org.gradle.cache.internal.DefaultFileLockManager] Releasing lock on daemon addresses registry.
2025-03-31T17:00:25.298+0700 [DEBUG] [org.gradle.cache.internal.DefaultFileLockManager] Waiting to acquire shared lock on daemon addresses registry.
2025-03-31T17:00:25.298+0700 [DEBUG] [org.gradle.cache.internal.DefaultFileLockManager] Lock acquired on daemon addresses registry.
2025-03-31T17:00:25.298+0700 [DEBUG] [org.gradle.cache.internal.DefaultFileLockManager] Releasing lock on daemon addresses registry.
2025-03-31T17:00:25.299+0700 [DEBUG] [org.gradle.cache.internal.DefaultFileLockManager] Waiting to acquire shared lock on daemon addresses registry.
2025-03-31T17:00:25.299+0700 [DEBUG] [org.gradle.cache.internal.DefaultFileLockManager] Lock acquired on daemon addresses registry.
2025-03-31T17:00:25.299+0700 [DEBUG] [org.gradle.cache.internal.DefaultFileLockManager] Releasing lock on daemon addresses registry.
2025-03-31T17:00:25.300+0700 [DEBUG] [org.gradle.cache.internal.DefaultFileLockManager] Waiting to acquire shared lock on daemon addresses registry.
2025-03-31T17:00:25.300+0700 [DEBUG] [org.gradle.cache.internal.DefaultFileLockManager] Lock acquired on daemon addresses registry.
2025-03-31T17:00:25.300+0700 [DEBUG] [org.gradle.cache.internal.DefaultFileLockManager] Releasing lock on daemon addresses registry.
2025-03-31T17:00:35.304+0700 [DEBUG] [org.gradle.cache.internal.DefaultFileLockManager] Waiting to acquire shared lock on daemon addresses registry.
2025-03-31T17:00:35.304+0700 [DEBUG] [org.gradle.cache.internal.DefaultFileLockManager] Lock acquired on daemon addresses registry.
2025-03-31T17:00:35.305+0700 [DEBUG] [org.gradle.cache.internal.DefaultFileLockManager] Releasing lock on daemon addresses registry.
2025-03-31T17:00:35.306+0700 [DEBUG] [org.gradle.cache.internal.DefaultFileLockManager] Waiting to acquire shared lock on daemon addresses registry.
2025-03-31T17:00:35.306+0700 [DEBUG] [org.gradle.cache.internal.DefaultFileLockManager] Lock acquired on daemon addresses registry.
2025-03-31T17:00:35.306+0700 [DEBUG] [org.gradle.cache.internal.DefaultFileLockManager] Releasing lock on daemon addresses registry.
2025-03-31T17:00:35.307+0700 [DEBUG] [org.gradle.cache.internal.DefaultFileLockManager] Waiting to acquire shared lock on daemon addresses registry.
2025-03-31T17:00:35.307+0700 [DEBUG] [org.gradle.cache.internal.DefaultFileLockManager] Lock acquired on daemon addresses registry.
2025-03-31T17:00:35.307+0700 [DEBUG] [org.gradle.cache.internal.DefaultFileLockManager] Releasing lock on daemon addresses registry.
2025-03-31T17:00:45.302+0700 [DEBUG] [org.gradle.cache.internal.DefaultFileLockManager] Waiting to acquire shared lock on daemon addresses registry.
2025-03-31T17:00:45.302+0700 [DEBUG] [org.gradle.cache.internal.DefaultFileLockManager] Lock acquired on daemon addresses registry.
2025-03-31T17:00:45.303+0700 [DEBUG] [org.gradle.cache.internal.DefaultFileLockManager] Releasing lock on daemon addresses registry.
2025-03-31T17:00:45.303+0700 [DEBUG] [org.gradle.cache.internal.DefaultFileLockManager] Waiting to acquire shared lock on daemon addresses registry.
2025-03-31T17:00:45.303+0700 [DEBUG] [org.gradle.cache.internal.DefaultFileLockManager] Lock acquired on daemon addresses registry.
2025-03-31T17:00:45.304+0700 [DEBUG] [org.gradle.cache.internal.DefaultFileLockManager] Releasing lock on daemon addresses registry.
2025-03-31T17:00:45.304+0700 [DEBUG] [org.gradle.cache.internal.DefaultFileLockManager] Waiting to acquire shared lock on daemon addresses registry.
2025-03-31T17:00:45.304+0700 [DEBUG] [org.gradle.cache.internal.DefaultFileLockManager] Lock acquired on daemon addresses registry.
2025-03-31T17:00:45.304+0700 [DEBUG] [org.gradle.cache.internal.DefaultFileLockManager] Releasing lock on daemon addresses registry.
2025-03-31T17:00:55.300+0700 [DEBUG] [org.gradle.cache.internal.DefaultFileLockManager] Waiting to acquire shared lock on daemon addresses registry.
2025-03-31T17:00:55.300+0700 [DEBUG] [org.gradle.cache.internal.DefaultFileLockManager] Lock acquired on daemon addresses registry.
2025-03-31T17:00:55.300+0700 [DEBUG] [org.gradle.cache.internal.DefaultFileLockManager] Releasing lock on daemon addresses registry.
2025-03-31T17:00:55.301+0700 [DEBUG] [org.gradle.cache.internal.DefaultFileLockManager] Waiting to acquire shared lock on daemon addresses registry.
2025-03-31T17:00:55.301+0700 [DEBUG] [org.gradle.cache.internal.DefaultFileLockManager] Lock acquired on daemon addresses registry.
2025-03-31T17:00:55.301+0700 [DEBUG] [org.gradle.cache.internal.DefaultFileLockManager] Releasing lock on daemon addresses registry.
2025-03-31T17:00:55.302+0700 [DEBUG] [org.gradle.cache.internal.DefaultFileLockManager] Waiting to acquire shared lock on daemon addresses registry.
2025-03-31T17:00:55.302+0700 [DEBUG] [org.gradle.cache.internal.DefaultFileLockManager] Lock acquired on daemon addresses registry.
2025-03-31T17:00:55.302+0700 [DEBUG] [org.gradle.cache.internal.DefaultFileLockManager] Releasing lock on daemon addresses registry.
2025-03-31T17:01:05.305+0700 [DEBUG] [org.gradle.cache.internal.DefaultFileLockManager] Waiting to acquire shared lock on daemon addresses registry.
2025-03-31T17:01:05.305+0700 [DEBUG] [org.gradle.cache.internal.DefaultFileLockManager] Lock acquired on daemon addresses registry.
2025-03-31T17:01:05.306+0700 [DEBUG] [org.gradle.cache.internal.DefaultFileLockManager] Releasing lock on daemon addresses registry.
2025-03-31T17:01:05.307+0700 [DEBUG] [org.gradle.cache.internal.DefaultFileLockManager] Waiting to acquire shared lock on daemon addresses registry.
2025-03-31T17:01:05.307+0700 [DEBUG] [org.gradle.cache.internal.DefaultFileLockManager] Lock acquired on daemon addresses registry.
2025-03-31T17:01:05.307+0700 [DEBUG] [org.gradle.cache.internal.DefaultFileLockManager] Releasing lock on daemon addresses registry.
2025-03-31T17:01:05.308+0700 [DEBUG] [org.gradle.cache.internal.DefaultFileLockManager] Waiting to acquire shared lock on daemon addresses registry.
2025-03-31T17:01:05.308+0700 [DEBUG] [org.gradle.cache.internal.DefaultFileLockManager] Lock acquired on daemon addresses registry.
2025-03-31T17:01:05.308+0700 [DEBUG] [org.gradle.cache.internal.DefaultFileLockManager] Releasing lock on daemon addresses registry.
2025-03-31T17:01:07.639+0700 [DEBUG] [org.gradle.internal.watch.vfs.impl.WatchingVirtualFileSystem] Handling VFS change CREATED C:\Users\Administrator\AndroidStudioProjects\PrescriptionManagementApp\app\src\main\java\com\mad\prescriptionmanagementapp\ui\activity\MainActivity.java~
2025-03-31T17:01:07.641+0700 [DEBUG] [org.gradle.internal.watch.vfs.impl.WatchingVirtualFileSystem] Handling VFS change MODIFIED C:\Users\Administrator\AndroidStudioProjects\PrescriptionManagementApp\app\src\main\java\com\mad\prescriptionmanagementapp\ui\activity\MainActivity.java
2025-03-31T17:01:15.295+0700 [DEBUG] [org.gradle.cache.internal.DefaultFileLockManager] Waiting to acquire shared lock on daemon addresses registry.
2025-03-31T17:01:15.296+0700 [DEBUG] [org.gradle.cache.internal.DefaultFileLockManager] Lock acquired on daemon addresses registry.
2025-03-31T17:01:15.296+0700 [DEBUG] [org.gradle.cache.internal.DefaultFileLockManager] Releasing lock on daemon addresses registry.
2025-03-31T17:01:15.297+0700 [DEBUG] [org.gradle.cache.internal.DefaultFileLockManager] Waiting to acquire shared lock on daemon addresses registry.
2025-03-31T17:01:15.297+0700 [DEBUG] [org.gradle.cache.internal.DefaultFileLockManager] Lock acquired on daemon addresses registry.
2025-03-31T17:01:15.298+0700 [DEBUG] [org.gradle.cache.internal.DefaultFileLockManager] Releasing lock on daemon addresses registry.
2025-03-31T17:01:15.298+0700 [DEBUG] [org.gradle.cache.internal.DefaultFileLockManager] Waiting to acquire shared lock on daemon addresses registry.
2025-03-31T17:01:15.298+0700 [DEBUG] [org.gradle.cache.internal.DefaultFileLockManager] Lock acquired on daemon addresses registry.
2025-03-31T17:01:15.299+0700 [DEBUG] [org.gradle.cache.internal.DefaultFileLockManager] Releasing lock on daemon addresses registry.
2025-03-31T17:01:25.299+0700 [DEBUG] [org.gradle.cache.internal.DefaultFileLockManager] Waiting to acquire shared lock on daemon addresses registry.
2025-03-31T17:01:25.299+0700 [DEBUG] [org.gradle.cache.internal.DefaultFileLockManager] Lock acquired on daemon addresses registry.
2025-03-31T17:01:25.299+0700 [DEBUG] [org.gradle.cache.internal.DefaultFileLockManager] Releasing lock on daemon addresses registry.
2025-03-31T17:01:25.300+0700 [DEBUG] [org.gradle.cache.internal.DefaultFileLockManager] Waiting to acquire shared lock on daemon addresses registry.
2025-03-31T17:01:25.300+0700 [DEBUG] [org.gradle.cache.internal.DefaultFileLockManager] Lock acquired on daemon addresses registry.
2025-03-31T17:01:25.300+0700 [DEBUG] [org.gradle.cache.internal.DefaultFileLockManager] Releasing lock on daemon addresses registry.
2025-03-31T17:01:25.301+0700 [DEBUG] [org.gradle.cache.internal.DefaultFileLockManager] Waiting to acquire shared lock on daemon addresses registry.
2025-03-31T17:01:25.301+0700 [DEBUG] [org.gradle.cache.internal.DefaultFileLockManager] Lock acquired on daemon addresses registry.
2025-03-31T17:01:25.301+0700 [DEBUG] [org.gradle.cache.internal.DefaultFileLockManager] Releasing lock on daemon addresses registry.
2025-03-31T17:01:30.081+0700 [DEBUG] [org.gradle.internal.remote.internal.inet.TcpIncomingConnector] Accepted connection from /127.0.0.1:65464 to /127.0.0.1:64498.
2025-03-31T17:01:30.085+0700 [DEBUG] [org.gradle.launcher.daemon.server.SynchronizedDispatchConnection] thread 1063: received class org.gradle.launcher.daemon.protocol.Build
2025-03-31T17:01:30.085+0700 [DEBUG] [org.gradle.launcher.daemon.server.DefaultDaemonConnection] thread 1063: Received non-IO message from client: Build{id=8f6f18ed-a175-44e7-9084-0f0d3fd87c50, currentDir=C:\Users\Administrator\AndroidStudioProjects\PrescriptionManagementApp}
2025-03-31T17:01:30.085+0700 [INFO] [org.gradle.launcher.daemon.server.DefaultIncomingConnectionHandler] Received command: Build{id=8f6f18ed-a175-44e7-9084-0f0d3fd87c50, currentDir=C:\Users\Administrator\AndroidStudioProjects\PrescriptionManagementApp}.
2025-03-31T17:01:30.085+0700 [DEBUG] [org.gradle.launcher.daemon.server.DefaultIncomingConnectionHandler] Starting executing command: Build{id=8f6f18ed-a175-44e7-9084-0f0d3fd87c50, currentDir=C:\Users\Administrator\AndroidStudioProjects\PrescriptionManagementApp} with connection: socket connection from /127.0.0.1:64498 to /127.0.0.1:65464.
2025-03-31T17:01:30.086+0700 [DEBUG] [org.gradle.launcher.daemon.server.DaemonStateCoordinator] Command execution: started DaemonCommandExecution[command = Build{id=8f6f18ed-a175-44e7-9084-0f0d3fd87c50, currentDir=C:\Users\Administrator\AndroidStudioProjects\PrescriptionManagementApp}, connection = DefaultDaemonConnection: socket connection from /127.0.0.1:64498 to /127.0.0.1:65464] after 1.9686 minutes of idle
2025-03-31T17:01:30.086+0700 [INFO] [org.gradle.launcher.daemon.server.DaemonRegistryUpdater] Marking the daemon as busy, address: [11eea899-7ae8-42a8-afae-c7641c3f9d00 port:64498, addresses:[localhost/127.0.0.1]]
2025-03-31T17:01:30.086+0700 [DEBUG] [org.gradle.launcher.daemon.registry.PersistentDaemonRegistry] Marking busy by address: [11eea899-7ae8-42a8-afae-c7641c3f9d00 port:64498, addresses:[localhost/127.0.0.1]]
2025-03-31T17:01:30.086+0700 [DEBUG] [org.gradle.cache.internal.DefaultFileLockManager] Waiting to acquire exclusive lock on daemon addresses registry.
2025-03-31T17:01:30.087+0700 [DEBUG] [org.gradle.cache.internal.DefaultFileLockManager] Lock acquired on daemon addresses registry.
2025-03-31T17:01:30.088+0700 [DEBUG] [org.gradle.cache.internal.DefaultFileLockManager] Releasing lock on daemon addresses registry.
2025-03-31T17:01:30.088+0700 [DEBUG] [org.gradle.launcher.daemon.server.DaemonStateCoordinator] resetting idle timer
2025-03-31T17:01:30.089+0700 [DEBUG] [org.gradle.launcher.daemon.server.DaemonStateCoordinator] daemon is running. Sleeping until state changes.
2025-03-31T17:01:30.089+0700 [INFO] [org.gradle.launcher.daemon.server.exec.StartBuildOrRespondWithBusy] Daemon is about to start building Build{id=8f6f18ed-a175-44e7-9084-0f0d3fd87c50, currentDir=C:\Users\Administrator\AndroidStudioProjects\PrescriptionManagementApp}. Dispatching build started information...
2025-03-31T17:01:30.089+0700 [DEBUG] [org.gradle.launcher.daemon.server.SynchronizedDispatchConnection] thread 1065: dispatching org.gradle.launcher.daemon.protocol.BuildStarted@63986407
2025-03-31T17:01:30.090+0700 [DEBUG] [org.gradle.launcher.daemon.server.exec.EstablishBuildEnvironment] Configuring env variables: [USERDOMAIN_ROAMINGPROFILE, LOCALAPPDATA, PROCESSOR_LEVEL, USERDOMAIN, LOGONSERVER, FPS_BROWSER_APP_PROFILE_STRING, SESSIONNAME, ALLUSERSPROFILE, PROCESSOR_ARCHITECTURE, PSModulePath, SystemDrive, EFC_3896, OneDrive, MAVEN_HOME, APPDATA, NODEJS, USERNAME, ProgramFiles(x86), CommonProgramFiles, Path, FPS_BROWSER_USER_PROFILE_STRING, PATHEXT, DriverData, OS, COMPUTERNAME, PROCESSOR_REVISION, CommonProgramW6432, ComSpec, ProgramData, ProgramW6432, TEMP, HOMEPATH, SystemRoot, PROCESSOR_IDENTIFIER, HOMEDRIVE, USERPROFILE, TMP, CommonProgramFiles(x86), ProgramFiles, PUBLIC, windir, NUMBER_OF_PROCESSORS, Java17, =::]
2025-03-31T17:01:30.091+0700 [DEBUG] [org.gradle.launcher.daemon.server.exec.LogToClient] About to start relaying all logs to the client via the connection.
2025-03-31T17:01:30.091+0700 [INFO] [org.gradle.launcher.daemon.server.exec.LogToClient] The client will now receive all logging from the daemon (pid: 23392). The daemon log file: C:\Users\Administrator\AndroidStudioProjects\PrescriptionManagementApp\daemon\8.10.2\daemon-23392.out.log
2025-03-31T17:01:30.091+0700 [INFO] [org.gradle.launcher.daemon.server.exec.LogAndCheckHealth] Starting 10th build in daemon [uptime: 15 mins 35.032 secs, performance: 99%, GC rate: 0.00/s, heap usage: 0% of 2 GiB]
2025-03-31T17:01:30.092+0700 [DEBUG] [org.gradle.launcher.daemon.server.exec.ExecuteBuild] The daemon has started executing the build.
2025-03-31T17:01:30.092+0700 [DEBUG] [org.gradle.launcher.daemon.server.exec.ExecuteBuild] Executing build with daemon context: DefaultDaemonContext[uid=00bf664e-3dd3-46b4-ab9b-bdfd2623c785,javaHome=C:\Program Files\Android\Android Studio\jbr,javaVersion=21,javaVendor=JetBrains s.r.o.,daemonRegistryDir=C:\Users\Administrator\AndroidStudioProjects\PrescriptionManagementApp\daemon,pid=23392,idleTimeout=10800000,priority=NORMAL,applyInstrumentationAgent=true,nativeServicesMode=ENABLED,daemonOpts=--add-opens=java.base/java.util=ALL-UNNAMED,--add-opens=java.base/java.lang=ALL-UNNAMED,--add-opens=java.base/java.lang.invoke=ALL-UNNAMED,--add-opens=java.prefs/java.util.prefs=ALL-UNNAMED,--add-exports=jdk.compiler/com.sun.tools.javac.api=ALL-UNNAMED,--add-exports=jdk.compiler/com.sun.tools.javac.util=ALL-UNNAMED,--add-opens=java.base/java.nio.charset=ALL-UNNAMED,--add-opens=java.base/java.net=ALL-UNNAMED,--add-opens=java.base/java.util.concurrent.atomic=ALL-UNNAMED,-Xmx2048m,-Dfile.encoding=UTF-8,-Duser.country=US,-Duser.language=en,-Duser.variant]
C:\Users\Administrator\AndroidStudioProjects\PrescriptionManagementApp\app\src\main\java\com\mad\prescriptionmanagementapp\ui\activity\MainActivity.java:17: error: cannot find symbol
import com.example.PrescriptionManagementApp.R;
                                            ^
  symbol:   class R
  location: package com.example.PrescriptionManagementApp
C:\Users\Administrator\AndroidStudioProjects\PrescriptionManagementApp\app\src\main\java\com\mad\prescriptionmanagementapp\ui\activity\MainActivity.java:30: error: package R does not exist
        setContentView(R.layout.activity_main);
                        ^
C:\Users\Administrator\AndroidStudioProjects\PrescriptionManagementApp\app\src\main\java\com\mad\prescriptionmanagementapp\ui\activity\MainActivity.java:33: error: package R does not exist
        spinner = findViewById(R.id.spinner_prescription);
                                ^
C:\Users\Administrator\AndroidStudioProjects\PrescriptionManagementApp\app\src\main\java\com\mad\prescriptionmanagementapp\ui\activity\MainActivity.java:34: error: package R does not exist
        pieChart = findViewById(R.id.pieChart);
                                 ^
4 errors

FAILURE: Build failed with an exception.

* What went wrong:
Execution failed for task ':app:compileDebugJavaWithJavac'.
> Compilation failed; see the compiler error output for details.

* Try:
> Run with --info option to get more log output.
> Run with --scan to get full insights.

* Exception is:
org.gradle.api.tasks.TaskExecutionException: Execution failed for task ':app:compileDebugJavaWithJavac'.
	at org.gradle.api.internal.tasks.execution.ExecuteActionsTaskExecuter.lambda$executeIfValid$1(ExecuteActionsTaskExecuter.java:130)
	at org.gradle.internal.Try$Failure.ifSuccessfulOrElse(Try.java:293)
	at org.gradle.api.internal.tasks.execution.ExecuteActionsTaskExecuter.executeIfValid(ExecuteActionsTaskExecuter.java:128)
	at org.gradle.api.internal.tasks.execution.ExecuteActionsTaskExecuter.execute(ExecuteActionsTaskExecuter.java:116)
	at org.gradle.api.internal.tasks.execution.FinalizePropertiesTaskExecuter.execute(FinalizePropertiesTaskExecuter.java:46)
	at org.gradle.api.internal.tasks.execution.ResolveTaskExecutionModeExecuter.execute(ResolveTaskExecutionModeExecuter.java:51)
	at org.gradle.api.internal.tasks.execution.SkipTaskWithNoActionsExecuter.execute(SkipTaskWithNoActionsExecuter.java:57)
	at org.gradle.api.internal.tasks.execution.SkipOnlyIfTaskExecuter.execute(SkipOnlyIfTaskExecuter.java:74)
	at org.gradle.api.internal.tasks.execution.CatchExceptionTaskExecuter.execute(CatchExceptionTaskExecuter.java:36)
	at org.gradle.api.internal.tasks.execution.EventFiringTaskExecuter$1.executeTask(EventFiringTaskExecuter.java:77)
	at org.gradle.api.internal.tasks.execution.EventFiringTaskExecuter$1.call(EventFiringTaskExecuter.java:55)
	at org.gradle.api.internal.tasks.execution.EventFiringTaskExecuter$1.call(EventFiringTaskExecuter.java:52)
	at org.gradle.internal.operations.DefaultBuildOperationRunner$CallableBuildOperationWorker.execute(DefaultBuildOperationRunner.java:209)
	at org.gradle.internal.operations.DefaultBuildOperationRunner$CallableBuildOperationWorker.execute(DefaultBuildOperationRunner.java:204)
	at org.gradle.internal.operations.DefaultBuildOperationRunner$2.execute(DefaultBuildOperationRunner.java:66)
	at org.gradle.internal.operations.DefaultBuildOperationRunner$2.execute(DefaultBuildOperationRunner.java:59)
	at org.gradle.internal.operations.DefaultBuildOperationRunner.execute(DefaultBuildOperationRunner.java:166)
	at org.gradle.internal.operations.DefaultBuildOperationRunner.execute(DefaultBuildOperationRunner.java:59)
	at org.gradle.internal.operations.DefaultBuildOperationRunner.call(DefaultBuildOperationRunner.java:53)
	at org.gradle.api.internal.tasks.execution.EventFiringTaskExecuter.execute(EventFiringTaskExecuter.java:52)
	at org.gradle.execution.plan.LocalTaskNodeExecutor.execute(LocalTaskNodeExecutor.java:42)
	at org.gradle.execution.taskgraph.DefaultTaskExecutionGraph$InvokeNodeExecutorsAction.execute(DefaultTaskExecutionGraph.java:331)
	at org.gradle.execution.taskgraph.DefaultTaskExecutionGraph$InvokeNodeExecutorsAction.execute(DefaultTaskExecutionGraph.java:318)
	at org.gradle.execution.taskgraph.DefaultTaskExecutionGraph$BuildOperationAwareExecutionAction.lambda$execute$0(DefaultTaskExecutionGraph.java:314)
	at org.gradle.internal.operations.CurrentBuildOperationRef.with(CurrentBuildOperationRef.java:85)
	at org.gradle.execution.taskgraph.DefaultTaskExecutionGraph$BuildOperationAwareExecutionAction.execute(DefaultTaskExecutionGraph.java:314)
	at org.gradle.execution.taskgraph.DefaultTaskExecutionGraph$BuildOperationAwareExecutionAction.execute(DefaultTaskExecutionGraph.java:303)
	at org.gradle.execution.plan.DefaultPlanExecutor$ExecutorWorker.execute(DefaultPlanExecutor.java:459)
	at org.gradle.execution.plan.DefaultPlanExecutor$ExecutorWorker.run(DefaultPlanExecutor.java:376)
	at org.gradle.execution.plan.DefaultPlanExecutor.process(DefaultPlanExecutor.java:111)
	at org.gradle.execution.taskgraph.DefaultTaskExecutionGraph.executeWithServices(DefaultTaskExecutionGraph.java:138)
	at org.gradle.execution.taskgraph.DefaultTaskExecutionGraph.execute(DefaultTaskExecutionGraph.java:123)
	at org.gradle.execution.SelectedTaskExecutionAction.execute(SelectedTaskExecutionAction.java:35)
	at org.gradle.execution.DryRunBuildExecutionAction.execute(DryRunBuildExecutionAction.java:51)
	at org.gradle.execution.BuildOperationFiringBuildWorkerExecutor$ExecuteTasks.call(BuildOperationFiringBuildWorkerExecutor.java:54)
	at org.gradle.execution.BuildOperationFiringBuildWorkerExecutor$ExecuteTasks.call(BuildOperationFiringBuildWorkerExecutor.java:43)
	at org.gradle.internal.operations.DefaultBuildOperationRunner$CallableBuildOperationWorker.execute(DefaultBuildOperationRunner.java:209)
	at org.gradle.internal.operations.DefaultBuildOperationRunner$CallableBuildOperationWorker.execute(DefaultBuildOperationRunner.java:204)
	at org.gradle.internal.operations.DefaultBuildOperationRunner$2.execute(DefaultBuildOperationRunner.java:66)
	at org.gradle.internal.operations.DefaultBuildOperationRunner$2.execute(DefaultBuildOperationRunner.java:59)
	at org.gradle.internal.operations.DefaultBuildOperationRunner.execute(DefaultBuildOperationRunner.java:166)
	at org.gradle.internal.operations.DefaultBuildOperationRunner.execute(DefaultBuildOperationRunner.java:59)
	at org.gradle.internal.operations.DefaultBuildOperationRunner.call(DefaultBuildOperationRunner.java:53)
	at org.gradle.execution.BuildOperationFiringBuildWorkerExecutor.execute(BuildOperationFiringBuildWorkerExecutor.java:40)
	at org.gradle.internal.build.DefaultBuildLifecycleController.lambda$executeTasks$10(DefaultBuildLifecycleController.java:313)
	at org.gradle.internal.model.StateTransitionController.doTransition(StateTransitionController.java:266)
	at org.gradle.internal.model.StateTransitionController.lambda$tryTransition$8(StateTransitionController.java:177)
	at org.gradle.internal.work.DefaultSynchronizer.withLock(DefaultSynchronizer.java:44)
	at org.gradle.internal.model.StateTransitionController.tryTransition(StateTransitionController.java:177)
	at org.gradle.internal.build.DefaultBuildLifecycleController.executeTasks(DefaultBuildLifecycleController.java:304)
	at org.gradle.internal.build.DefaultBuildWorkGraphController$DefaultBuildWorkGraph.runWork(DefaultBuildWorkGraphController.java:220)
	at org.gradle.internal.work.DefaultWorkerLeaseService.withLocks(DefaultWorkerLeaseService.java:263)
	at org.gradle.internal.work.DefaultWorkerLeaseService.runAsWorkerThread(DefaultWorkerLeaseService.java:127)
	at org.gradle.composite.internal.DefaultBuildController.doRun(DefaultBuildController.java:181)
	at org.gradle.composite.internal.DefaultBuildController.access$000(DefaultBuildController.java:50)
	at org.gradle.composite.internal.DefaultBuildController$BuildOpRunnable.lambda$run$0(DefaultBuildController.java:198)
	at org.gradle.internal.operations.CurrentBuildOperationRef.with(CurrentBuildOperationRef.java:85)
	at org.gradle.composite.internal.DefaultBuildController$BuildOpRunnable.run(DefaultBuildController.java:198)
	at org.gradle.internal.concurrent.ExecutorPolicy$CatchAndRecordFailures.onExecute(ExecutorPolicy.java:64)
	at org.gradle.internal.concurrent.AbstractManagedExecutor$1.run(AbstractManagedExecutor.java:48)
Caused by: org.gradle.api.internal.tasks.compile.CompilationFailedException: Compilation failed; see the compiler error output for details.
	at org.gradle.api.internal.tasks.compile.JdkJavaCompiler.execute(JdkJavaCompiler.java:79)
	at org.gradle.api.internal.tasks.compile.JdkJavaCompiler.execute(JdkJavaCompiler.java:46)
	at org.gradle.api.internal.tasks.compile.NormalizingJavaCompiler.delegateAndHandleErrors(NormalizingJavaCompiler.java:98)
	at org.gradle.api.internal.tasks.compile.NormalizingJavaCompiler.execute(NormalizingJavaCompiler.java:52)
	at org.gradle.api.internal.tasks.compile.NormalizingJavaCompiler.execute(NormalizingJavaCompiler.java:38)
	at org.gradle.api.internal.tasks.compile.AnnotationProcessorDiscoveringCompiler.execute(AnnotationProcessorDiscoveringCompiler.java:52)
	at org.gradle.api.internal.tasks.compile.AnnotationProcessorDiscoveringCompiler.execute(AnnotationProcessorDiscoveringCompiler.java:38)
	at org.gradle.api.internal.tasks.compile.ModuleApplicationNameWritingCompiler.execute(ModuleApplicationNameWritingCompiler.java:46)
	at org.gradle.api.internal.tasks.compile.ModuleApplicationNameWritingCompiler.execute(ModuleApplicationNameWritingCompiler.java:36)
	at org.gradle.jvm.toolchain.internal.DefaultToolchainJavaCompiler.execute(DefaultToolchainJavaCompiler.java:57)
	at org.gradle.api.tasks.compile.JavaCompile.lambda$createToolchainCompiler$3(JavaCompile.java:204)
	at org.gradle.api.internal.tasks.compile.incremental.SelectiveCompiler.lambda$execute$0(SelectiveCompiler.java:101)
	at org.gradle.api.internal.tasks.compile.incremental.transaction.CompileTransaction.execute(CompileTransaction.java:108)
	at org.gradle.api.internal.tasks.compile.incremental.SelectiveCompiler.execute(SelectiveCompiler.java:95)
	at org.gradle.api.internal.tasks.compile.incremental.SelectiveCompiler.execute(SelectiveCompiler.java:44)
	at org.gradle.api.internal.tasks.compile.incremental.IncrementalResultStoringCompiler.execute(IncrementalResultStoringCompiler.java:66)
	at org.gradle.api.internal.tasks.compile.incremental.IncrementalResultStoringCompiler.execute(IncrementalResultStoringCompiler.java:52)
	at org.gradle.api.internal.tasks.compile.CompileJavaBuildOperationReportingCompiler$1.call(CompileJavaBuildOperationReportingCompiler.java:64)
	at org.gradle.api.internal.tasks.compile.CompileJavaBuildOperationReportingCompiler$1.call(CompileJavaBuildOperationReportingCompiler.java:48)
	at org.gradle.internal.operations.DefaultBuildOperationRunner$CallableBuildOperationWorker.execute(DefaultBuildOperationRunner.java:209)
	at org.gradle.internal.operations.DefaultBuildOperationRunner$CallableBuildOperationWorker.execute(DefaultBuildOperationRunner.java:204)
	at org.gradle.internal.operations.DefaultBuildOperationRunner$2.execute(DefaultBuildOperationRunner.java:66)
	at org.gradle.internal.operations.DefaultBuildOperationRunner$2.execute(DefaultBuildOperationRunner.java:59)
	at org.gradle.internal.operations.DefaultBuildOperationRunner.execute(DefaultBuildOperationRunner.java:166)
	at org.gradle.internal.operations.DefaultBuildOperationRunner.execute(DefaultBuildOperationRunner.java:59)
	at org.gradle.internal.operations.DefaultBuildOperationRunner.call(DefaultBuildOperationRunner.java:53)
	at org.gradle.api.internal.tasks.compile.CompileJavaBuildOperationReportingCompiler.execute(CompileJavaBuildOperationReportingCompiler.java:48)
	at org.gradle.api.tasks.compile.JavaCompile.performCompilation(JavaCompile.java:222)
	at org.gradle.api.tasks.compile.JavaCompile.performIncrementalCompilation(JavaCompile.java:163)
	at org.gradle.api.tasks.compile.JavaCompile.compile(JavaCompile.java:148)
	at java.base/jdk.internal.reflect.DirectMethodHandleAccessor.invoke(Unknown Source)
	at org.gradle.internal.reflect.JavaMethod.invoke(JavaMethod.java:125)
	at org.gradle.api.internal.project.taskfactory.IncrementalTaskAction.doExecute(IncrementalTaskAction.java:45)
	at org.gradle.api.internal.project.taskfactory.StandardTaskAction.execute(StandardTaskAction.java:51)
	at org.gradle.api.internal.project.taskfactory.IncrementalTaskAction.execute(IncrementalTaskAction.java:26)
	at org.gradle.api.internal.project.taskfactory.StandardTaskAction.execute(StandardTaskAction.java:29)
	at org.gradle.api.internal.tasks.execution.TaskExecution$3.run(TaskExecution.java:244)
	at org.gradle.internal.operations.DefaultBuildOperationRunner$1.execute(DefaultBuildOperationRunner.java:29)
	at org.gradle.internal.operations.DefaultBuildOperationRunner$1.execute(DefaultBuildOperationRunner.java:26)
	at org.gradle.internal.operations.DefaultBuildOperationRunner$2.execute(DefaultBuildOperationRunner.java:66)
	at org.gradle.internal.operations.DefaultBuildOperationRunner$2.execute(DefaultBuildOperationRunner.java:59)
	at org.gradle.internal.operations.DefaultBuildOperationRunner.execute(DefaultBuildOperationRunner.java:166)
	at org.gradle.internal.operations.DefaultBuildOperationRunner.execute(DefaultBuildOperationRunner.java:59)
	at org.gradle.internal.operations.DefaultBuildOperationRunner.run(DefaultBuildOperationRunner.java:47)
	at org.gradle.api.internal.tasks.execution.TaskExecution.executeAction(TaskExecution.java:229)
	at org.gradle.api.internal.tasks.execution.TaskExecution.executeActions(TaskExecution.java:212)
	at org.gradle.api.internal.tasks.execution.TaskExecution.executeWithPreviousOutputFiles(TaskExecution.java:195)
	at org.gradle.api.internal.tasks.execution.TaskExecution.execute(TaskExecution.java:162)
	at org.gradle.internal.execution.steps.ExecuteStep.executeInternal(ExecuteStep.java:105)
	at org.gradle.internal.execution.steps.ExecuteStep.access$000(ExecuteStep.java:44)
	at org.gradle.internal.execution.steps.ExecuteStep$1.call(ExecuteStep.java:59)
	at org.gradle.internal.execution.steps.ExecuteStep$1.call(ExecuteStep.java:56)
	at org.gradle.internal.operations.DefaultBuildOperationRunner$CallableBuildOperationWorker.execute(DefaultBuildOperationRunner.java:209)
	at org.gradle.internal.operations.DefaultBuildOperationRunner$CallableBuildOperationWorker.execute(DefaultBuildOperationRunner.java:204)
	at org.gradle.internal.operations.DefaultBuildOperationRunner$2.execute(DefaultBuildOperationRunner.java:66)
	at org.gradle.internal.operations.DefaultBuildOperationRunner$2.execute(DefaultBuildOperationRunner.java:59)
	at org.gradle.internal.operations.DefaultBuildOperationRunner.execute(DefaultBuildOperationRunner.java:166)
	at org.gradle.internal.operations.DefaultBuildOperationRunner.execute(DefaultBuildOperationRunner.java:59)
	at org.gradle.internal.operations.DefaultBuildOperationRunner.call(DefaultBuildOperationRunner.java:53)
	at org.gradle.internal.execution.steps.ExecuteStep.execute(ExecuteStep.java:56)
	at org.gradle.internal.execution.steps.ExecuteStep.execute(ExecuteStep.java:44)
	at org.gradle.internal.execution.steps.CancelExecutionStep.execute(CancelExecutionStep.java:42)
	at org.gradle.internal.execution.steps.TimeoutStep.executeWithoutTimeout(TimeoutStep.java:75)
	at org.gradle.internal.execution.steps.TimeoutStep.execute(TimeoutStep.java:55)
	at org.gradle.internal.execution.steps.PreCreateOutputParentsStep.execute(PreCreateOutputParentsStep.java:50)
	at org.gradle.internal.execution.steps.PreCreateOutputParentsStep.execute(PreCreateOutputParentsStep.java:28)
	at org.gradle.internal.execution.steps.RemovePreviousOutputsStep.execute(RemovePreviousOutputsStep.java:67)
	at org.gradle.internal.execution.steps.RemovePreviousOutputsStep.execute(RemovePreviousOutputsStep.java:37)
	at org.gradle.internal.execution.steps.BroadcastChangingOutputsStep.execute(BroadcastChangingOutputsStep.java:61)
	at org.gradle.internal.execution.steps.BroadcastChangingOutputsStep.execute(BroadcastChangingOutputsStep.java:26)
	at org.gradle.internal.execution.steps.CaptureOutputsAfterExecutionStep.execute(CaptureOutputsAfterExecutionStep.java:69)
	at org.gradle.internal.execution.steps.CaptureOutputsAfterExecutionStep.execute(CaptureOutputsAfterExecutionStep.java:46)
	at org.gradle.internal.execution.steps.ResolveInputChangesStep.execute(ResolveInputChangesStep.java:40)
	at org.gradle.internal.execution.steps.ResolveInputChangesStep.execute(ResolveInputChangesStep.java:29)
	at org.gradle.internal.execution.steps.BuildCacheStep.executeWithoutCache(BuildCacheStep.java:189)
	at org.gradle.internal.execution.steps.BuildCacheStep.lambda$execute$1(BuildCacheStep.java:75)
	at org.gradle.internal.Either$Right.fold(Either.java:175)
	at org.gradle.internal.execution.caching.CachingState.fold(CachingState.java:62)
	at org.gradle.internal.execution.steps.BuildCacheStep.execute(BuildCacheStep.java:73)
	at org.gradle.internal.execution.steps.BuildCacheStep.execute(BuildCacheStep.java:48)
	at org.gradle.internal.execution.steps.StoreExecutionStateStep.execute(StoreExecutionStateStep.java:46)
	at org.gradle.internal.execution.steps.StoreExecutionStateStep.execute(StoreExecutionStateStep.java:35)
	at org.gradle.internal.execution.steps.SkipUpToDateStep.executeBecause(SkipUpToDateStep.java:75)
	at org.gradle.internal.execution.steps.SkipUpToDateStep.lambda$execute$2(SkipUpToDateStep.java:53)
	at org.gradle.internal.execution.steps.SkipUpToDateStep.execute(SkipUpToDateStep.java:53)
	at org.gradle.internal.execution.steps.SkipUpToDateStep.execute(SkipUpToDateStep.java:35)
	at org.gradle.internal.execution.steps.legacy.MarkSnapshottingInputsFinishedStep.execute(MarkSnapshottingInputsFinishedStep.java:37)
	at org.gradle.internal.execution.steps.legacy.MarkSnapshottingInputsFinishedStep.execute(MarkSnapshottingInputsFinishedStep.java:27)
	at org.gradle.internal.execution.steps.ResolveIncrementalCachingStateStep.executeDelegate(ResolveIncrementalCachingStateStep.java:49)
	at org.gradle.internal.execution.steps.ResolveIncrementalCachingStateStep.executeDelegate(ResolveIncrementalCachingStateStep.java:27)
	at org.gradle.internal.execution.steps.AbstractResolveCachingStateStep.execute(AbstractResolveCachingStateStep.java:71)
	at org.gradle.internal.execution.steps.AbstractResolveCachingStateStep.execute(AbstractResolveCachingStateStep.java:39)
	at org.gradle.internal.execution.steps.ResolveChangesStep.execute(ResolveChangesStep.java:65)
	at org.gradle.internal.execution.steps.ResolveChangesStep.execute(ResolveChangesStep.java:36)
	at org.gradle.internal.execution.steps.ValidateStep.execute(ValidateStep.java:107)
	at org.gradle.internal.execution.steps.ValidateStep.execute(ValidateStep.java:56)
	at org.gradle.internal.execution.steps.AbstractCaptureStateBeforeExecutionStep.execute(AbstractCaptureStateBeforeExecutionStep.java:64)
	at org.gradle.internal.execution.steps.AbstractCaptureStateBeforeExecutionStep.execute(AbstractCaptureStateBeforeExecutionStep.java:43)
	at org.gradle.internal.execution.steps.AbstractSkipEmptyWorkStep.executeWithNonEmptySources(AbstractSkipEmptyWorkStep.java:125)
	at org.gradle.internal.execution.steps.AbstractSkipEmptyWorkStep.execute(AbstractSkipEmptyWorkStep.java:61)
	at org.gradle.internal.execution.steps.AbstractSkipEmptyWorkStep.execute(AbstractSkipEmptyWorkStep.java:36)
	at org.gradle.internal.execution.steps.legacy.MarkSnapshottingInputsStartedStep.execute(MarkSnapshottingInputsStartedStep.java:38)
	at org.gradle.internal.execution.steps.LoadPreviousExecutionStateStep.execute(LoadPreviousExecutionStateStep.java:36)
	at org.gradle.internal.execution.steps.LoadPreviousExecutionStateStep.execute(LoadPreviousExecutionStateStep.java:23)
	at org.gradle.internal.execution.steps.HandleStaleOutputsStep.execute(HandleStaleOutputsStep.java:75)
	at org.gradle.internal.execution.steps.HandleStaleOutputsStep.execute(HandleStaleOutputsStep.java:41)
	at org.gradle.internal.execution.steps.AssignMutableWorkspaceStep.lambda$execute$0(AssignMutableWorkspaceStep.java:35)
	at org.gradle.api.internal.tasks.execution.TaskExecution$4.withWorkspace(TaskExecution.java:289)
	at org.gradle.internal.execution.steps.AssignMutableWorkspaceStep.execute(AssignMutableWorkspaceStep.java:31)
	at org.gradle.internal.execution.steps.AssignMutableWorkspaceStep.execute(AssignMutableWorkspaceStep.java:22)
	at org.gradle.internal.execution.steps.ChoosePipelineStep.execute(ChoosePipelineStep.java:40)
	at org.gradle.internal.execution.steps.ChoosePipelineStep.execute(ChoosePipelineStep.java:23)
	at org.gradle.internal.execution.steps.ExecuteWorkBuildOperationFiringStep.lambda$execute$2(ExecuteWorkBuildOperationFiringStep.java:67)
	at org.gradle.internal.execution.steps.ExecuteWorkBuildOperationFiringStep.execute(ExecuteWorkBuildOperationFiringStep.java:67)
	at org.gradle.internal.execution.steps.ExecuteWorkBuildOperationFiringStep.execute(ExecuteWorkBuildOperationFiringStep.java:39)
	at org.gradle.internal.execution.steps.IdentityCacheStep.execute(IdentityCacheStep.java:46)
	at org.gradle.internal.execution.steps.IdentityCacheStep.execute(IdentityCacheStep.java:34)
	at org.gradle.internal.execution.steps.IdentifyStep.execute(IdentifyStep.java:48)
	at org.gradle.internal.execution.steps.IdentifyStep.execute(IdentifyStep.java:35)
	at org.gradle.internal.execution.impl.DefaultExecutionEngine$1.execute(DefaultExecutionEngine.java:61)
	at org.gradle.api.internal.tasks.execution.ExecuteActionsTaskExecuter.executeIfValid(ExecuteActionsTaskExecuter.java:127)
	at org.gradle.api.internal.tasks.execution.ExecuteActionsTaskExecuter.execute(ExecuteActionsTaskExecuter.java:116)
	at org.gradle.api.internal.tasks.execution.FinalizePropertiesTaskExecuter.execute(FinalizePropertiesTaskExecuter.java:46)
	at org.gradle.api.internal.tasks.execution.ResolveTaskExecutionModeExecuter.execute(ResolveTaskExecutionModeExecuter.java:51)
	at org.gradle.api.internal.tasks.execution.SkipTaskWithNoActionsExecuter.execute(SkipTaskWithNoActionsExecuter.java:57)
	at org.gradle.api.internal.tasks.execution.SkipOnlyIfTaskExecuter.execute(SkipOnlyIfTaskExecuter.java:74)
	at org.gradle.api.internal.tasks.execution.CatchExceptionTaskExecuter.execute(CatchExceptionTaskExecuter.java:36)
	at org.gradle.api.internal.tasks.execution.EventFiringTaskExecuter$1.executeTask(EventFiringTaskExecuter.java:77)
	at org.gradle.api.internal.tasks.execution.EventFiringTaskExecuter$1.call(EventFiringTaskExecuter.java:55)
	at org.gradle.api.internal.tasks.execution.EventFiringTaskExecuter$1.call(EventFiringTaskExecuter.java:52)
	at org.gradle.internal.operations.DefaultBuildOperationRunner$CallableBuildOperationWorker.execute(DefaultBuildOperationRunner.java:209)
	at org.gradle.internal.operations.DefaultBuildOperationRunner$CallableBuildOperationWorker.execute(DefaultBuildOperationRunner.java:204)
	at org.gradle.internal.operations.DefaultBuildOperationRunner$2.execute(DefaultBuildOperationRunner.java:66)
	at org.gradle.internal.operations.DefaultBuildOperationRunner$2.execute(DefaultBuildOperationRunner.java:59)
	at org.gradle.internal.operations.DefaultBuildOperationRunner.execute(DefaultBuildOperationRunner.java:166)
	at org.gradle.internal.operations.DefaultBuildOperationRunner.execute(DefaultBuildOperationRunner.java:59)
	at org.gradle.internal.operations.DefaultBuildOperationRunner.call(DefaultBuildOperationRunner.java:53)
	at org.gradle.api.internal.tasks.execution.EventFiringTaskExecuter.execute(EventFiringTaskExecuter.java:52)
	at org.gradle.execution.plan.LocalTaskNodeExecutor.execute(LocalTaskNodeExecutor.java:42)
	at org.gradle.execution.taskgraph.DefaultTaskExecutionGraph$InvokeNodeExecutorsAction.execute(DefaultTaskExecutionGraph.java:331)
	at org.gradle.execution.taskgraph.DefaultTaskExecutionGraph$InvokeNodeExecutorsAction.execute(DefaultTaskExecutionGraph.java:318)
	at org.gradle.execution.taskgraph.DefaultTaskExecutionGraph$BuildOperationAwareExecutionAction.lambda$execute$0(DefaultTaskExecutionGraph.java:314)
	at org.gradle.internal.operations.CurrentBuildOperationRef.with(CurrentBuildOperationRef.java:85)
	at org.gradle.execution.taskgraph.DefaultTaskExecutionGraph$BuildOperationAwareExecutionAction.execute(DefaultTaskExecutionGraph.java:314)
	at org.gradle.execution.taskgraph.DefaultTaskExecutionGraph$BuildOperationAwareExecutionAction.execute(DefaultTaskExecutionGraph.java:303)
	at org.gradle.execution.plan.DefaultPlanExecutor$ExecutorWorker.execute(DefaultPlanExecutor.java:459)
	at org.gradle.execution.plan.DefaultPlanExecutor$ExecutorWorker.run(DefaultPlanExecutor.java:376)
	at org.gradle.execution.plan.DefaultPlanExecutor.process(DefaultPlanExecutor.java:111)
	at org.gradle.execution.taskgraph.DefaultTaskExecutionGraph.executeWithServices(DefaultTaskExecutionGraph.java:138)
	at org.gradle.execution.taskgraph.DefaultTaskExecutionGraph.execute(DefaultTaskExecutionGraph.java:123)
	at org.gradle.execution.SelectedTaskExecutionAction.execute(SelectedTaskExecutionAction.java:35)
	at org.gradle.execution.DryRunBuildExecutionAction.execute(DryRunBuildExecutionAction.java:51)
	at org.gradle.execution.BuildOperationFiringBuildWorkerExecutor$ExecuteTasks.call(BuildOperationFiringBuildWorkerExecutor.java:54)
	at org.gradle.execution.BuildOperationFiringBuildWorkerExecutor$ExecuteTasks.call(BuildOperationFiringBuildWorkerExecutor.java:43)
	at org.gradle.internal.operations.DefaultBuildOperationRunner$CallableBuildOperationWorker.execute(DefaultBuildOperationRunner.java:209)
	at org.gradle.internal.operations.DefaultBuildOperationRunner$CallableBuildOperationWorker.execute(DefaultBuildOperationRunner.java:204)
	at org.gradle.internal.operations.DefaultBuildOperationRunner$2.execute(DefaultBuildOperationRunner.java:66)
	at org.gradle.internal.operations.DefaultBuildOperationRunner$2.execute(DefaultBuildOperationRunner.java:59)
	at org.gradle.internal.operations.DefaultBuildOperationRunner.execute(DefaultBuildOperationRunner.java:166)
	at org.gradle.internal.operations.DefaultBuildOperationRunner.execute(DefaultBuildOperationRunner.java:59)
	at org.gradle.internal.operations.DefaultBuildOperationRunner.call(DefaultBuildOperationRunner.java:53)
	at org.gradle.execution.BuildOperationFiringBuildWorkerExecutor.execute(BuildOperationFiringBuildWorkerExecutor.java:40)
	at org.gradle.internal.build.DefaultBuildLifecycleController.lambda$executeTasks$10(DefaultBuildLifecycleController.java:313)
	at org.gradle.internal.model.StateTransitionController.doTransition(StateTransitionController.java:266)
	at org.gradle.internal.model.StateTransitionController.lambda$tryTransition$8(StateTransitionController.java:177)
	at org.gradle.internal.work.DefaultSynchronizer.withLock(DefaultSynchronizer.java:44)
	at org.gradle.internal.model.StateTransitionController.tryTransition(StateTransitionController.java:177)
	at org.gradle.internal.build.DefaultBuildLifecycleController.executeTasks(DefaultBuildLifecycleController.java:304)
	at org.gradle.internal.build.DefaultBuildWorkGraphController$DefaultBuildWorkGraph.runWork(DefaultBuildWorkGraphController.java:220)
	at org.gradle.internal.work.DefaultWorkerLeaseService.withLocks(DefaultWorkerLeaseService.java:263)
	at org.gradle.internal.work.DefaultWorkerLeaseService.runAsWorkerThread(DefaultWorkerLeaseService.java:127)
	at org.gradle.composite.internal.DefaultBuildController.doRun(DefaultBuildController.java:181)
	at org.gradle.composite.internal.DefaultBuildController.access$000(DefaultBuildController.java:50)
	at org.gradle.composite.internal.DefaultBuildController$BuildOpRunnable.lambda$run$0(DefaultBuildController.java:198)
	at org.gradle.internal.operations.CurrentBuildOperationRef.with(CurrentBuildOperationRef.java:85)
	at org.gradle.composite.internal.DefaultBuildController$BuildOpRunnable.run(DefaultBuildController.java:198)
	at org.gradle.internal.concurrent.ExecutorPolicy$CatchAndRecordFailures.onExecute(ExecutorPolicy.java:64)
	at org.gradle.internal.concurrent.AbstractManagedExecutor$1.run(AbstractManagedExecutor.java:48)


BUILD FAILED in 947ms
27 actionable tasks: 1 executed, 26 up-to-date
2025-03-31T17:01:31.109+0700 [DEBUG] [org.gradle.launcher.daemon.server.exec.ExecuteBuild] The daemon has finished executing the build.
2025-03-31T17:01:31.125+0700 [DEBUG] [org.gradle.launcher.daemon.server.DaemonStateCoordinator] daemon is running. Sleeping until state changes.
2025-03-31T17:01:31.125+0700 [DEBUG] [org.gradle.launcher.daemon.server.DaemonStateCoordinator] Command execution: finished waiting for DaemonCommandExecution[command = Build{id=8f6f18ed-a175-44e7-9084-0f0d3fd87c50, currentDir=C:\Users\Administrator\AndroidStudioProjects\PrescriptionManagementApp}, connection = DefaultDaemonConnection: socket connection from /127.0.0.1:64498 to /127.0.0.1:65464]. Result org.gradle.launcher.daemon.server.DaemonStateCoordinator@2b8df4c6 with state Busy
2025-03-31T17:01:31.125+0700 [DEBUG] [org.gradle.launcher.daemon.server.DaemonStateCoordinator] Command execution: completed DaemonCommandExecution[command = Build{id=8f6f18ed-a175-44e7-9084-0f0d3fd87c50, currentDir=C:\Users\Administrator\AndroidStudioProjects\PrescriptionManagementApp}, connection = DefaultDaemonConnection: socket connection from /127.0.0.1:64498 to /127.0.0.1:65464]
2025-03-31T17:01:31.125+0700 [DEBUG] [org.gradle.launcher.daemon.server.DaemonStateCoordinator] resetting idle timer
2025-03-31T17:01:31.126+0700 [INFO] [org.gradle.launcher.daemon.server.DaemonRegistryUpdater] Marking the daemon as idle, address: [11eea899-7ae8-42a8-afae-c7641c3f9d00 port:64498, addresses:[localhost/127.0.0.1]]
2025-03-31T17:01:31.126+0700 [DEBUG] [org.gradle.launcher.daemon.registry.PersistentDaemonRegistry] Marking busy by address: [11eea899-7ae8-42a8-afae-c7641c3f9d00 port:64498, addresses:[localhost/127.0.0.1]]
2025-03-31T17:01:31.126+0700 [DEBUG] [org.gradle.cache.internal.DefaultFileLockManager] Waiting to acquire exclusive lock on daemon addresses registry.
2025-03-31T17:01:31.127+0700 [DEBUG] [org.gradle.cache.internal.DefaultFileLockManager] Lock acquired on daemon addresses registry.
2025-03-31T17:01:31.128+0700 [DEBUG] [org.gradle.cache.internal.DefaultFileLockManager] Releasing lock on daemon addresses registry.
2025-03-31T17:01:31.128+0700 [DEBUG] [org.gradle.launcher.daemon.server.DaemonStateCoordinator] daemon is running. Sleeping until state changes.
2025-03-31T17:01:31.128+0700 [DEBUG] [org.gradle.launcher.daemon.server.exec.ReturnResult] Daemon is dispatching the build result: Success[value=org.gradle.launcher.exec.BuildActionResult@66b0f505]
2025-03-31T17:01:31.129+0700 [DEBUG] [org.gradle.launcher.daemon.server.SynchronizedDispatchConnection] thread 1062: dispatching Success[value=org.gradle.launcher.exec.BuildActionResult@66b0f505]
2025-03-31T17:01:31.131+0700 [DEBUG] [org.gradle.launcher.daemon.server.DefaultIncomingConnectionHandler] Finishing executing command: Build{id=8f6f18ed-a175-44e7-9084-0f0d3fd87c50, currentDir=C:\Users\Administrator\AndroidStudioProjects\PrescriptionManagementApp}
2025-03-31T17:01:31.131+0700 [DEBUG] [org.gradle.launcher.daemon.server.exec.CleanUpVirtualFileSystemAfterBuild] Cleaning virtual file system after build finished
2025-03-31T17:01:31.137+0700 [DEBUG] [org.gradle.launcher.daemon.server.SynchronizedDispatchConnection] thread 1063: received class org.gradle.launcher.daemon.protocol.CloseInput
2025-03-31T17:01:31.138+0700 [DEBUG] [org.gradle.launcher.daemon.server.DefaultDaemonConnection] thread 1063: Received IO message from client: org.gradle.launcher.daemon.protocol.CloseInput@4f541683
2025-03-31T17:01:31.138+0700 [DEBUG] [org.gradle.launcher.daemon.server.SynchronizedDispatchConnection] thread 1063: received class org.gradle.launcher.daemon.protocol.Finished
2025-03-31T17:01:31.138+0700 [DEBUG] [org.gradle.launcher.daemon.server.DefaultDaemonConnection] thread 1063: Received non-IO message from client: org.gradle.launcher.daemon.protocol.Finished@4193e119
2025-03-31T17:01:31.138+0700 [DEBUG] [org.gradle.launcher.daemon.server.DefaultIncomingConnectionHandler] Received finished message: org.gradle.launcher.daemon.protocol.Finished@4193e119
2025-03-31T17:01:31.138+0700 [DEBUG] [org.gradle.launcher.daemon.server.SynchronizedDispatchConnection] thread 1062: stopping connection
2025-03-31T17:01:31.138+0700 [DEBUG] [org.gradle.internal.remote.internal.inet.SocketConnection] Discarding EOFException: java.io.EOFException
2025-03-31T17:01:31.138+0700 [DEBUG] [org.gradle.launcher.daemon.server.SynchronizedDispatchConnection] thread 1063: received null
2025-03-31T17:01:31.138+0700 [DEBUG] [org.gradle.launcher.daemon.server.DefaultDaemonConnection] thread 1063: Received end-of-input from client.
2025-03-31T17:01:31.139+0700 [DEBUG] [org.gradle.launcher.daemon.server.SynchronizedDispatchConnection] thread 1062: stopping connection
2025-03-31T17:01:33.585+0700 [DEBUG] [org.gradle.process.internal.health.memory.DefaultMemoryManager] 2348528844 virtual memory requested, 2317496320 free
2025-03-31T17:01:33.585+0700 [DEBUG] [org.gradle.workers.internal.WorkerDaemonExpiration] Will attempt to release 2239 of memory
2025-03-31T17:01:33.585+0700 [DEBUG] [org.gradle.process.internal.health.memory.DefaultMemoryManager] 2348528844 virtual memory requested, 0 released, 2317496320 free
2025-03-31T17:01:35.302+0700 [DEBUG] [org.gradle.cache.internal.DefaultFileLockManager] Waiting to acquire shared lock on daemon addresses registry.
2025-03-31T17:01:35.303+0700 [DEBUG] [org.gradle.cache.internal.DefaultFileLockManager] Lock acquired on daemon addresses registry.
2025-03-31T17:01:35.303+0700 [DEBUG] [org.gradle.cache.internal.DefaultFileLockManager] Releasing lock on daemon addresses registry.
2025-03-31T17:01:35.304+0700 [DEBUG] [org.gradle.cache.internal.DefaultFileLockManager] Waiting to acquire shared lock on daemon addresses registry.
2025-03-31T17:01:35.304+0700 [DEBUG] [org.gradle.cache.internal.DefaultFileLockManager] Lock acquired on daemon addresses registry.
2025-03-31T17:01:35.305+0700 [DEBUG] [org.gradle.cache.internal.DefaultFileLockManager] Releasing lock on daemon addresses registry.
2025-03-31T17:01:38.594+0700 [DEBUG] [org.gradle.process.internal.health.memory.DefaultMemoryManager] 2348528844 virtual memory requested, 2134441984 free
2025-03-31T17:01:38.594+0700 [DEBUG] [org.gradle.workers.internal.WorkerDaemonExpiration] Will attempt to release 2239 of memory
2025-03-31T17:01:38.594+0700 [DEBUG] [org.gradle.process.internal.health.memory.DefaultMemoryManager] 2348528844 virtual memory requested, 0 released, 2134441984 free
2025-03-31T17:01:43.579+0700 [DEBUG] [org.gradle.process.internal.health.memory.DefaultMemoryManager] 2348528844 virtual memory requested, 2088640512 free
2025-03-31T17:01:43.579+0700 [DEBUG] [org.gradle.workers.internal.WorkerDaemonExpiration] Will attempt to release 2239 of memory
2025-03-31T17:01:43.579+0700 [DEBUG] [org.gradle.process.internal.health.memory.DefaultMemoryManager] 2348528844 virtual memory requested, 0 released, 2088640512 free
2025-03-31T17:01:45.295+0700 [DEBUG] [org.gradle.cache.internal.DefaultFileLockManager] Waiting to acquire shared lock on daemon addresses registry.
2025-03-31T17:01:45.295+0700 [DEBUG] [org.gradle.cache.internal.DefaultFileLockManager] Lock acquired on daemon addresses registry.
2025-03-31T17:01:45.295+0700 [DEBUG] [org.gradle.cache.internal.DefaultFileLockManager] Releasing lock on daemon addresses registry.
2025-03-31T17:01:45.296+0700 [DEBUG] [org.gradle.cache.internal.DefaultFileLockManager] Waiting to acquire shared lock on daemon addresses registry.
2025-03-31T17:01:45.296+0700 [DEBUG] [org.gradle.cache.internal.DefaultFileLockManager] Lock acquired on daemon addresses registry.
2025-03-31T17:01:45.296+0700 [DEBUG] [org.gradle.cache.internal.DefaultFileLockManager] Releasing lock on daemon addresses registry.
2025-03-31T17:01:45.297+0700 [DEBUG] [org.gradle.cache.internal.DefaultFileLockManager] Waiting to acquire shared lock on daemon addresses registry.
2025-03-31T17:01:45.297+0700 [DEBUG] [org.gradle.cache.internal.DefaultFileLockManager] Lock acquired on daemon addresses registry.
2025-03-31T17:01:45.297+0700 [DEBUG] [org.gradle.cache.internal.DefaultFileLockManager] Releasing lock on daemon addresses registry.
2025-03-31T17:01:48.579+0700 [DEBUG] [org.gradle.process.internal.health.memory.DefaultMemoryManager] 2348528844 virtual memory requested, 2145595392 free
2025-03-31T17:01:48.579+0700 [DEBUG] [org.gradle.workers.internal.WorkerDaemonExpiration] Will attempt to release 2239 of memory
2025-03-31T17:01:48.579+0700 [DEBUG] [org.gradle.process.internal.health.memory.DefaultMemoryManager] 2348528844 virtual memory requested, 0 released, 2145595392 free
2025-03-31T17:01:53.580+0700 [DEBUG] [org.gradle.process.internal.health.memory.DefaultMemoryManager] 2348528844 virtual memory requested, 2103250944 free
2025-03-31T17:01:53.580+0700 [DEBUG] [org.gradle.workers.internal.WorkerDaemonExpiration] Will attempt to release 2239 of memory
2025-03-31T17:01:53.580+0700 [DEBUG] [org.gradle.process.internal.health.memory.DefaultMemoryManager] 2348528844 virtual memory requested, 0 released, 2103250944 free
2025-03-31T17:01:55.300+0700 [DEBUG] [org.gradle.cache.internal.DefaultFileLockManager] Waiting to acquire shared lock on daemon addresses registry.
2025-03-31T17:01:55.300+0700 [DEBUG] [org.gradle.cache.internal.DefaultFileLockManager] Lock acquired on daemon addresses registry.
2025-03-31T17:01:55.300+0700 [DEBUG] [org.gradle.cache.internal.DefaultFileLockManager] Releasing lock on daemon addresses registry.
2025-03-31T17:01:55.302+0700 [DEBUG] [org.gradle.cache.internal.DefaultFileLockManager] Waiting to acquire shared lock on daemon addresses registry.
2025-03-31T17:01:55.302+0700 [DEBUG] [org.gradle.cache.internal.DefaultFileLockManager] Lock acquired on daemon addresses registry.
2025-03-31T17:01:55.303+0700 [DEBUG] [org.gradle.cache.internal.DefaultFileLockManager] Releasing lock on daemon addresses registry.
2025-03-31T17:01:55.303+0700 [DEBUG] [org.gradle.cache.internal.DefaultFileLockManager] Waiting to acquire shared lock on daemon addresses registry.
2025-03-31T17:01:55.303+0700 [DEBUG] [org.gradle.cache.internal.DefaultFileLockManager] Lock acquired on daemon addresses registry.
2025-03-31T17:01:55.303+0700 [DEBUG] [org.gradle.cache.internal.DefaultFileLockManager] Releasing lock on daemon addresses registry.
2025-03-31T17:01:58.590+0700 [DEBUG] [org.gradle.process.internal.health.memory.DefaultMemoryManager] 2348528844 virtual memory requested, 1987772416 free
2025-03-31T17:01:58.590+0700 [DEBUG] [org.gradle.workers.internal.WorkerDaemonExpiration] Will attempt to release 2239 of memory
2025-03-31T17:01:58.590+0700 [DEBUG] [org.gradle.process.internal.health.memory.DefaultMemoryManager] 2348528844 virtual memory requested, 0 released, 1987772416 free
2025-03-31T17:02:03.589+0700 [DEBUG] [org.gradle.process.internal.health.memory.DefaultMemoryManager] 2348528844 virtual memory requested, 2171953152 free
2025-03-31T17:02:03.589+0700 [DEBUG] [org.gradle.workers.internal.WorkerDaemonExpiration] Will attempt to release 2239 of memory
2025-03-31T17:02:03.589+0700 [DEBUG] [org.gradle.process.internal.health.memory.DefaultMemoryManager] 2348528844 virtual memory requested, 0 released, 2171953152 free
2025-03-31T17:02:05.291+0700 [DEBUG] [org.gradle.cache.internal.DefaultFileLockManager] Waiting to acquire shared lock on daemon addresses registry.
2025-03-31T17:02:05.291+0700 [DEBUG] [org.gradle.cache.internal.DefaultFileLockManager] Lock acquired on daemon addresses registry.
2025-03-31T17:02:05.291+0700 [DEBUG] [org.gradle.cache.internal.DefaultFileLockManager] Releasing lock on daemon addresses registry.
2025-03-31T17:02:05.292+0700 [DEBUG] [org.gradle.cache.internal.DefaultFileLockManager] Waiting to acquire shared lock on daemon addresses registry.
2025-03-31T17:02:05.292+0700 [DEBUG] [org.gradle.cache.internal.DefaultFileLockManager] Lock acquired on daemon addresses registry.
2025-03-31T17:02:05.292+0700 [DEBUG] [org.gradle.cache.internal.DefaultFileLockManager] Releasing lock on daemon addresses registry.
2025-03-31T17:02:05.292+0700 [DEBUG] [org.gradle.cache.internal.DefaultFileLockManager] Waiting to acquire shared lock on daemon addresses registry.
2025-03-31T17:02:05.293+0700 [DEBUG] [org.gradle.cache.internal.DefaultFileLockManager] Lock acquired on daemon addresses registry.
2025-03-31T17:02:05.293+0700 [DEBUG] [org.gradle.cache.internal.DefaultFileLockManager] Releasing lock on daemon addresses registry.
2025-03-31T17:02:08.591+0700 [DEBUG] [org.gradle.process.internal.health.memory.DefaultMemoryManager] 2348528844 virtual memory requested, 2211385344 free
2025-03-31T17:02:08.591+0700 [DEBUG] [org.gradle.workers.internal.WorkerDaemonExpiration] Will attempt to release 2239 of memory
2025-03-31T17:02:08.591+0700 [DEBUG] [org.gradle.process.internal.health.memory.DefaultMemoryManager] 2348528844 virtual memory requested, 0 released, 2211385344 free
2025-03-31T17:02:13.589+0700 [DEBUG] [org.gradle.process.internal.health.memory.DefaultMemoryManager] 2348528844 virtual memory requested, 2206842880 free
2025-03-31T17:02:13.590+0700 [DEBUG] [org.gradle.workers.internal.WorkerDaemonExpiration] Will attempt to release 2239 of memory
2025-03-31T17:02:13.590+0700 [DEBUG] [org.gradle.process.internal.health.memory.DefaultMemoryManager] 2348528844 virtual memory requested, 0 released, 2206842880 free
2025-03-31T17:02:15.297+0700 [DEBUG] [org.gradle.cache.internal.DefaultFileLockManager] Waiting to acquire shared lock on daemon addresses registry.
2025-03-31T17:02:15.297+0700 [DEBUG] [org.gradle.cache.internal.DefaultFileLockManager] Lock acquired on daemon addresses registry.
2025-03-31T17:02:15.297+0700 [DEBUG] [org.gradle.cache.internal.DefaultFileLockManager] Releasing lock on daemon addresses registry.
2025-03-31T17:02:15.298+0700 [DEBUG] [org.gradle.cache.internal.DefaultFileLockManager] Waiting to acquire shared lock on daemon addresses registry.
2025-03-31T17:02:15.298+0700 [DEBUG] [org.gradle.cache.internal.DefaultFileLockManager] Lock acquired on daemon addresses registry.
2025-03-31T17:02:15.298+0700 [DEBUG] [org.gradle.cache.internal.DefaultFileLockManager] Releasing lock on daemon addresses registry.
2025-03-31T17:02:15.299+0700 [DEBUG] [org.gradle.cache.internal.DefaultFileLockManager] Waiting to acquire shared lock on daemon addresses registry.
2025-03-31T17:02:15.299+0700 [DEBUG] [org.gradle.cache.internal.DefaultFileLockManager] Lock acquired on daemon addresses registry.
2025-03-31T17:02:15.299+0700 [DEBUG] [org.gradle.cache.internal.DefaultFileLockManager] Releasing lock on daemon addresses registry.
2025-03-31T17:02:18.589+0700 [DEBUG] [org.gradle.process.internal.health.memory.DefaultMemoryManager] 2348528844 virtual memory requested, 2216349696 free
2025-03-31T17:02:18.589+0700 [DEBUG] [org.gradle.workers.internal.WorkerDaemonExpiration] Will attempt to release 2239 of memory
2025-03-31T17:02:18.589+0700 [DEBUG] [org.gradle.process.internal.health.memory.DefaultMemoryManager] 2348528844 virtual memory requested, 0 released, 2216349696 free
2025-03-31T17:02:23.586+0700 [DEBUG] [org.gradle.process.internal.health.memory.DefaultMemoryManager] 2348528844 virtual memory requested, 2245906432 free
2025-03-31T17:02:23.587+0700 [DEBUG] [org.gradle.workers.internal.WorkerDaemonExpiration] Will attempt to release 2239 of memory
2025-03-31T17:02:23.587+0700 [DEBUG] [org.gradle.process.internal.health.memory.DefaultMemoryManager] 2348528844 virtual memory requested, 0 released, 2245906432 free
2025-03-31T17:02:25.302+0700 [DEBUG] [org.gradle.cache.internal.DefaultFileLockManager] Waiting to acquire shared lock on daemon addresses registry.
2025-03-31T17:02:25.302+0700 [DEBUG] [org.gradle.cache.internal.DefaultFileLockManager] Lock acquired on daemon addresses registry.
2025-03-31T17:02:25.302+0700 [DEBUG] [org.gradle.cache.internal.DefaultFileLockManager] Releasing lock on daemon addresses registry.
2025-03-31T17:02:25.303+0700 [DEBUG] [org.gradle.cache.internal.DefaultFileLockManager] Waiting to acquire shared lock on daemon addresses registry.
2025-03-31T17:02:25.303+0700 [DEBUG] [org.gradle.cache.internal.DefaultFileLockManager] Lock acquired on daemon addresses registry.
2025-03-31T17:02:25.303+0700 [DEBUG] [org.gradle.cache.internal.DefaultFileLockManager] Releasing lock on daemon addresses registry.
2025-03-31T17:02:25.304+0700 [DEBUG] [org.gradle.cache.internal.DefaultFileLockManager] Waiting to acquire shared lock on daemon addresses registry.
2025-03-31T17:02:25.304+0700 [DEBUG] [org.gradle.cache.internal.DefaultFileLockManager] Lock acquired on daemon addresses registry.
2025-03-31T17:02:25.304+0700 [DEBUG] [org.gradle.cache.internal.DefaultFileLockManager] Releasing lock on daemon addresses registry.
2025-03-31T17:02:28.588+0700 [DEBUG] [org.gradle.process.internal.health.memory.DefaultMemoryManager] 2348528844 virtual memory requested, 2267107328 free
2025-03-31T17:02:28.588+0700 [DEBUG] [org.gradle.workers.internal.WorkerDaemonExpiration] Will attempt to release 2239 of memory
2025-03-31T17:02:28.588+0700 [DEBUG] [org.gradle.process.internal.health.memory.DefaultMemoryManager] 2348528844 virtual memory requested, 0 released, 2267107328 free
2025-03-31T17:02:33.590+0700 [DEBUG] [org.gradle.process.internal.health.memory.DefaultMemoryManager] 2348528844 virtual memory requested, 2264440832 free
2025-03-31T17:02:33.590+0700 [DEBUG] [org.gradle.workers.internal.WorkerDaemonExpiration] Will attempt to release 2239 of memory
2025-03-31T17:02:33.590+0700 [DEBUG] [org.gradle.process.internal.health.memory.DefaultMemoryManager] 2348528844 virtual memory requested, 0 released, 2264440832 free
2025-03-31T17:02:35.294+0700 [DEBUG] [org.gradle.cache.internal.DefaultFileLockManager] Waiting to acquire shared lock on daemon addresses registry.
2025-03-31T17:02:35.295+0700 [DEBUG] [org.gradle.cache.internal.DefaultFileLockManager] Lock acquired on daemon addresses registry.
2025-03-31T17:02:35.295+0700 [DEBUG] [org.gradle.cache.internal.DefaultFileLockManager] Releasing lock on daemon addresses registry.
2025-03-31T17:02:35.296+0700 [DEBUG] [org.gradle.cache.internal.DefaultFileLockManager] Waiting to acquire shared lock on daemon addresses registry.
2025-03-31T17:02:35.296+0700 [DEBUG] [org.gradle.cache.internal.DefaultFileLockManager] Lock acquired on daemon addresses registry.
2025-03-31T17:02:35.296+0700 [DEBUG] [org.gradle.cache.internal.DefaultFileLockManager] Releasing lock on daemon addresses registry.
2025-03-31T17:02:35.297+0700 [DEBUG] [org.gradle.cache.internal.DefaultFileLockManager] Waiting to acquire shared lock on daemon addresses registry.
2025-03-31T17:02:35.297+0700 [DEBUG] [org.gradle.cache.internal.DefaultFileLockManager] Lock acquired on daemon addresses registry.
2025-03-31T17:02:35.297+0700 [DEBUG] [org.gradle.cache.internal.DefaultFileLockManager] Releasing lock on daemon addresses registry.
2025-03-31T17:02:38.581+0700 [DEBUG] [org.gradle.process.internal.health.memory.DefaultMemoryManager] 2348528844 virtual memory requested, 2234810368 free
2025-03-31T17:02:38.581+0700 [DEBUG] [org.gradle.workers.internal.WorkerDaemonExpiration] Will attempt to release 2239 of memory
2025-03-31T17:02:38.581+0700 [DEBUG] [org.gradle.process.internal.health.memory.DefaultMemoryManager] 2348528844 virtual memory requested, 0 released, 2234810368 free
2025-03-31T17:02:43.581+0700 [DEBUG] [org.gradle.process.internal.health.memory.DefaultMemoryManager] 2348528844 virtual memory requested, 2272342016 free
2025-03-31T17:02:43.581+0700 [DEBUG] [org.gradle.workers.internal.WorkerDaemonExpiration] Will attempt to release 2239 of memory
2025-03-31T17:02:43.581+0700 [DEBUG] [org.gradle.process.internal.health.memory.DefaultMemoryManager] 2348528844 virtual memory requested, 0 released, 2272342016 free
2025-03-31T17:02:45.298+0700 [DEBUG] [org.gradle.cache.internal.DefaultFileLockManager] Waiting to acquire shared lock on daemon addresses registry.
2025-03-31T17:02:45.298+0700 [DEBUG] [org.gradle.cache.internal.DefaultFileLockManager] Lock acquired on daemon addresses registry.
2025-03-31T17:02:45.298+0700 [DEBUG] [org.gradle.cache.internal.DefaultFileLockManager] Releasing lock on daemon addresses registry.
2025-03-31T17:02:45.299+0700 [DEBUG] [org.gradle.cache.internal.DefaultFileLockManager] Waiting to acquire shared lock on daemon addresses registry.
2025-03-31T17:02:45.299+0700 [DEBUG] [org.gradle.cache.internal.DefaultFileLockManager] Lock acquired on daemon addresses registry.
2025-03-31T17:02:45.299+0700 [DEBUG] [org.gradle.cache.internal.DefaultFileLockManager] Releasing lock on daemon addresses registry.
2025-03-31T17:02:45.300+0700 [DEBUG] [org.gradle.cache.internal.DefaultFileLockManager] Waiting to acquire shared lock on daemon addresses registry.
2025-03-31T17:02:45.300+0700 [DEBUG] [org.gradle.cache.internal.DefaultFileLockManager] Lock acquired on daemon addresses registry.
2025-03-31T17:02:45.300+0700 [DEBUG] [org.gradle.cache.internal.DefaultFileLockManager] Releasing lock on daemon addresses registry.
2025-03-31T17:02:48.592+0700 [DEBUG] [org.gradle.process.internal.health.memory.DefaultMemoryManager] 2348528844 virtual memory requested, 2233597952 free
2025-03-31T17:02:48.592+0700 [DEBUG] [org.gradle.workers.internal.WorkerDaemonExpiration] Will attempt to release 2239 of memory
2025-03-31T17:02:48.592+0700 [DEBUG] [org.gradle.process.internal.health.memory.DefaultMemoryManager] 2348528844 virtual memory requested, 0 released, 2233597952 free
2025-03-31T17:02:49.311+0700 [DEBUG] [org.gradle.internal.watch.vfs.impl.WatchingVirtualFileSystem] Handling VFS change CREATED C:\Users\Administrator\AndroidStudioProjects\PrescriptionManagementApp\app\src\main\java\com\mad\prescriptionmanagementapp\ui\activity\MainActivity.java~
2025-03-31T17:02:49.313+0700 [DEBUG] [org.gradle.internal.watch.vfs.impl.WatchingVirtualFileSystem] Handling VFS change MODIFIED C:\Users\Administrator\AndroidStudioProjects\PrescriptionManagementApp\app\src\main\java\com\mad\prescriptionmanagementapp\ui\activity\MainActivity.java
2025-03-31T17:02:53.594+0700 [DEBUG] [org.gradle.process.internal.health.memory.DefaultMemoryManager] 2348528844 virtual memory requested, 2139889664 free
2025-03-31T17:02:53.595+0700 [DEBUG] [org.gradle.workers.internal.WorkerDaemonExpiration] Will attempt to release 2239 of memory
2025-03-31T17:02:53.595+0700 [DEBUG] [org.gradle.process.internal.health.memory.DefaultMemoryManager] 2348528844 virtual memory requested, 0 released, 2139889664 free
2025-03-31T17:02:55.300+0700 [DEBUG] [org.gradle.cache.internal.DefaultFileLockManager] Waiting to acquire shared lock on daemon addresses registry.
2025-03-31T17:02:55.300+0700 [DEBUG] [org.gradle.cache.internal.DefaultFileLockManager] Lock acquired on daemon addresses registry.
2025-03-31T17:02:55.301+0700 [DEBUG] [org.gradle.cache.internal.DefaultFileLockManager] Releasing lock on daemon addresses registry.
2025-03-31T17:02:55.301+0700 [DEBUG] [org.gradle.cache.internal.DefaultFileLockManager] Waiting to acquire shared lock on daemon addresses registry.
2025-03-31T17:02:55.301+0700 [DEBUG] [org.gradle.cache.internal.DefaultFileLockManager] Lock acquired on daemon addresses registry.
2025-03-31T17:02:55.302+0700 [DEBUG] [org.gradle.cache.internal.DefaultFileLockManager] Releasing lock on daemon addresses registry.
2025-03-31T17:02:55.302+0700 [DEBUG] [org.gradle.cache.internal.DefaultFileLockManager] Waiting to acquire shared lock on daemon addresses registry.
2025-03-31T17:02:55.302+0700 [DEBUG] [org.gradle.cache.internal.DefaultFileLockManager] Lock acquired on daemon addresses registry.
2025-03-31T17:02:55.303+0700 [DEBUG] [org.gradle.cache.internal.DefaultFileLockManager] Releasing lock on daemon addresses registry.
2025-03-31T17:02:58.594+0700 [DEBUG] [org.gradle.process.internal.health.memory.DefaultMemoryManager] 2348528844 virtual memory requested, 2115588096 free
2025-03-31T17:02:58.594+0700 [DEBUG] [org.gradle.workers.internal.WorkerDaemonExpiration] Will attempt to release 2239 of memory
2025-03-31T17:02:58.594+0700 [DEBUG] [org.gradle.process.internal.health.memory.DefaultMemoryManager] 2348528844 virtual memory requested, 0 released, 2115588096 free
2025-03-31T17:03:03.592+0700 [DEBUG] [org.gradle.process.internal.health.memory.DefaultMemoryManager] 2348528844 virtual memory requested, 2104557568 free
2025-03-31T17:03:03.592+0700 [DEBUG] [org.gradle.workers.internal.WorkerDaemonExpiration] Will attempt to release 2239 of memory
2025-03-31T17:03:03.592+0700 [DEBUG] [org.gradle.process.internal.health.memory.DefaultMemoryManager] 2348528844 virtual memory requested, 0 released, 2104557568 free
2025-03-31T17:03:05.296+0700 [DEBUG] [org.gradle.cache.internal.DefaultFileLockManager] Waiting to acquire shared lock on daemon addresses registry.
2025-03-31T17:03:05.296+0700 [DEBUG] [org.gradle.cache.internal.DefaultFileLockManager] Lock acquired on daemon addresses registry.
2025-03-31T17:03:05.296+0700 [DEBUG] [org.gradle.cache.internal.DefaultFileLockManager] Releasing lock on daemon addresses registry.
2025-03-31T17:03:05.297+0700 [DEBUG] [org.gradle.cache.internal.DefaultFileLockManager] Waiting to acquire shared lock on daemon addresses registry.
2025-03-31T17:03:05.297+0700 [DEBUG] [org.gradle.cache.internal.DefaultFileLockManager] Lock acquired on daemon addresses registry.
2025-03-31T17:03:05.298+0700 [DEBUG] [org.gradle.cache.internal.DefaultFileLockManager] Releasing lock on daemon addresses registry.
2025-03-31T17:03:05.298+0700 [DEBUG] [org.gradle.cache.internal.DefaultFileLockManager] Waiting to acquire shared lock on daemon addresses registry.
2025-03-31T17:03:05.298+0700 [DEBUG] [org.gradle.cache.internal.DefaultFileLockManager] Lock acquired on daemon addresses registry.
2025-03-31T17:03:05.299+0700 [DEBUG] [org.gradle.cache.internal.DefaultFileLockManager] Releasing lock on daemon addresses registry.
2025-03-31T17:03:08.594+0700 [DEBUG] [org.gradle.process.internal.health.memory.DefaultMemoryManager] 2348528844 virtual memory requested, 2139205632 free
2025-03-31T17:03:08.594+0700 [DEBUG] [org.gradle.workers.internal.WorkerDaemonExpiration] Will attempt to release 2239 of memory
2025-03-31T17:03:08.594+0700 [DEBUG] [org.gradle.process.internal.health.memory.DefaultMemoryManager] 2348528844 virtual memory requested, 0 released, 2139205632 free
2025-03-31T17:03:13.583+0700 [DEBUG] [org.gradle.process.internal.health.memory.DefaultMemoryManager] 2348528844 virtual memory requested, 2143399936 free
2025-03-31T17:03:13.583+0700 [DEBUG] [org.gradle.workers.internal.WorkerDaemonExpiration] Will attempt to release 2239 of memory
2025-03-31T17:03:13.583+0700 [DEBUG] [org.gradle.process.internal.health.memory.DefaultMemoryManager] 2348528844 virtual memory requested, 0 released, 2143399936 free
2025-03-31T17:03:15.303+0700 [DEBUG] [org.gradle.cache.internal.DefaultFileLockManager] Waiting to acquire shared lock on daemon addresses registry.
2025-03-31T17:03:15.303+0700 [DEBUG] [org.gradle.cache.internal.DefaultFileLockManager] Lock acquired on daemon addresses registry.
2025-03-31T17:03:15.303+0700 [DEBUG] [org.gradle.cache.internal.DefaultFileLockManager] Releasing lock on daemon addresses registry.
2025-03-31T17:03:15.304+0700 [DEBUG] [org.gradle.cache.internal.DefaultFileLockManager] Waiting to acquire shared lock on daemon addresses registry.
2025-03-31T17:03:15.304+0700 [DEBUG] [org.gradle.cache.internal.DefaultFileLockManager] Lock acquired on daemon addresses registry.
2025-03-31T17:03:15.304+0700 [DEBUG] [org.gradle.cache.internal.DefaultFileLockManager] Releasing lock on daemon addresses registry.
2025-03-31T17:03:15.305+0700 [DEBUG] [org.gradle.cache.internal.DefaultFileLockManager] Waiting to acquire shared lock on daemon addresses registry.
2025-03-31T17:03:15.305+0700 [DEBUG] [org.gradle.cache.internal.DefaultFileLockManager] Lock acquired on daemon addresses registry.
2025-03-31T17:03:15.305+0700 [DEBUG] [org.gradle.cache.internal.DefaultFileLockManager] Releasing lock on daemon addresses registry.
2025-03-31T17:03:15.904+0700 [DEBUG] [org.gradle.internal.remote.internal.inet.TcpIncomingConnector] Accepted connection from /127.0.0.1:49239 to /127.0.0.1:64498.
2025-03-31T17:03:15.909+0700 [DEBUG] [org.gradle.launcher.daemon.server.SynchronizedDispatchConnection] thread 1150: received class org.gradle.launcher.daemon.protocol.StopWhenIdle
2025-03-31T17:03:15.909+0700 [DEBUG] [org.gradle.launcher.daemon.server.DefaultDaemonConnection] thread 1150: Received non-IO message from client: StopWhenIdle[id=e82811f9-5431-448a-94dc-160b266e9155]
2025-03-31T17:03:15.909+0700 [INFO] [org.gradle.launcher.daemon.server.DefaultIncomingConnectionHandler] Received command: StopWhenIdle[id=e82811f9-5431-448a-94dc-160b266e9155].
2025-03-31T17:03:15.909+0700 [DEBUG] [org.gradle.launcher.daemon.server.DefaultIncomingConnectionHandler] Starting executing command: StopWhenIdle[id=e82811f9-5431-448a-94dc-160b266e9155] with connection: socket connection from /127.0.0.1:64498 to /127.0.0.1:49239.
2025-03-31T17:03:15.910+0700 [DEBUG] [org.gradle.launcher.daemon.server.DaemonRegistryUpdater] Storing daemon stop event: stop command received
2025-03-31T17:03:15.910+0700 [DEBUG] [org.gradle.launcher.daemon.registry.PersistentDaemonRegistry] Storing daemon stop event with timestamp 1743415395910
2025-03-31T17:03:15.911+0700 [DEBUG] [org.gradle.cache.internal.DefaultFileLockManager] Waiting to acquire exclusive lock on daemon addresses registry.
2025-03-31T17:03:15.912+0700 [DEBUG] [org.gradle.cache.internal.DefaultFileLockManager] Lock acquired on daemon addresses registry.
2025-03-31T17:03:15.913+0700 [DEBUG] [org.gradle.cache.internal.DefaultFileLockManager] Releasing lock on daemon addresses registry.
2025-03-31T17:03:15.914+0700 [LIFECYCLE] [org.gradle.launcher.daemon.server.DaemonStateCoordinator] Daemon will be stopped at the end of the build stop command received
2025-03-31T17:03:15.914+0700 [DEBUG] [org.gradle.launcher.daemon.server.DaemonStateCoordinator] Marking daemon stopped due to stop command received. The daemon is not running a build
2025-03-31T17:03:15.915+0700 [DEBUG] [org.gradle.launcher.daemon.server.DaemonStateCoordinator] daemon has stopped.
2025-03-31T17:03:15.915+0700 [DEBUG] [org.gradle.launcher.daemon.server.SynchronizedDispatchConnection] thread 1149: dispatching Success[value=null]
2025-03-31T17:03:15.915+0700 [DEBUG] [org.gradle.launcher.daemon.server.DefaultIncomingConnectionHandler] Finishing executing command: StopWhenIdle[id=e82811f9-5431-448a-94dc-160b266e9155]
2025-03-31T17:03:15.915+0700 [DEBUG] [org.gradle.launcher.daemon.server.SynchronizedDispatchConnection] thread 1150: received class org.gradle.launcher.daemon.protocol.Finished
2025-03-31T17:03:15.915+0700 [DEBUG] [org.gradle.launcher.daemon.server.DefaultDaemonConnection] thread 1150: Received non-IO message from client: org.gradle.launcher.daemon.protocol.Finished@66faa76e
2025-03-31T17:03:15.915+0700 [DEBUG] [org.gradle.launcher.daemon.server.Daemon] stop() called on daemon
2025-03-31T17:03:15.915+0700 [DEBUG] [org.gradle.launcher.daemon.server.DefaultIncomingConnectionHandler] Received finished message: org.gradle.launcher.daemon.protocol.Finished@66faa76e
2025-03-31T17:03:15.915+0700 [DEBUG] [org.gradle.internal.remote.internal.inet.TcpIncomingConnector] Accepted connection from /127.0.0.1:49241 to /127.0.0.1:64498.
2025-03-31T17:03:15.915+0700 [INFO] [org.gradle.launcher.daemon.server.Daemon] Stop requested. Daemon is removing its presence from the registry...
2025-03-31T17:03:15.915+0700 [DEBUG] [org.gradle.internal.remote.internal.inet.SocketConnection] Discarding EOFException: java.io.EOFException
2025-03-31T17:03:15.916+0700 [DEBUG] [org.gradle.launcher.daemon.server.SynchronizedDispatchConnection] thread 1150: received null
2025-03-31T17:03:15.916+0700 [DEBUG] [org.gradle.launcher.daemon.server.DefaultDaemonConnection] thread 1150: Received end-of-input from client.
2025-03-31T17:03:15.916+0700 [DEBUG] [org.gradle.launcher.daemon.server.DaemonRegistryUpdater] Removing our presence to clients, eg. removing this address from the registry: [11eea899-7ae8-42a8-afae-c7641c3f9d00 port:64498, addresses:[localhost/127.0.0.1]]
2025-03-31T17:03:15.915+0700 [DEBUG] [org.gradle.launcher.daemon.server.SynchronizedDispatchConnection] thread 1149: stopping connection
2025-03-31T17:03:15.916+0700 [DEBUG] [org.gradle.launcher.daemon.registry.PersistentDaemonRegistry] Removing daemon address: [11eea899-7ae8-42a8-afae-c7641c3f9d00 port:64498, addresses:[localhost/127.0.0.1]]
2025-03-31T17:03:15.917+0700 [DEBUG] [org.gradle.launcher.daemon.server.SynchronizedDispatchConnection] thread 1149: stopping connection
2025-03-31T17:03:15.918+0700 [DEBUG] [org.gradle.cache.internal.DefaultFileLockManager] Waiting to acquire exclusive lock on daemon addresses registry.
2025-03-31T17:03:15.919+0700 [DEBUG] [org.gradle.cache.internal.DefaultFileLockManager] Lock acquired on daemon addresses registry.
2025-03-31T17:03:15.919+0700 [DEBUG] [org.gradle.launcher.daemon.server.SynchronizedDispatchConnection] thread 1151: received class org.gradle.launcher.daemon.protocol.StopWhenIdle
2025-03-31T17:03:15.919+0700 [DEBUG] [org.gradle.launcher.daemon.server.DefaultDaemonConnection] thread 1151: Received non-IO message from client: StopWhenIdle[id=0d20ded4-1d64-4d92-9062-e0ae065d2d4d]
2025-03-31T17:03:15.919+0700 [INFO] [org.gradle.launcher.daemon.server.DefaultIncomingConnectionHandler] Received command: StopWhenIdle[id=0d20ded4-1d64-4d92-9062-e0ae065d2d4d].
2025-03-31T17:03:15.919+0700 [DEBUG] [org.gradle.launcher.daemon.server.DefaultIncomingConnectionHandler] Starting executing command: StopWhenIdle[id=0d20ded4-1d64-4d92-9062-e0ae065d2d4d] with connection: socket connection from /127.0.0.1:64498 to /127.0.0.1:49241.
2025-03-31T17:03:15.919+0700 [DEBUG] [org.gradle.launcher.daemon.server.DaemonRegistryUpdater] Storing daemon stop event: stop command received
2025-03-31T17:03:15.920+0700 [DEBUG] [org.gradle.cache.internal.DefaultFileLockManager] Releasing lock on daemon addresses registry.
2025-03-31T17:03:15.920+0700 [DEBUG] [org.gradle.launcher.daemon.registry.PersistentDaemonRegistry] Storing daemon stop event with timestamp 1743415395920
2025-03-31T17:03:15.920+0700 [DEBUG] [org.gradle.launcher.daemon.server.DaemonRegistryUpdater] Address removed from registry.
2025-03-31T17:03:15.921+0700 [DEBUG] [org.gradle.cache.internal.DefaultFileLockManager] Waiting to acquire exclusive lock on daemon addresses registry.
2025-03-31T17:03:15.921+0700 [DEBUG] [org.gradle.cache.internal.DefaultFileLockManager] Lock acquired on daemon addresses registry.
2025-03-31T17:03:15.922+0700 [DEBUG] [org.gradle.cache.internal.DefaultFileLockManager] Releasing lock on daemon addresses registry.
2025-03-31T17:03:15.923+0700 [DEBUG] [org.gradle.launcher.daemon.server.SynchronizedDispatchConnection] thread 1149: dispatching Success[value=null]
2025-03-31T17:03:15.923+0700 [DEBUG] [org.gradle.launcher.daemon.server.DefaultIncomingConnectionHandler] Finishing executing command: StopWhenIdle[id=0d20ded4-1d64-4d92-9062-e0ae065d2d4d]
2025-03-31T17:03:15.923+0700 [DEBUG] [org.gradle.launcher.daemon.server.SynchronizedDispatchConnection] thread 1151: received class org.gradle.launcher.daemon.protocol.Finished
2025-03-31T17:03:15.923+0700 [DEBUG] [org.gradle.launcher.daemon.server.DefaultDaemonConnection] thread 1151: Received non-IO message from client: org.gradle.launcher.daemon.protocol.Finished@5a6c9ef4
2025-03-31T17:03:15.923+0700 [DEBUG] [org.gradle.launcher.daemon.server.DefaultIncomingConnectionHandler] Received finished message: org.gradle.launcher.daemon.protocol.Finished@5a6c9ef4
2025-03-31T17:03:15.923+0700 [DEBUG] [org.gradle.launcher.daemon.server.SynchronizedDispatchConnection] thread 1149: stopping connection
2025-03-31T17:03:15.923+0700 [DEBUG] [org.gradle.internal.remote.internal.inet.SocketConnection] Discarding EOFException: java.io.EOFException
2025-03-31T17:03:15.923+0700 [DEBUG] [org.gradle.launcher.daemon.server.SynchronizedDispatchConnection] thread 1151: received null
2025-03-31T17:03:15.923+0700 [DEBUG] [org.gradle.launcher.daemon.server.DefaultDaemonConnection] thread 1151: Received end-of-input from client.
2025-03-31T17:03:15.924+0700 [DEBUG] [org.gradle.launcher.daemon.server.SynchronizedDispatchConnection] thread 1149: stopping connection
2025-03-31T17:03:15.929+0700 [DEBUG] [org.gradle.cache.internal.LockOnDemandCrossProcessCacheAccess] Releasing file lock for jars (C:\Users\Administrator\AndroidStudioProjects\PrescriptionManagementApp\caches\jars-9)
2025-03-31T17:03:15.929+0700 [DEBUG] [org.gradle.cache.internal.DefaultFileLockManager] Releasing lock on jars (C:\Users\Administrator\AndroidStudioProjects\PrescriptionManagementApp\caches\jars-9).
2025-03-31T17:03:15.929+0700 [DEBUG] [org.gradle.cache.internal.DefaultCacheCleanupExecutor] jars (C:\Users\Administrator\AndroidStudioProjects\PrescriptionManagementApp\caches\jars-9) has last been fully cleaned up 18 hours ago
2025-03-31T17:03:15.930+0700 [DEBUG] [org.gradle.cache.internal.DefaultCacheCleanupExecutor] Skipping cleanup for jars (C:\Users\Administrator\AndroidStudioProjects\PrescriptionManagementApp\caches\jars-9) as it is not yet due
2025-03-31T17:03:15.930+0700 [DEBUG] [org.gradle.cache.internal.LockOnDemandCrossProcessCacheAccess] Releasing file lock for file content cache (C:\Users\Administrator\AndroidStudioProjects\PrescriptionManagementApp\caches\8.10.2\fileContent)
2025-03-31T17:03:15.930+0700 [DEBUG] [org.gradle.cache.internal.DefaultFileLockManager] Releasing lock on file content cache (C:\Users\Administrator\AndroidStudioProjects\PrescriptionManagementApp\caches\8.10.2\fileContent).
2025-03-31T17:03:15.931+0700 [DEBUG] [org.gradle.internal.watch.vfs.impl.WatchingVirtualFileSystem] Closing VFS, dropping state
2025-03-31T17:03:15.932+0700 [DEBUG] [org.gradle.internal.watch.registry.impl.DefaultFileWatcherRegistry] Finished listening to file system change events
2025-03-31T17:03:15.932+0700 [DEBUG] [org.gradle.cache.internal.LockOnDemandCrossProcessCacheAccess] Releasing file lock for Generated Gradle JARs cache (C:\Users\Administrator\AndroidStudioProjects\PrescriptionManagementApp\caches\8.10.2\generated-gradle-jars)
2025-03-31T17:03:15.932+0700 [DEBUG] [org.gradle.cache.internal.DefaultFileLockManager] Releasing lock on Generated Gradle JARs cache (C:\Users\Administrator\AndroidStudioProjects\PrescriptionManagementApp\caches\8.10.2\generated-gradle-jars).
2025-03-31T17:03:15.932+0700 [DEBUG] [org.gradle.cache.internal.LockOnDemandCrossProcessCacheAccess] Releasing file lock for artifact cache (C:\Users\Administrator\AndroidStudioProjects\PrescriptionManagementApp\caches\modules-2)
2025-03-31T17:03:15.933+0700 [DEBUG] [org.gradle.cache.internal.btree.BTreePersistentIndexedCache] Closing cache module-artifact.bin (C:\Users\Administrator\AndroidStudioProjects\PrescriptionManagementApp\caches\modules-2\metadata-2.106\module-artifact.bin)
2025-03-31T17:03:15.933+0700 [DEBUG] [org.gradle.cache.internal.btree.BTreePersistentIndexedCache] Closing cache module-metadata.bin (C:\Users\Administrator\AndroidStudioProjects\PrescriptionManagementApp\caches\modules-2\metadata-2.106\module-metadata.bin)
2025-03-31T17:03:15.933+0700 [DEBUG] [org.gradle.cache.internal.btree.BTreePersistentIndexedCache] Closing cache module-artifacts.bin (C:\Users\Administrator\AndroidStudioProjects\PrescriptionManagementApp\caches\modules-2\metadata-2.106\module-artifacts.bin)
2025-03-31T17:03:15.933+0700 [DEBUG] [org.gradle.cache.internal.DefaultFileLockManager] Releasing lock on artifact cache (C:\Users\Administrator\AndroidStudioProjects\PrescriptionManagementApp\caches\modules-2).
2025-03-31T17:03:15.934+0700 [DEBUG] [org.gradle.cache.internal.DefaultCacheCleanupExecutor] artifact cache (C:\Users\Administrator\AndroidStudioProjects\PrescriptionManagementApp\caches\modules-2) has last been fully cleaned up 18 hours ago
2025-03-31T17:03:15.934+0700 [DEBUG] [org.gradle.cache.internal.DefaultCacheCleanupExecutor] Skipping cleanup for artifact cache (C:\Users\Administrator\AndroidStudioProjects\PrescriptionManagementApp\caches\modules-2) as it is not yet due
2025-03-31T17:03:15.934+0700 [DEBUG] [org.gradle.cache.internal.DefaultCacheCleanupExecutor] groovy-dsl (C:\Users\Administrator\AndroidStudioProjects\PrescriptionManagementApp\caches\8.10.2\groovy-dsl) has last been fully cleaned up 18 hours ago
2025-03-31T17:03:15.934+0700 [DEBUG] [org.gradle.cache.internal.DefaultCacheCleanupExecutor] Skipping cleanup for groovy-dsl (C:\Users\Administrator\AndroidStudioProjects\PrescriptionManagementApp\caches\8.10.2\groovy-dsl) as it is not yet due
2025-03-31T17:03:15.934+0700 [DEBUG] [org.gradle.cache.internal.DefaultCacheCoordinator] Cache groovy-dsl (C:\Users\Administrator\AndroidStudioProjects\PrescriptionManagementApp\caches\8.10.2\groovy-dsl) was closed 0 times.
2025-03-31T17:03:15.935+0700 [DEBUG] [org.gradle.cache.internal.DefaultCacheCleanupExecutor] Artifact transforms cache (C:\Users\Administrator\AndroidStudioProjects\PrescriptionManagementApp\caches\8.10.2\transforms) has last been fully cleaned up 18 hours ago
2025-03-31T17:03:15.935+0700 [DEBUG] [org.gradle.cache.internal.DefaultCacheCleanupExecutor] Skipping cleanup for Artifact transforms cache (C:\Users\Administrator\AndroidStudioProjects\PrescriptionManagementApp\caches\8.10.2\transforms) as it is not yet due
2025-03-31T17:03:15.935+0700 [DEBUG] [org.gradle.cache.internal.DefaultCacheCoordinator] Cache Artifact transforms cache (C:\Users\Administrator\AndroidStudioProjects\PrescriptionManagementApp\caches\8.10.2\transforms) was closed 0 times.
2025-03-31T17:03:15.935+0700 [DEBUG] [org.gradle.cache.internal.DefaultCacheCleanupExecutor] kotlin-dsl (C:\Users\Administrator\AndroidStudioProjects\PrescriptionManagementApp\caches\8.10.2\kotlin-dsl) has last been fully cleaned up 18 hours ago
2025-03-31T17:03:15.935+0700 [DEBUG] [org.gradle.cache.internal.DefaultCacheCleanupExecutor] Skipping cleanup for kotlin-dsl (C:\Users\Administrator\AndroidStudioProjects\PrescriptionManagementApp\caches\8.10.2\kotlin-dsl) as it is not yet due
2025-03-31T17:03:15.935+0700 [DEBUG] [org.gradle.cache.internal.DefaultCacheCoordinator] Cache kotlin-dsl (C:\Users\Administrator\AndroidStudioProjects\PrescriptionManagementApp\caches\8.10.2\kotlin-dsl) was closed 0 times.
2025-03-31T17:03:15.935+0700 [DEBUG] [org.gradle.cache.internal.LockOnDemandCrossProcessCacheAccess] Releasing file lock for journal cache (C:\Users\Administrator\AndroidStudioProjects\PrescriptionManagementApp\caches\journal-1)
2025-03-31T17:03:15.935+0700 [DEBUG] [org.gradle.cache.internal.btree.BTreePersistentIndexedCache] Closing cache file-access.bin (C:\Users\Administrator\AndroidStudioProjects\PrescriptionManagementApp\caches\journal-1\file-access.bin)
2025-03-31T17:03:15.936+0700 [DEBUG] [org.gradle.cache.internal.DefaultFileLockManager] Releasing lock on journal cache (C:\Users\Administrator\AndroidStudioProjects\PrescriptionManagementApp\caches\journal-1).
2025-03-31T17:03:15.936+0700 [DEBUG] [org.gradle.cache.internal.LockOnDemandCrossProcessCacheAccess] Releasing file lock for file hash cache (C:\Users\Administrator\AndroidStudioProjects\PrescriptionManagementApp\caches\8.10.2\fileHashes)
2025-03-31T17:03:15.936+0700 [DEBUG] [org.gradle.cache.internal.btree.BTreePersistentIndexedCache] Closing cache fileHashes.bin (C:\Users\Administrator\AndroidStudioProjects\PrescriptionManagementApp\caches\8.10.2\fileHashes\fileHashes.bin)
2025-03-31T17:03:15.937+0700 [DEBUG] [org.gradle.cache.internal.btree.BTreePersistentIndexedCache] Closing cache resourceHashesCache.bin (C:\Users\Administrator\AndroidStudioProjects\PrescriptionManagementApp\caches\8.10.2\fileHashes\resourceHashesCache.bin)
2025-03-31T17:03:15.937+0700 [DEBUG] [org.gradle.cache.internal.DefaultFileLockManager] Releasing lock on file hash cache (C:\Users\Administrator\AndroidStudioProjects\PrescriptionManagementApp\caches\8.10.2\fileHashes).
2025-03-31T17:03:15.938+0700 [DEBUG] [org.gradle.cache.internal.LockOnDemandCrossProcessCacheAccess] Releasing file lock for Java compile cache (C:\Users\Administrator\AndroidStudioProjects\PrescriptionManagementApp\caches\8.10.2\javaCompile)
2025-03-31T17:03:15.938+0700 [DEBUG] [org.gradle.cache.internal.btree.BTreePersistentIndexedCache] Closing cache jarAnalysis.bin (C:\Users\Administrator\AndroidStudioProjects\PrescriptionManagementApp\caches\8.10.2\javaCompile\jarAnalysis.bin)
2025-03-31T17:03:15.938+0700 [DEBUG] [org.gradle.cache.internal.btree.BTreePersistentIndexedCache] Closing cache classAnalysis.bin (C:\Users\Administrator\AndroidStudioProjects\PrescriptionManagementApp\caches\8.10.2\javaCompile\classAnalysis.bin)
2025-03-31T17:03:15.938+0700 [DEBUG] [org.gradle.cache.internal.DefaultFileLockManager] Releasing lock on Java compile cache (C:\Users\Administrator\AndroidStudioProjects\PrescriptionManagementApp\caches\8.10.2\javaCompile).
2025-03-31T17:03:15.940+0700 [DEBUG] [org.gradle.internal.operations.DefaultBuildOperationRunner] Build operation 'Deleting unused version-specific caches in C:\Users\Administrator\AndroidStudioProjects\PrescriptionManagementApp\caches' started
2025-03-31T17:03:15.941+0700 [DEBUG] [org.gradle.internal.operations.DefaultBuildOperationRunner] Completing Build operation 'Deleting unused version-specific caches in C:\Users\Administrator\AndroidStudioProjects\PrescriptionManagementApp\caches'
2025-03-31T17:03:15.941+0700 [DEBUG] [org.gradle.internal.operations.DefaultBuildOperationRunner] Build operation 'Deleting unused version-specific caches in C:\Users\Administrator\AndroidStudioProjects\PrescriptionManagementApp\caches' completed
2025-03-31T17:03:15.941+0700 [DEBUG] [org.gradle.launcher.daemon.server.Daemon] stop() called on daemon
2025-03-31T17:03:15.941+0700 [INFO] [org.gradle.launcher.daemon.server.Daemon] Stop requested. Daemon is removing its presence from the registry...
2025-03-31T17:03:15.941+0700 [DEBUG] [org.gradle.launcher.daemon.server.DaemonRegistryUpdater] Removing our presence to clients, eg. removing this address from the registry: [11eea899-7ae8-42a8-afae-c7641c3f9d00 port:64498, addresses:[localhost/127.0.0.1]]
2025-03-31T17:03:15.941+0700 [DEBUG] [org.gradle.launcher.daemon.registry.PersistentDaemonRegistry] Removing daemon address: [11eea899-7ae8-42a8-afae-c7641c3f9d00 port:64498, addresses:[localhost/127.0.0.1]]
2025-03-31T17:03:15.944+0700 [DEBUG] [org.gradle.cache.internal.DefaultFileLockManager] Waiting to acquire exclusive lock on daemon addresses registry.
2025-03-31T17:03:15.944+0700 [DEBUG] [org.gradle.cache.internal.DefaultFileLockManager] Lock acquired on daemon addresses registry.
2025-03-31T17:03:15.945+0700 [DEBUG] [org.gradle.cache.internal.DefaultFileLockManager] Releasing lock on daemon addresses registry.
2025-03-31T17:03:15.946+0700 [DEBUG] [org.gradle.launcher.daemon.server.DaemonRegistryUpdater] Address removed from registry.
2025-03-31T17:03:15.952+0700 [DEBUG] [org.gradle.cache.internal.locklistener.DefaultFileLockContentionHandler] File lock listener thread completed.
2025-03-31T17:03:15.953+0700 [DEBUG] [java.lang.Runtime] Runtime.exit() called with status: 0
java.lang.Throwable: Runtime.exit(0)
	at java.base/java.lang.Shutdown.logRuntimeExit(Unknown Source)
	at java.base/java.lang.Shutdown.exit(Unknown Source)
	at java.base/java.lang.Runtime.exit(Unknown Source)
	at java.base/java.lang.System.exit(Unknown Source)
	at org.gradle.launcher.bootstrap.ProcessCompleter.complete(ProcessCompleter.java:21)
	at org.gradle.launcher.bootstrap.EntryPoint.run(EntryPoint.java:61)
	at java.base/jdk.internal.reflect.DirectMethodHandleAccessor.invoke(Unknown Source)
	at java.base/java.lang.reflect.Method.invoke(Unknown Source)
	at org.gradle.launcher.bootstrap.ProcessBootstrap.runNoExit(ProcessBootstrap.java:72)
	at org.gradle.launcher.bootstrap.ProcessBootstrap.run(ProcessBootstrap.java:39)
	at org.gradle.launcher.daemon.bootstrap.GradleDaemon.main(GradleDaemon.java:22)
Daemon vm is shutting down... The daemon has exited normally or was terminated in response to a user interrupt.
2025-03-31T17:03:15.954+0700 [DEBUG] [org.gradle.launcher.daemon.registry.PersistentDaemonRegistry] Removing daemon address: [11eea899-7ae8-42a8-afae-c7641c3f9d00 port:64498, addresses:[localhost/127.0.0.1]]
2025-03-31T17:03:15.954+0700 [DEBUG] [org.gradle.launcher.daemon.server.Daemon] VM shutdown hook was unable to remove the daemon address from the registry. It will be cleaned up later.
java.lang.IllegalStateException: Cannot start managing file contention because this handler has been closed.
	at org.gradle.cache.internal.locklistener.DefaultFileLockContentionHandler.assertNotStopped(DefaultFileLockContentionHandler.java:217)
	at org.gradle.cache.internal.locklistener.DefaultFileLockContentionHandler.getCommunicator(DefaultFileLockContentionHandler.java:260)
	at org.gradle.cache.internal.locklistener.DefaultFileLockContentionHandler.reservePort(DefaultFileLockContentionHandler.java:254)
	at org.gradle.cache.internal.DefaultFileLockManager.lock(DefaultFileLockManager.java:124)
	at org.gradle.cache.internal.DefaultFileLockManager.lock(DefaultFileLockManager.java:106)
	at org.gradle.cache.internal.DefaultFileLockManager.lock(DefaultFileLockManager.java:101)
	at org.gradle.cache.internal.OnDemandFileAccess.updateFile(OnDemandFileAccess.java:51)
	at org.gradle.cache.internal.FileBackedObjectHolder.update(FileBackedObjectHolder.java:77)
	at org.gradle.cache.internal.FileIntegrityViolationSuppressingObjectHolderDecorator.lambda$update$0(FileIntegrityViolationSuppressingObjectHolderDecorator.java:48)
	at org.gradle.cache.internal.FileIntegrityViolationSuppressingObjectHolderDecorator.doUpdate(FileIntegrityViolationSuppressingObjectHolderDecorator.java:58)
	at org.gradle.cache.internal.FileIntegrityViolationSuppressingObjectHolderDecorator.update(FileIntegrityViolationSuppressingObjectHolderDecorator.java:48)
	at org.gradle.launcher.daemon.registry.PersistentDaemonRegistry.remove(PersistentDaemonRegistry.java:133)
	at org.gradle.launcher.daemon.server.Daemon$1.run(Daemon.java:133)
	at java.base/java.lang.Thread.run(Unknown Source)
